label,k,k_q,delta,delta_q,form,queries,tried,ns_per_query,probes_per_query,ns_per_answer_edge,mean_C,p50_C,p95_C,max_C,distinct_C,n_k,n_ws,edges_emitted,m
BTCA,1,0.040,3891600,0.125,members,3020,3020,7094.7,35.56,0.4284,16561.8,16700,16700,16700,22,16863,1077,50016549,16863
BTCA,1,0.040,3891600,0.125,size,50000,50000,180.7,35.69,0.0000,16549.7,16700,16700,16700,115,16863,1077,0,16863
BTCA,1,0.040,3891600,0.125,delta_star,50000,50000,129.7,21.33,0.0000,3214.4,259,15733,16858,0,16863,1077,0,16863
BTCA,1,0.040,7776000,0.250,members,2988,2988,7117.4,35.63,0.4252,16738.2,16800,16800,16800,10,16863,1077,50013614,16863
BTCA,1,0.040,7776000,0.250,size,50000,50000,175.1,35.66,0.0000,16742.9,16800,16800,16800,45,16863,1077,0,16863
BTCA,1,0.040,7776000,0.250,delta_star,50000,50000,129.9,21.28,0.0000,3238.2,259,15762,16858,0,16863,1077,0,16863
BTCA,1,0.040,11750400,0.375,members,2980,2980,7159.5,35.63,0.4267,16779.8,16825,16825,16825,7,16863,1077,50003922,16863
BTCA,1,0.040,11750400,0.375,size,50000,50000,172.0,35.66,0.0000,16785.0,16825,16825,16825,26,16863,1077,0,16863
BTCA,1,0.040,11750400,0.375,delta_star,50000,50000,130.2,21.35,0.0000,3232.9,260,15776,16858,0,16863,1077,0,16863
BTCA,1,0.040,16326000,0.500,members,2972,2972,7189.9,35.38,0.4273,16825.0,16842,16842,16842,4,16863,1077,50003902,16863
BTCA,1,0.040,16326000,0.500,size,50000,50000,171.4,35.86,0.0000,16819.1,16842,16842,16842,18,16863,1077,0,16863
BTCA,1,0.040,16326000,0.500,delta_star,50000,50000,130.1,21.35,0.0000,3199.0,253,15741,16857,0,16863,1077,0,16863
BTCA,1,0.040,21603600,0.625,members,2971,2971,7186.9,35.90,0.4270,16830.0,16847,16847,16847,4,16863,1077,50001900,16863
BTCA,1,0.040,21603600,0.625,size,50000,50000,167.4,35.98,0.0000,16831.8,16847,16847,16847,14,16863,1077,0,16863
BTCA,1,0.040,21603600,0.625,delta_star,50000,50000,130.6,21.37,0.0000,3220.5,256,15734,16858,0,16863,1077,0,16863
BTCA,1,0.040,31449600,0.750,members,2969,2969,7135.1,35.49,0.4236,16843.3,16849,16849,16849,2,16863,1077,50007833,16863
BTCA,1,0.040,31449600,0.750,size,50000,50000,168.4,35.71,0.0000,16835.9,16849,16849,16849,13,16863,1077,0,16863
BTCA,1,0.040,31449600,0.750,delta_star,50000,50000,130.0,21.29,0.0000,3215.0,260,15751,16858,0,16863,1077,0,16863
BTCA,1,0.040,45795600,0.875,members,2968,2968,7134.9,35.76,0.4234,16852.0,16852,16852,16852,1,16863,1077,50016736,16863
BTCA,1,0.040,45795600,0.875,size,50000,50000,167.9,35.77,0.0000,16842.9,16852,16852,16852,11,16863,1077,0,16863
BTCA,1,0.040,45795600,0.875,delta_star,50000,50000,128.5,21.32,0.0000,3194.8,254,15716,16858,0,16863,1077,0,16863
BTCA,1,0.040,108522000,1.000,members,2967,2967,7173.2,36.45,0.4257,16852.3,16858,16858,16858,2,16863,1077,50000830,16863
BTCA,1,0.040,108522000,1.000,size,50000,50000,156.1,36.21,0.0000,16850.6,16858,16858,16858,5,16863,1077,0,16863
BTCA,1,0.040,108522000,1.000,delta_star,50000,50000,130.0,21.27,0.0000,3223.8,256,15741,16858,0,16863,1077,0,16863
BTCA,6,0.240,7257600,0.125,members,8501,15286,2714.8,40.68,0.4616,5882.0,5882,5882,5882,1,10763,1263,50002882,16863
BTCA,6,0.240,7257600,0.125,size,27385,50000,254.7,41.09,0.0000,5882.0,5882,5882,5882,1,10763,1263,0,16863
BTCA,6,0.240,7257600,0.125,delta_star,50000,50000,86.4,15.44,0.0000,5070.2,5341,10218,10763,0,10763,1263,0,16863
BTCA,6,0.240,11836800,0.250,members,6613,9289,3375.6,34.46,0.4464,7561.0,7561,7561,7561,1,10763,1263,50000893,16863
BTCA,6,0.240,11836800,0.250,size,35087,50000,216.1,34.78,0.0000,7561.0,7561,7561,7561,1,10763,1263,0,16863
BTCA,6,0.240,11836800,0.250,delta_star,50000,50000,86.5,15.43,0.0000,5066.6,5372,10216,10763,0,10763,1263,0,16863
BTCA,6,0.240,16758000,0.375,members,5918,7451,3721.7,32.36,0.4404,8450.0,8450,8450,8450,1,10763,1263,50007100,16863
BTCA,6,0.240,16758000,0.375,size,39217,50000,201.0,32.57,0.0000,8450.0,8450,8450,8450,1,10763,1263,0,16863
BTCA,6,0.240,16758000,0.375,delta_star,50000,50000,86.8,15.45,0.0000,5078.8,5352,10232,10763,0,10763,1263,0,16863
BTCA,6,0.240,22028400,0.500,members,5475,6454,3998.4,31.07,0.4377,9134.0,9134,9134,9134,1,10763,1263,50008650,16863
BTCA,6,0.240,22028400,0.500,size,42354,50000,193.8,31.00,0.0000,9134.0,9134,9134,9134,1,10763,1263,0,16863
BTCA,6,0.240,22028400,0.500,delta_star,50000,50000,88.6,15.42,0.0000,5086.2,5370,10228,10763,0,10763,1263,0,16863
BTCA,6,0.240,29635200,0.625,members,5134,5662,4358.3,29.77,0.4475,9739.0,9739,9739,9739,1,10763,1263,50000026,16863
BTCA,6,0.240,29635200,0.625,size,45172,50000,185.4,29.80,0.0000,9739.0,9739,9739,9739,1,10763,1263,0,16863
BTCA,6,0.240,29635200,0.625,delta_star,50000,50000,89.3,15.43,0.0000,5074.7,5363,10221,10763,0,10763,1263,0,16863
BTCA,6,0.240,41641200,0.750,members,4905,5154,4560.0,28.91,0.4473,10195.0,10195,10195,10195,1,10763,1263,50006475,16863
BTCA,6,0.240,41641200,0.750,size,47364,50000,173.1,28.89,0.0000,10195.0,10195,10195,10195,1,10763,1263,0,16863
BTCA,6,0.240,41641200,0.750,delta_star,50000,50000,88.9,15.41,0.0000,5091.6,5382,10231,10763,0,10763,1263,0,16863
BTCA,6,0.240,56160000,0.875,members,4768,4885,4673.5,28.41,0.4456,10487.0,10487,10487,10487,1,10763,1263,50002016,16863
BTCA,6,0.240,56160000,0.875,size,48715,50000,163.2,28.39,0.0000,10487.0,10487,10487,10487,1,10763,1263,0,16863
BTCA,6,0.240,56160000,0.875,delta_star,50000,50000,89.4,15.43,0.0000,5065.0,5349,10218,10763,0,10763,1263,0,16863
BTCA,6,0.240,144550800,1.000,members,4646,4646,4743.6,28.22,0.4407,10763.0,10763,10763,10763,1,10763,1263,50004898,16863
BTCA,6,0.240,144550800,1.000,size,50000,50000,121.7,28.26,0.0000,10763.0,10763,10763,10763,1,10763,1263,0,16863
BTCA,6,0.240,144550800,1.000,delta_star,50000,50000,88.7,15.40,0.0000,5095.0,5368,10221,10763,0,10763,1263,0,16863
BTCA,13,0.520,18752400,0.125,members,12812,50000,1070.9,62.77,0.6995,1531.0,1531,1531,1531,1,6003,686,19615172,16863
BTCA,13,0.520,18752400,0.125,size,12631,50000,417.9,63.46,0.0000,1531.0,1531,1531,1531,1,6003,686,0,16863
BTCA,13,0.520,18752400,0.125,delta_star,50000,50000,84.1,13.98,0.0000,3011.0,3017,5710,6003,0,6003,686,0,16863
BTCA,13,0.520,22636800,0.250,members,16701,33287,1534.5,38.35,0.5125,2994.0,2994,2994,2994,1,6003,686,50002794,16863
BTCA,13,0.520,22636800,0.250,size,24929,50000,267.6,38.52,0.0000,2994.0,2994,2994,2994,1,6003,686,0,16863
BTCA,13,0.520,22636800,0.250,delta_star,50000,50000,80.7,13.97,0.0000,3005.8,3003,5701,6003,0,6003,686,0,16863
BTCA,13,0.520,27133200,0.375,members,13547,22085,1789.2,33.64,0.4847,3691.0,3691,3691,3691,1,6003,686,50001977,16863
BTCA,13,0.520,27133200,0.375,size,30840,50000,226.0,33.52,0.0000,3691.0,3691,3691,3691,1,6003,686,0,16863
BTCA,13,0.520,27133200,0.375,delta_star,50000,50000,81.1,13.97,0.0000,2992.2,2991,5693,6003,0,6003,686,0,16863
BTCA,13,0.520,34300800,0.500,members,12057,17379,1941.3,31.14,0.4681,4147.0,4147,4147,4147,1,6003,686,50000379,16863
BTCA,13,0.520,34300800,0.500,size,34483,50000,210.8,31.26,0.0000,4147.0,4147,4147,4147,1,6003,686,0,16863
BTCA,13,0.520,34300800,0.500,delta_star,50000,50000,80.9,13.99,0.0000,2993.6,2990,5699,6003,0,6003,686,0,16863
BTCA,13,0.520,41036400,0.625,members,11085,14788,2077.5,29.68,0.4605,4511.0,4511,4511,4511,1,6003,686,50004435,16863
BTCA,13,0.520,41036400,0.625,size,37528,50000,197.7,29.66,0.0000,4511.0,4511,4511,4511,1,6003,686,0,16863
BTCA,13,0.520,41036400,0.625,delta_star,50000,50000,81.1,13.98,0.0000,3007.9,3013,5707,6003,0,6003,686,0,16863
BTCA,13,0.520,50634000,0.750,members,10297,12663,2213.1,28.28,0.4557,4856.0,4856,4856,4856,1,6003,686,50002232,16863
BTCA,13,0.520,50634000,0.750,size,40581,50000,185.8,28.30,0.0000,4856.0,4856,4856,4856,1,6003,686,0,16863
BTCA,13,0.520,50634000,0.750,delta_star,50000,50000,81.4,14.00,0.0000,3003.9,3001,5714,6003,0,6003,686,0,16863
BTCA,13,0.520,64540800,0.875,members,9110,9933,2456.6,26.27,0.4476,5489.0,5489,5489,5489,1,6003,686,50004790,16863
BTCA,13,0.520,64540800,0.875,size,45700,50000,164.1,26.32,0.0000,5489.0,5489,5489,5489,1,6003,686,0,16863
BTCA,13,0.520,64540800,0.875,delta_star,50000,50000,80.0,13.99,0.0000,3006.2,3009,5702,6003,0,6003,686,0,16863
BTCA,13,0.520,149562000,1.000,members,8330,8330,2600.7,25.26,0.4332,6003.0,6003,6003,6003,1,6003,686,50004990,16863
BTCA,13,0.520,149562000,1.000,size,50000,50000,105.3,25.29,0.0000,6003.0,6003,6003,6003,1,6003,686,0,16863
BTCA,13,0.520,149562000,1.000,delta_star,50000,50000,81.3,13.99,0.0000,3005.0,2997,5703,6003,0,6003,686,0,16863
BTCA,19,0.760,38703600,0.125,members,17852,50000,842.7,46.00,0.6356,1326.0,1326,1326,1326,1,3728,282,23671752,16863
BTCA,19,0.760,38703600,0.125,size,17710,50000,298.7,46.27,0.0000,1326.0,1326,1326,1326,1,3728,282,0,16863
BTCA,19,0.760,38703600,0.125,delta_star,50000,50000,73.9,13.42,0.0000,1854.8,1850,3540,3728,0,3728,282,0,16863
BTCA,19,0.760,42764400,0.250,members,22634,50000,958.4,38.85,0.5684,1686.0,1686,1686,1686,1,3728,282,38160924,16863
BTCA,19,0.760,42764400,0.250,size,22799,50000,254.6,38.66,0.0000,1686.0,1686,1686,1686,1,3728,282,0,16863
BTCA,19,0.760,42764400,0.250,delta_star,50000,50000,73.5,13.39,0.0000,1864.5,1871,3544,3728,0,3728,282,0,16863
BTCA,19,0.760,45788400,0.375,members,24379,44458,1064.7,34.16,0.5191,2051.0,2051,2051,2051,1,3728,282,50001329,16863
BTCA,19,0.760,45788400,0.375,size,27507,50000,217.3,34.08,0.0000,2051.0,2051,2051,2051,1,3728,282,0,16863
BTCA,19,0.760,45788400,0.375,delta_star,50000,50000,74.1,13.41,0.0000,1864.0,1863,3538,3728,0,3728,282,0,16863
BTCA,19,0.760,48992400,0.500,members,17637,23209,1356.5,27.81,0.4785,2835.0,2835,2835,2835,1,3728,282,50000895,16863
BTCA,19,0.760,48992400,0.500,size,38147,50000,177.1,27.74,0.0000,2835.0,2835,2835,2835,1,3728,282,0,16863
BTCA,19,0.760,48992400,0.500,delta_star,50000,50000,73.5,13.40,0.0000,1856.3,1851,3541,3728,0,3728,282,0,16863
BTCA,19,0.760,54259200,0.625,members,16904,21431,1404.6,27.17,0.4748,2958.0,2958,2958,2958,1,3728,282,50002032,16863
BTCA,19,0.760,54259200,0.625,size,39798,50000,171.7,27.03,0.0000,2958.0,2958,2958,2958,1,3728,282,0,16863
BTCA,19,0.760,54259200,0.625,delta_star,50000,50000,73.8,13.43,0.0000,1862.3,1863,3542,3728,0,3728,282,0,16863
BTCA,19,0.760,61344000,0.750,members,16324,19851,1436.0,26.49,0.4688,3063.0,3063,3063,3063,1,3728,282,50000412,16863
BTCA,19,0.760,61344000,0.750,size,41004,50000,168.7,26.52,0.0000,3063.0,3063,3063,3063,1,3728,282,0,16863
BTCA,19,0.760,61344000,0.750,delta_star,50000,50000,71.7,13.46,0.0000,1872.4,1875,3543,3728,0,3728,282,0,16863
BTCA,19,0.760,73695600,0.875,members,14561,15739,1576.7,24.69,0.4592,3434.0,3434,3434,3434,1,3728,282,50002474,16863
BTCA,19,0.760,73695600,0.875,size,46018,50000,147.5,24.77,0.0000,3434.0,3434,3434,3434,1,3728,282,0,16863
BTCA,19,0.760,73695600,0.875,delta_star,50000,50000,74.1,13.40,0.0000,1861.1,1855,3545,3728,0,3728,282,0,16863
BTCA,19,0.760,121651200,1.000,members,13413,13413,1655.7,23.81,0.4441,3728.0,3728,3728,3728,1,3728,282,50003664,16863
BTCA,19,0.760,121651200,1.000,size,50000,50000,96.3,23.81,0.0000,3728.0,3728,3728,3728,1,3728,282,0,16863
BTCA,19,0.760,121651200,1.000,delta_star,50000,50000,73.8,13.41,0.0000,1868.3,1872,3542,3728,0,3728,282,0,16863
BTCA,25,1.000,80953200,0.125,members,33135,36486,753.6,22.57,0.4994,1509.0,1509,1509,1509,1,1663,14,50000715,16863
BTCA,25,1.000,80953200,0.125,size,45412,50000,128.0,22.58,0.0000,1509.0,1509,1509,1509,1,1663,14,0,16863
BTCA,25,1.000,80953200,0.125,delta_star,50000,50000,69.1,13.01,0.0000,832.4,828,1579,1663,0,1663,14,0,16863
BTCA,25,1.000,81046800,0.250,members,32595,35353,771.9,22.29,0.5032,1534.0,1534,1534,1534,1,1663,14,50000730,16863
BTCA,25,1.000,81046800,0.250,size,46147,50000,122.0,22.29,0.0000,1534.0,1534,1534,1534,1,1663,14,0,16863
BTCA,25,1.000,81046800,0.250,delta_star,50000,50000,69.4,12.97,0.0000,830.7,831,1580,1663,0,1663,14,0,16863
BTCA,25,1.000,85626000,0.375,members,32553,35147,770.5,22.27,0.5016,1536.0,1536,1536,1536,1,1663,14,50001408,16863
BTCA,25,1.000,85626000,0.375,size,46183,50000,125.8,22.30,0.0000,1536.0,1536,1536,1536,1,1663,14,0,16863
BTCA,25,1.000,85626000,0.375,delta_star,50000,50000,69.5,12.97,0.0000,831.5,827,1580,1663,0,1663,14,0,16863
BTCA,25,1.000,89078400,0.500,members,32011,34086,782.0,22.01,0.5006,1562.0,1562,1562,1562,1,1663,14,50001182,16863
BTCA,25,1.000,89078400,0.500,size,47010,50000,122.5,21.99,0.0000,1562.0,1562,1562,1562,1,1663,14,0,16863
BTCA,25,1.000,89078400,0.500,delta_star,50000,50000,69.6,12.98,0.0000,831.3,827,1580,1663,0,1663,14,0,16863
BTCA,25,1.000,91411200,0.625,members,31990,34042,774.1,21.96,0.4953,1563.0,1563,1563,1563,1,1663,14,50000370,16863
BTCA,25,1.000,91411200,0.625,size,46958,50000,120.7,21.97,0.0000,1563.0,1563,1563,1563,1,1663,14,0,16863
BTCA,25,1.000,91411200,0.625,delta_star,50000,50000,67.9,13.05,0.0000,831.4,829,1579,1663,0,1663,14,0,16863
BTCA,25,1.000,93398400,0.750,members,31949,34016,787.5,22.05,0.5032,1565.0,1565,1565,1565,1,1663,14,50000185,16863
BTCA,25,1.000,93398400,0.750,size,47043,50000,122.1,22.03,0.0000,1565.0,1565,1565,1565,1,1663,14,0,16863
BTCA,25,1.000,93398400,0.750,delta_star,50000,50000,70.4,12.99,0.0000,834.5,834,1581,1663,0,1663,14,0,16863
BTCA,25,1.000,104886000,0.875,members,30103,30145,792.5,20.95,0.4771,1661.0,1661,1661,1661,1,1663,14,50001083,16863
BTCA,25,1.000,104886000,0.875,size,49933,50000,87.5,20.95,0.0000,1661.0,1661,1661,1661,1,1663,14,0,16863
BTCA,25,1.000,104886000,0.875,delta_star,50000,50000,67.8,12.94,0.0000,832.5,829,1580,1663,0,1663,14,0,16863
BTCA,25,1.000,125020800,1.000,members,30067,30067,784.7,21.53,0.4719,1663.0,1663,1663,1663,1,1663,14,50001421,16863
BTCA,25,1.000,125020800,1.000,size,50000,50000,82.7,21.53,0.0000,1663.0,1663,1663,1663,1,1663,14,0,16863
BTCA,25,1.000,125020800,1.000,delta_star,50000,50000,68.1,13.02,0.0000,827.3,823,1578,1663,0,1663,14,0,16863
ASTOPO,1,0.007,4815,0.125,members,425,425,49129.8,39.98,0.4168,117863.9,134283,134283,134283,48,154841,35587,50092146,154841
ASTOPO,1,0.007,4815,0.125,size,50000,50000,341.7,39.57,0.0000,116467.4,134283,134283,134283,3247,154841,35587,0,154841
ASTOPO,1,0.007,4815,0.125,delta_star,50000,50000,177.0,21.81,0.0000,23792.2,2588,138674,154836,0,154841,35587,0,154841
ASTOPO,1,0.007,11740,0.250,members,414,414,49938.4,39.73,0.4131,120897.2,137760,137760,137760,36,154841,35587,50051421,154841
ASTOPO,1,0.007,11740,0.250,size,50000,50000,305.2,40.32,0.0000,122627.7,137760,137760,137760,2100,154841,35587,0,154841
ASTOPO,1,0.007,11740,0.250,delta_star,50000,50000,177.8,21.86,0.0000,23436.3,2479,138247,154836,0,154841,35587,0,154841
ASTOPO,1,0.007,23158,0.375,members,351,351,58894.4,41.36,0.4127,142691.6,147308,147308,147308,12,154841,35587,50084757,154841
ASTOPO,1,0.007,23158,0.375,size,50000,50000,313.8,41.57,0.0000,140199.2,147308,147308,147308,1509,154841,35587,0,154841
ASTOPO,1,0.007,23158,0.375,delta_star,50000,50000,182.5,21.81,0.0000,23560.5,2596,138452,154838,0,154841,35587,0,154841
ASTOPO,1,0.007,41410,0.500,members,341,341,61738.8,40.93,0.4209,146692.5,150669,150669,150669,10,154841,35587,50022132,154841
ASTOPO,1,0.007,41410,0.500,size,50000,50000,331.4,41.54,0.0000,146718.5,150669,150669,150669,962,154841,35587,0,154841
ASTOPO,1,0.007,41410,0.500,delta_star,50000,50000,180.6,21.80,0.0000,23623.9,2582,138253,154837,0,154841,35587,0,154841
ASTOPO,1,0.007,76720,0.625,members,338,338,61005.7,41.80,0.4112,148355.7,151952,151952,151952,8,154841,35587,50144222,154841
ASTOPO,1,0.007,76720,0.625,size,50000,50000,306.5,41.77,0.0000,149156.1,151952,151952,151952,667,154841,35587,0,154841
ASTOPO,1,0.007,76720,0.625,delta_star,50000,50000,180.6,21.77,0.0000,23462.6,2571,138634,154840,0,154841,35587,0,154841
ASTOPO,1,0.007,172783,0.750,members,332,332,62147.9,41.44,0.4116,150986.4,153295,153295,153295,6,154841,35587,50127471,154841
ASTOPO,1,0.007,172783,0.750,size,50000,50000,333.5,41.91,0.0000,151786.6,153295,153295,153295,361,154841,35587,0,154841
ASTOPO,1,0.007,172783,0.750,delta_star,50000,50000,179.2,21.79,0.0000,23608.1,2592,138613,154840,0,154841,35587,0,154841
ASTOPO,1,0.007,531183,0.875,members,327,327,63404.9,42.15,0.4134,153364.2,154308,154308,154308,3,154841,35587,50150103,154841
ASTOPO,1,0.007,531183,0.875,size,50000,50000,289.9,41.95,0.0000,153789.5,154308,154308,154308,126,154841,35587,0,154841
ASTOPO,1,0.007,531183,0.875,delta_star,50000,50000,186.0,21.69,0.0000,23518.7,2748,138211,154839,0,154841,35587,0,154841
ASTOPO,1,0.007,2016004,1.000,members,323,323,64292.0,43.16,0.4152,154841.0,154841,154841,154841,1,154841,35587,50013643,154841
ASTOPO,1,0.007,2016004,1.000,size,50000,50000,256.4,42.36,0.0000,154841.0,154841,154841,154841,1,154841,35587,0,154841
ASTOPO,1,0.007,2016004,1.000,delta_star,50000,50000,171.5,21.79,0.0000,23434.6,2627,138284,154841,0,154841,35587,0,154841
ASTOPO,37,0.252,16246,0.125,members,6389,34416,3958.8,101.07,0.5058,7827.3,8836,8836,8836,2,55423,13294,50008700,154841
ASTOPO,37,0.252,16246,0.125,size,9116,50000,726.8,102.60,0.0000,7798.8,8836,8836,8836,2,55423,13294,0,154841
ASTOPO,37,0.252,16246,0.125,delta_star,50000,50000,110.1,16.88,0.0000,27431.4,27807,52744,55423,0,55423,13294,0,154841
ASTOPO,37,0.252,34031,0.250,members,1718,3290,12370.2,47.27,0.4250,29104.0,29104,29104,29104,1,55423,13294,50000672,154841
ASTOPO,37,0.252,34031,0.250,size,26309,50000,377.2,47.05,0.0000,29104.0,29104,29104,29104,1,55423,13294,0,154841
ASTOPO,37,0.252,34031,0.250,delta_star,50000,50000,105.6,16.89,0.0000,27348.7,27782,52643,55423,0,55423,13294,0,154841
ASTOPO,37,0.252,60782,0.375,members,1463,2315,14410.5,41.80,0.4214,34197.0,34197,34197,34197,1,55423,13294,50030211,154841
ASTOPO,37,0.252,60782,0.375,size,30852,50000,346.8,42.38,0.0000,34197.0,34197,34197,34197,1,55423,13294,0,154841
ASTOPO,37,0.252,60782,0.375,delta_star,50000,50000,106.2,16.88,0.0000,27271.5,27643,52624,55419,0,55423,13294,0,154841
ASTOPO,37,0.252,93023,0.500,members,1236,1707,17179.3,38.28,0.4246,40462.0,40462,40462,40462,1,55423,13294,50011032,154841
ASTOPO,37,0.252,93023,0.500,size,36428,50000,312.2,38.25,0.0000,40462.0,40462,40462,40462,1,55423,13294,0,154841
ASTOPO,37,0.252,93023,0.500,delta_star,50000,50000,103.2,16.89,0.0000,27298.9,27746,52567,55423,0,55423,13294,0,154841
ASTOPO,37,0.252,231966,0.625,members,1083,1293,19239.8,35.30,0.4165,46194.0,46194,46194,46194,1,55423,13294,50028102,154841
ASTOPO,37,0.252,231966,0.625,size,41951,50000,279.6,35.10,0.0000,46194.0,46194,46194,46194,1,55423,13294,0,154841
ASTOPO,37,0.252,231966,0.625,delta_star,50000,50000,103.0,16.88,0.0000,27298.1,27566,52705,55422,0,55423,13294,0,154841
ASTOPO,37,0.252,674059,0.750,members,1017,1161,20369.0,34.17,0.4142,49177.0,49177,49177,49177,1,55423,13294,50013009,154841
ASTOPO,37,0.252,674059,0.750,size,44348,50000,263.3,34.00,0.0000,49177.0,49177,49177,49177,1,55423,13294,0,154841
ASTOPO,37,0.252,674059,0.750,delta_star,50000,50000,106.1,16.89,0.0000,27291.6,27647,52676,55422,0,55423,13294,0,154841
ASTOPO,37,0.252,1187788,0.875,members,957,1005,22014.1,32.54,0.4210,52288.0,52288,52288,52288,1,55423,13294,50039616,154841
ASTOPO,37,0.252,1187788,0.875,size,47130,50000,246.3,32.75,0.0000,52288.0,52288,52288,52288,1,55423,13294,0,154841
ASTOPO,37,0.252,1187788,0.875,delta_star,50000,50000,105.9,16.88,0.0000,27263.8,27557,52718,55419,0,55423,13294,0,154841
ASTOPO,37,0.252,2007829,1.000,members,903,903,23256.7,31.97,0.4196,55423.0,55423,55423,55423,1,55423,13294,50046969,154841
ASTOPO,37,0.252,2007829,1.000,size,50000,50000,171.8,31.98,0.0000,55423.0,55423,55423,55423,1,55423,13294,0,154841
ASTOPO,37,0.252,2007829,1.000,delta_star,50000,50000,106.5,16.89,0.0000,27389.2,27822,52605,55423,0,55423,13294,0,154841
ASTOPO,74,0.503,70340,0.125,members,3328,8988,6636.3,57.42,0.4416,15028.0,15028,15028,15028,1,39365,5862,50013184,154841
ASTOPO,74,0.503,70340,0.125,size,19041,50000,420.0,56.25,0.0000,15028.0,15028,15028,15028,1,39365,5862,0,154841
ASTOPO,74,0.503,70340,0.125,delta_star,50000,50000,100.5,16.39,0.0000,19826.8,19964,37461,39364,0,39365,5862,0,154841
ASTOPO,74,0.503,101276,0.250,members,2184,3669,9884.7,41.55,0.4316,22904.0,22904,22904,22904,1,39365,5862,50022336,154841
ASTOPO,74,0.503,101276,0.250,size,29152,50000,327.4,42.08,0.0000,22904.0,22904,22904,22904,1,39365,5862,0,154841
ASTOPO,74,0.503,101276,0.250,delta_star,50000,50000,98.0,16.39,0.0000,19634.2,19709,37386,39365,0,39365,5862,0,154841
ASTOPO,74,0.503,182361,0.375,members,1729,2380,12077.9,36.68,0.4176,28921.0,28921,28921,28921,1,39365,5862,50004409,154841
ASTOPO,74,0.503,182361,0.375,size,36767,50000,287.6,36.43,0.0000,28921.0,28921,28921,28921,1,39365,5862,0,154841
ASTOPO,74,0.503,182361,0.375,delta_star,50000,50000,98.0,16.38,0.0000,19806.8,19861,37443,39365,0,39365,5862,0,154841
ASTOPO,74,0.503,361769,0.500,members,1625,2089,13004.4,35.19,0.4226,30773.0,30773,30773,30773,1,39365,5862,50006125,154841
ASTOPO,74,0.503,361769,0.500,size,39193,50000,274.5,35.04,0.0000,30773.0,30773,30773,30773,1,39365,5862,0,154841
ASTOPO,74,0.503,361769,0.500,delta_star,50000,50000,100.0,16.39,0.0000,19742.0,19675,37459,39365,0,39365,5862,0,154841
ASTOPO,74,0.503,711839,0.625,members,1510,1761,13953.6,33.27,0.4212,33128.0,33128,33128,33128,1,39365,5862,50023280,154841
ASTOPO,74,0.503,711839,0.625,size,42063,50000,254.7,33.60,0.0000,33128.0,33128,33128,33128,1,39365,5862,0,154841
ASTOPO,74,0.503,711839,0.625,delta_star,50000,50000,99.4,16.39,0.0000,19665.6,19643,37375,39365,0,39365,5862,0,154841
ASTOPO,74,0.503,1060221,0.750,members,1417,1597,14883.3,32.51,0.4217,35295.0,35295,35295,35295,1,39365,5862,50013015,154841
ASTOPO,74,0.503,1060221,0.750,size,44891,50000,238.8,32.32,0.0000,35295.0,35295,35295,35295,1,39365,5862,0,154841
ASTOPO,74,0.503,1060221,0.750,delta_star,50000,50000,97.0,16.39,0.0000,19673.2,19709,37440,39365,0,39365,5862,0,154841
ASTOPO,74,0.503,1413326,0.875,members,1343,1425,15536.2,31.44,0.4173,37233.0,37233,37233,37233,1,39365,5862,50003919,154841
ASTOPO,74,0.503,1413326,0.875,size,47236,50000,222.8,31.35,0.0000,37233.0,37233,37233,37233,1,39365,5862,0,154841
ASTOPO,74,0.503,1413326,0.875,delta_star,50000,50000,100.3,16.39,0.0000,19666.5,19590,37383,39365,0,39365,5862,0,154841
ASTOPO,74,0.503,2015963,1.000,members,1271,1271,16481.9,30.65,0.4187,39365.0,39365,39365,39365,1,39365,5862,50032915,154841
ASTOPO,74,0.503,2015963,1.000,size,50000,50000,150.6,30.66,0.0000,39365.0,39365,39365,39365,1,39365,5862,0,154841
ASTOPO,74,0.503,2015963,1.000,delta_star,50000,50000,97.7,16.39,0.0000,19736.5,19746,37448,39365,0,39365,5862,0,154841
ASTOPO,110,0.748,140851,0.125,members,3209,5038,6853.0,38.12,0.4398,15583.0,15583,15583,15583,1,24832,2474,50005847,154841
ASTOPO,110,0.748,140851,0.125,size,31419,50000,272.1,38.42,0.0000,15583.0,15583,15583,15583,1,24832,2474,0,154841
ASTOPO,110,0.748,140851,0.125,delta_star,50000,50000,93.6,15.76,0.0000,12413.4,12381,23601,24832,0,24832,2474,0,154841
ASTOPO,110,0.748,244058,0.250,members,2992,4442,7159.4,36.81,0.4283,16715.0,16715,16715,16715,1,24832,2474,50011280,154841
ASTOPO,110,0.748,244058,0.250,size,33615,50000,258.7,36.85,0.0000,16715.0,16715,16715,16715,1,24832,2474,0,154841
ASTOPO,110,0.748,244058,0.250,delta_star,50000,50000,92.1,15.77,0.0000,12379.8,12339,23608,24832,0,24832,2474,0,154841
ASTOPO,110,0.748,414238,0.375,members,2803,3837,7625.4,35.04,0.4273,17844.0,17844,17844,17844,1,24832,2474,50016732,154841
ASTOPO,110,0.748,414238,0.375,size,35999,50000,251.8,35.33,0.0000,17844.0,17844,17844,17844,1,24832,2474,0,154841
ASTOPO,110,0.748,414238,0.375,delta_star,50000,50000,90.6,15.77,0.0000,12438.5,12466,23597,24832,0,24832,2474,0,154841
ASTOPO,110,0.748,727345,0.500,members,2603,3359,8149.9,33.79,0.4242,19213.0,19213,19213,19213,1,24832,2474,50011439,154841
ASTOPO,110,0.748,727345,0.500,size,38694,50000,239.0,33.81,0.0000,19213.0,19213,19213,19213,1,24832,2474,0,154841
ASTOPO,110,0.748,727345,0.500,delta_star,50000,50000,93.9,15.76,0.0000,12412.9,12387,23579,24831,0,24832,2474,0,154841
ASTOPO,110,0.748,980047,0.625,members,2244,2494,9472.7,30.95,0.4250,22289.0,22289,22289,22289,1,24832,2474,50016516,154841
ASTOPO,110,0.748,980047,0.625,size,44856,50000,211.3,30.95,0.0000,22289.0,22289,22289,22289,1,24832,2474,0,154841
ASTOPO,110,0.748,980047,0.625,delta_star,50000,50000,91.3,15.75,0.0000,12424.2,12418,23561,24832,0,24832,2474,0,154841
ASTOPO,110,0.748,1253465,0.750,members,2147,2286,9740.6,30.14,0.4182,23290.0,23290,23290,23290,1,24832,2474,50003630,154841
ASTOPO,110,0.748,1253465,0.750,size,46968,50000,195.8,30.11,0.0000,23290.0,23290,23290,23290,1,24832,2474,0,154841
ASTOPO,110,0.748,1253465,0.750,delta_star,50000,50000,93.3,15.75,0.0000,12510.7,12539,23616,24832,0,24832,2474,0,154841
ASTOPO,110,0.748,1559314,0.875,members,2062,2109,10216.2,29.35,0.4213,24251.0,24251,24251,24251,1,24832,2474,50005562,154841
ASTOPO,110,0.748,1559314,0.875,size,48784,50000,183.3,29.39,0.0000,24251.0,24251,24251,24251,1,24832,2474,0,154841
ASTOPO,110,0.748,1559314,0.875,delta_star,50000,50000,92.4,15.76,0.0000,12418.8,12452,23569,24832,0,24832,2474,0,154841
ASTOPO,110,0.748,2016000,1.000,members,2014,2014,10330.3,29.41,0.4160,24832.0,24832,24832,24832,1,24832,2474,50011648,154841
ASTOPO,110,0.748,2016000,1.000,size,50000,50000,129.2,29.37,0.0000,24832.0,24832,24832,24832,1,24832,2474,0,154841
ASTOPO,110,0.748,2016000,1.000,delta_star,50000,50000,92.7,15.76,0.0000,12447.6,12396,23628,24832,0,24832,2474,0,154841
ASTOPO,147,1.000,1776239,0.125,members,4339,4366,4974.2,26.89,0.4316,11526.0,11526,11526,11526,1,11606,74,50011314,154841
ASTOPO,147,1.000,1776239,0.125,size,49632,50000,148.6,26.89,0.0000,11526.0,11526,11526,11526,1,11606,74,0,154841
ASTOPO,147,1.000,1776239,0.125,delta_star,50000,50000,83.6,14.75,0.0000,5788.6,5758,11016,11606,0,11606,74,0,154841
ASTOPO,147,1.000,1812905,0.250,members,4334,4363,4896.5,26.90,0.4244,11537.0,11537,11537,11537,1,11606,74,50001358,154841
ASTOPO,147,1.000,1812905,0.250,size,49706,50000,148.0,26.89,0.0000,11537.0,11537,11537,11537,1,11606,74,0,154841
ASTOPO,147,1.000,1812905,0.250,delta_star,50000,50000,84.2,14.76,0.0000,5822.0,5842,11029,11606,0,11606,74,0,154841
ASTOPO,147,1.000,1840278,0.375,members,4328,4342,4976.0,26.71,0.4307,11553.0,11553,11553,11553,1,11606,74,50001384,154841
ASTOPO,147,1.000,1840278,0.375,size,49790,50000,146.9,26.76,0.0000,11553.0,11553,11553,11553,1,11606,74,0,154841
ASTOPO,147,1.000,1840278,0.375,delta_star,50000,50000,84.4,14.75,0.0000,5810.3,5812,11021,11606,0,11606,74,0,154841
ASTOPO,147,1.000,1868208,0.500,members,4325,4344,4845.9,26.80,0.4191,11563.0,11563,11563,11563,1,11606,74,50009975,154841
ASTOPO,147,1.000,1868208,0.500,size,49816,50000,140.0,26.76,0.0000,11563.0,11563,11563,11563,1,11606,74,0,154841
ASTOPO,147,1.000,1868208,0.500,delta_star,50000,50000,81.7,14.75,0.0000,5770.1,5751,11015,11606,0,11606,74,0,154841
ASTOPO,147,1.000,1932236,0.625,members,4320,4327,4915.1,26.71,0.4246,11575.0,11575,11575,11575,1,11606,74,50004000,154841
ASTOPO,147,1.000,1932236,0.625,size,49856,50000,140.0,26.75,0.0000,11575.0,11575,11575,11575,1,11606,74,0,154841
ASTOPO,147,1.000,1932236,0.625,delta_star,50000,50000,84.4,14.77,0.0000,5802.7,5797,11037,11606,0,11606,74,0,154841
ASTOPO,147,1.000,1954382,0.750,members,4315,4325,4941.7,26.85,0.4264,11588.0,11588,11588,11588,1,11606,74,50002220,154841
ASTOPO,147,1.000,1954382,0.750,size,49909,50000,137.7,26.85,0.0000,11588.0,11588,11588,11588,1,11606,74,0,154841
ASTOPO,147,1.000,1954382,0.750,delta_star,50000,50000,82.9,14.78,0.0000,5796.4,5796,11017,11606,0,11606,74,0,154841
ASTOPO,147,1.000,1983534,0.875,members,4312,4319,4865.8,26.62,0.4196,11597.0,11597,11597,11597,1,11606,74,50006264,154841
ASTOPO,147,1.000,1983534,0.875,size,49960,50000,133.0,26.68,0.0000,11597.0,11597,11597,11597,1,11606,74,0,154841
ASTOPO,147,1.000,1983534,0.875,delta_star,50000,50000,84.2,14.77,0.0000,5797.1,5782,11040,11606,0,11606,74,0,154841
ASTOPO,147,1.000,2016000,1.000,members,4309,4309,4947.9,27.17,0.4263,11606.0,11606,11606,11606,1,11606,74,50010254,154841
ASTOPO,147,1.000,2016000,1.000,size,50000,50000,117.7,27.18,0.0000,11606.0,11606,11606,11606,1,11606,74,0,154841
ASTOPO,147,1.000,2016000,1.000,delta_star,50000,50000,84.2,14.77,0.0000,5801.8,5795,11029,11606,0,11606,74,0,154841
AMZELEC,1,0.067,51494400,0.125,members,7,7,3514365.2,48.43,0.4582,7670196.0,7670196,7670196,7670196,1,7824482,4771,53691372,7824482
AMZELEC,1,0.067,51494400,0.125,size,50000,50000,1657.2,47.64,0.0000,7522774.9,7670196,7670196,7670196,955,7824482,4771,0,7824482
AMZELEC,1,0.067,51494400,0.125,delta_star,50000,50000,673.2,27.84,0.0000,3537263.5,3704781,7336495,7734338,0,7824482,4771,0,7824482
AMZELEC,1,0.067,103075200,0.250,members,7,7,3293129.3,44.00,0.4269,7714208.0,7714208,7714208,7714208,1,7824482,4771,53999456,7824482
AMZELEC,1,0.067,103075200,0.250,size,50000,50000,1034.6,47.71,0.0000,7611917.6,7714208,7714208,7714208,661,7824482,4771,0,7824482
AMZELEC,1,0.067,103075200,0.250,delta_star,50000,50000,671.2,27.87,0.0000,3552383.2,3726672,7332261,7734522,0,7824482,4771,0,7824482
AMZELEC,1,0.067,154569600,0.375,members,7,7,3286404.1,51.29,0.4254,7726132.0,7726132,7726132,7726132,1,7824482,4771,54082924,7824482
AMZELEC,1,0.067,154569600,0.375,size,50000,50000,1032.6,47.72,0.0000,7621211.2,7726132,7726132,7726132,676,7824482,4771,0,7824482
AMZELEC,1,0.067,154569600,0.375,delta_star,50000,50000,653.3,27.82,0.0000,3553955.6,3721909,7352460,7734493,0,7824482,4771,0,7824482
AMZELEC,1,0.067,206064000,0.500,members,7,7,3392422.5,49.29,0.4388,7730923.0,7730923,7730923,7730923,1,7824482,4771,54116461,7824482
AMZELEC,1,0.067,206064000,0.500,size,50000,50000,1111.1,47.73,0.0000,7638151.9,7730923,7730923,7730923,597,7824482,4771,0,7824482
AMZELEC,1,0.067,206064000,0.500,delta_star,50000,50000,666.9,27.85,0.0000,3538245.5,3699663,7338787,7734423,0,7824482,4771,0,7824482
AMZELEC,1,0.067,257558400,0.625,members,7,7,3339312.4,49.00,0.4318,7732921.0,7732921,7732921,7732921,1,7824482,4771,54130447,7824482
AMZELEC,1,0.067,257558400,0.625,size,50000,50000,1029.8,47.70,0.0000,7639198.0,7732921,7732921,7732921,599,7824482,4771,0,7824482
AMZELEC,1,0.067,257558400,0.625,delta_star,50000,50000,708.7,27.84,0.0000,3554217.6,3730902,7346926,7734349,0,7824482,4771,0,7824482
AMZELEC,1,0.067,309139200,0.750,members,7,7,3255148.0,48.00,0.4209,7733788.0,7733788,7733788,7733788,1,7824482,4771,54136516,7824482
AMZELEC,1,0.067,309139200,0.750,size,50000,50000,1030.6,47.73,0.0000,7647633.6,7733788,7733788,7733788,552,7824482,4771,0,7824482
AMZELEC,1,0.067,309139200,0.750,delta_star,50000,50000,683.1,27.87,0.0000,3552624.5,3741966,7360683,7734567,0,7824482,4771,0,7824482
AMZELEC,1,0.067,362534400,0.875,members,7,7,3391039.3,46.71,0.4384,7734346.0,7734346,7734346,7734346,1,7824482,4771,54140422,7824482
AMZELEC,1,0.067,362534400,0.875,size,50000,50000,1023.2,47.79,0.0000,7648185.4,7734346,7734346,7734346,555,7824482,4771,0,7824482
AMZELEC,1,0.067,362534400,0.875,delta_star,50000,50000,719.2,27.93,0.0000,3555092.9,3724357,7327830,7734364,0,7824482,4771,0,7824482
AMZELEC,1,0.067,466214400,1.000,members,7,7,3259626.6,49.00,0.4214,7734582.0,7734582,7734582,7734582,1,7824482,4771,54142074,7824482
AMZELEC,1,0.067,466214400,1.000,size,50000,50000,988.8,48.09,0.0000,7644706.2,7734582,7734582,7734582,580,7824482,4771,0,7824482
AMZELEC,1,0.067,466214400,1.000,delta_star,50000,50000,881.2,27.85,0.0000,3560751.4,3732493,7348279,7734291,0,7824482,4771,0,7824482
AMZELEC,4,0.267,49334400,0.125,members,31,48,685761.7,54.23,0.4181,1640141.0,1640141,1640141,1640141,1,2304284,4565,50844371,7824482
AMZELEC,4,0.267,49334400,0.125,size,35549,50000,1365.8,51.43,0.0000,1640141.0,1640141,1640141,1640141,1,2304284,4565,0,7824482
AMZELEC,4,0.267,49334400,0.125,delta_star,50000,50000,308.6,22.22,0.0000,1151363.4,1156133,2188170,2304231,0,2304284,4565,0,7824482
AMZELEC,4,0.267,98582400,0.250,members,25,31,832400.2,47.76,0.4100,2030443.0,2030443,2030443,2030443,1,2304284,4565,50761075,7824482
AMZELEC,4,0.267,98582400,0.250,size,44153,50000,804.8,45.30,0.0000,2030443.0,2030443,2030443,2030443,1,2304284,4565,0,7824482
AMZELEC,4,0.267,98582400,0.250,delta_star,50000,50000,309.0,22.22,0.0000,1149523.8,1149605,2186406,2304266,0,2304284,4565,0,7824482
AMZELEC,4,0.267,147916800,0.375,members,23,24,910210.3,42.96,0.4172,2181566.0,2181566,2181566,2181566,1,2304284,4565,50176018,7824482
AMZELEC,4,0.267,147916800,0.375,size,47375,50000,761.9,43.47,0.0000,2181566.0,2181566,2181566,2181566,1,2304284,4565,0,7824482
AMZELEC,4,0.267,147916800,0.375,delta_star,50000,50000,294.5,22.22,0.0000,1156981.1,1161758,2190201,2304206,0,2304284,4565,0,7824482
AMZELEC,4,0.267,197164800,0.500,members,23,24,938847.4,42.57,0.4165,2254044.0,2254044,2254044,2254044,1,2304284,4565,51843012,7824482
AMZELEC,4,0.267,197164800,0.500,size,48894,50000,821.1,42.66,0.0000,2254044.0,2254044,2254044,2254044,1,2304284,4565,0,7824482
AMZELEC,4,0.267,197164800,0.500,delta_star,50000,50000,298.6,22.22,0.0000,1151088.3,1151102,2188229,2304224,0,2304284,4565,0,7824482
AMZELEC,4,0.267,246499200,0.625,members,22,22,943232.1,42.05,0.4128,2284908.0,2284908,2284908,2284908,1,2304284,4565,50267976,7824482
AMZELEC,4,0.267,246499200,0.625,size,49578,50000,682.6,42.29,0.0000,2284908.0,2284908,2284908,2284908,1,2304284,4565,0,7824482
AMZELEC,4,0.267,246499200,0.625,delta_star,50000,50000,288.4,22.22,0.0000,1148898.1,1150675,2186680,2304142,0,2304284,4565,0,7824482
AMZELEC,4,0.267,296006400,0.750,members,22,22,988733.4,41.50,0.4306,2296026.0,2296026,2296026,2296026,1,2304284,4565,50512572,7824482
AMZELEC,4,0.267,296006400,0.750,size,49814,50000,677.6,42.16,0.0000,2296026.0,2296026,2296026,2296026,1,2304284,4565,0,7824482
AMZELEC,4,0.267,296006400,0.750,delta_star,50000,50000,329.5,22.22,0.0000,1149546.0,1148411,2188221,2304273,0,2304284,4565,0,7824482
AMZELEC,4,0.267,348796800,0.875,members,22,22,961873.2,41.27,0.4180,2301165.0,2301165,2301165,2301165,1,2304284,4565,50625630,7824482
AMZELEC,4,0.267,348796800,0.875,size,49937,50000,660.7,42.09,0.0000,2301165.0,2301165,2301165,2301165,1,2304284,4565,0,7824482
AMZELEC,4,0.267,348796800,0.875,delta_star,50000,50000,295.3,22.22,0.0000,1154403.7,1157934,2189657,2304284,0,2304284,4565,0,7824482
AMZELEC,4,0.267,457056000,1.000,members,22,22,956499.5,42.14,0.4151,2304284.0,2304284,2304284,2304284,1,2304284,4565,50694248,7824482
AMZELEC,4,0.267,457056000,1.000,size,50000,50000,623.1,42.51,0.0000,2304284.0,2304284,2304284,2304284,1,2304284,4565,0,7824482
AMZELEC,4,0.267,457056000,1.000,delta_star,50000,50000,298.7,22.22,0.0000,1151043.9,1156161,2188811,2304247,0,2304284,4565,0,7824482
AMZELEC,8,0.533,48384000,0.125,members,167,400,125411.9,66.68,0.4165,301121.0,301121,301121,301121,1,676607,3694,50287207,7824482
AMZELEC,8,0.533,48384000,0.125,size,22188,50000,871.1,63.87,0.0000,301121.0,301121,301121,301121,1,676607,3694,0,7824482
AMZELEC,8,0.533,48384000,0.125,delta_star,50000,50000,216.1,20.47,0.0000,338421.9,338312,642802,676602,0,676607,3694,0,7824482
AMZELEC,8,0.533,88214400,0.250,members,104,144,198696.3,46.39,0.4132,480900.0,480900,480900,480900,1,676607,3694,50013600,7824482
AMZELEC,8,0.533,88214400,0.250,size,35526,50000,661.9,47.10,0.0000,480900.0,480900,480900,480900,1,676607,3694,0,7824482
AMZELEC,8,0.533,88214400,0.250,delta_star,50000,50000,201.1,20.47,0.0000,338338.5,340158,642698,676593,0,676607,3694,0,7824482
AMZELEC,8,0.533,128131200,0.375,members,88,102,236200.1,42.00,0.4136,571060.0,571060,571060,571060,1,676607,3694,50253280,7824482
AMZELEC,8,0.533,128131200,0.375,size,42258,50000,594.5,42.49,0.0000,571060.0,571060,571060,571060,1,676607,3694,0,7824482
AMZELEC,8,0.533,128131200,0.375,delta_star,50000,50000,208.7,20.47,0.0000,339780.1,340582,642902,676589,0,676607,3694,0,7824482
AMZELEC,8,0.533,168048000,0.500,members,81,87,254965.0,40.44,0.4097,622262.0,622262,622262,622262,1,676607,3694,50403222,7824482
AMZELEC,8,0.533,168048000,0.500,size,46043,50000,584.2,40.42,0.0000,622262.0,622262,622262,622262,1,676607,3694,0,7824482
AMZELEC,8,0.533,168048000,0.500,delta_star,50000,50000,207.5,20.47,0.0000,340060.8,342148,641915,676606,0,676607,3694,0,7824482
AMZELEC,8,0.533,207878400,0.625,members,77,80,271769.2,39.34,0.4163,652780.0,652780,652780,652780,1,676607,3694,50264060,7824482
AMZELEC,8,0.533,207878400,0.625,size,48196,50000,525.7,39.34,0.0000,652780.0,652780,652780,652780,1,676607,3694,0,7824482
AMZELEC,8,0.533,207878400,0.625,delta_star,50000,50000,211.2,20.47,0.0000,338757.2,338962,642360,676591,0,676607,3694,0,7824482
AMZELEC,8,0.533,248832000,0.750,members,76,76,274821.9,38.36,0.4129,665614.0,665614,665614,665614,1,676607,3694,50586664,7824482
AMZELEC,8,0.533,248832000,0.750,size,49204,50000,611.6,38.84,0.0000,665614.0,665614,665614,665614,1,676607,3694,0,7824482
AMZELEC,8,0.533,248832000,0.750,delta_star,50000,50000,199.1,20.47,0.0000,338992.2,340332,641926,676599,0,676607,3694,0,7824482
AMZELEC,8,0.533,299980800,0.875,members,75,75,278942.8,38.01,0.4147,672627.0,672627,672627,672627,1,676607,3694,50447025,7824482
AMZELEC,8,0.533,299980800,0.875,size,49748,50000,474.3,38.58,0.0000,672627.0,672627,672627,672627,1,676607,3694,0,7824482
AMZELEC,8,0.533,299980800,0.875,delta_star,50000,50000,208.2,20.47,0.0000,338508.7,338385,643320,676583,0,676607,3694,0,7824482
AMZELEC,8,0.533,457056000,1.000,members,74,74,274962.1,38.93,0.4064,676607.0,676607,676607,676607,1,676607,3694,50068918,7824482
AMZELEC,8,0.533,457056000,1.000,size,50000,50000,419.8,38.90,0.0000,676607.0,676607,676607,676607,1,676607,3694,0,7824482
AMZELEC,8,0.533,457056000,1.000,delta_star,50000,50000,249.4,20.48,0.0000,340240.4,341858,643359,676581,0,676607,3694,0,7824482
AMZELEC,11,0.733,61430400,0.125,members,751,2539,28728.7,79.11,0.4311,66635.0,66635,66635,66635,1,232760,2591,50042885,7824482
AMZELEC,11,0.733,61430400,0.125,size,14430,50000,796.9,80.61,0.0000,66635.0,66635,66635,66635,1,232760,2591,0,7824482
AMZELEC,11,0.733,61430400,0.125,delta_star,50000,50000,152.6,18.89,0.0000,116251.0,116385,221167,232752,0,232760,2591,0,7824482
AMZELEC,11,0.733,89424000,0.250,members,372,650,55962.9,49.58,0.4160,134524.0,134524,134524,134524,1,232760,2591,50042928,7824482
AMZELEC,11,0.733,89424000,0.250,size,28953,50000,492.3,49.23,0.0000,134524.0,134524,134524,134524,1,232760,2591,0,7824482
AMZELEC,11,0.733,89424000,0.250,delta_star,50000,50000,144.6,18.89,0.0000,116182.8,116070,220974,232749,0,232760,2591,0,7824482
AMZELEC,11,0.733,117331200,0.375,members,293,394,70794.0,42.17,0.4148,170682.0,170682,170682,170682,1,232760,2591,50009826,7824482
AMZELEC,11,0.733,117331200,0.375,size,36612,50000,428.7,42.55,0.0000,170682.0,170682,170682,170682,1,232760,2591,0,7824482
AMZELEC,11,0.733,117331200,0.375,delta_star,50000,50000,143.4,18.89,0.0000,116451.9,115975,221387,232757,0,232760,2591,0,7824482
AMZELEC,11,0.733,145411200,0.500,members,256,300,79501.2,38.82,0.4064,195646.0,195646,195646,195646,1,232760,2591,50085376,7824482
AMZELEC,11,0.733,145411200,0.500,size,42090,50000,439.3,39.19,0.0000,195646.0,195646,195646,195646,1,232760,2591,0,7824482
AMZELEC,11,0.733,145411200,0.500,delta_star,50000,50000,143.3,18.89,0.0000,116428.3,116707,220772,232746,0,232760,2591,0,7824482
AMZELEC,11,0.733,174009600,0.625,members,238,267,86531.4,37.81,0.4103,210906.0,210906,210906,210906,1,232760,2591,50195628,7824482
AMZELEC,11,0.733,174009600,0.625,size,45408,50000,360.7,37.48,0.0000,210906.0,210906,210906,210906,1,232760,2591,0,7824482
AMZELEC,11,0.733,174009600,0.625,delta_star,50000,50000,145.3,18.89,0.0000,115703.4,115253,221021,232753,0,232760,2591,0,7824482
AMZELEC,11,0.733,203558400,0.750,members,227,237,91445.7,36.46,0.4138,221013.0,221013,221013,221013,1,232760,2591,50169951,7824482
AMZELEC,11,0.733,203558400,0.750,size,47491,50000,404.0,36.49,0.0000,221013.0,221013,221013,221013,1,232760,2591,0,7824482
AMZELEC,11,0.733,203558400,0.750,delta_star,50000,50000,154.6,18.89,0.0000,116139.8,116225,221085,232758,0,232760,2591,0,7824482
AMZELEC,11,0.733,241660800,0.875,members,219,226,95950.0,36.13,0.4200,228448.0,228448,228448,228448,1,232760,2591,50030112,7824482
AMZELEC,11,0.733,241660800,0.875,size,49097,50000,417.0,35.76,0.0000,228448.0,228448,228448,228448,1,232760,2591,0,7824482
AMZELEC,11,0.733,241660800,0.875,delta_star,50000,50000,156.2,18.89,0.0000,116445.5,116283,220965,232739,0,232760,2591,0,7824482
AMZELEC,11,0.733,446601600,1.000,members,215,215,96623.4,35.69,0.4151,232760.0,232760,232760,232760,1,232760,2591,50043400,7824482
AMZELEC,11,0.733,446601600,1.000,size,50000,50000,281.0,35.75,0.0000,232760.0,232760,232760,232760,1,232760,2591,0,7824482
AMZELEC,11,0.733,446601600,1.000,delta_star,50000,50000,145.8,18.89,0.0000,116554.1,116847,220819,232752,0,232760,2591,0,7824482
AMZELEC,15,1.000,147830400,0.125,members,3335,5078,6536.0,37.07,0.4358,14997.0,14997,14997,14997,1,22697,201,50014995,7824482
AMZELEC,15,1.000,147830400,0.125,size,32979,50000,257.2,36.96,0.0000,14997.0,14997,14997,14997,1,22697,201,0,7824482
AMZELEC,15,1.000,147830400,0.125,delta_star,50000,50000,92.2,15.63,0.0000,11320.5,11309,21548,22697,0,22697,201,0,7824482
AMZELEC,15,1.000,152841600,0.250,members,2610,3084,8150.3,31.75,0.4253,19163.0,19163,19163,19163,1,22697,201,50015430,7824482
AMZELEC,15,1.000,152841600,0.250,size,42251,50000,216.3,31.81,0.0000,19163.0,19163,19163,19163,1,22697,201,0,7824482
AMZELEC,15,1.000,152841600,0.250,delta_star,50000,50000,91.7,15.64,0.0000,11359.4,11323,21550,22697,0,22697,201,0,7824482
AMZELEC,15,1.000,159321600,0.375,members,2486,2798,8607.9,30.87,0.4280,20114.0,20114,20114,20114,1,22697,201,50003404,7824482
AMZELEC,15,1.000,159321600,0.375,size,44192,50000,203.4,30.96,0.0000,20114.0,20114,20114,20114,1,22697,201,0,7824482
AMZELEC,15,1.000,159321600,0.375,delta_star,50000,50000,90.3,15.63,0.0000,11347.4,11398,21573,22697,0,22697,201,0,7824482
AMZELEC,15,1.000,167011200,0.500,members,2420,2668,8864.6,30.47,0.4289,20666.0,20666,20666,20666,1,22697,201,50011720,7824482
AMZELEC,15,1.000,167011200,0.500,size,45546,50000,201.6,30.40,0.0000,20666.0,20666,20666,20666,1,22697,201,0,7824482
AMZELEC,15,1.000,167011200,0.500,delta_star,50000,50000,91.9,15.64,0.0000,11357.8,11337,21569,22697,0,22697,201,0,7824482
AMZELEC,15,1.000,174268800,0.625,members,2335,2479,9157.6,29.75,0.4275,21419.0,21419,21419,21419,1,22697,201,50013365,7824482
AMZELEC,15,1.000,174268800,0.625,size,47211,50000,191.7,29.74,0.0000,21419.0,21419,21419,21419,1,22697,201,0,7824482
AMZELEC,15,1.000,174268800,0.625,delta_star,50000,50000,91.9,15.64,0.0000,11358.7,11358,21564,22697,0,22697,201,0,7824482
AMZELEC,15,1.000,186883200,0.750,members,2285,2377,9290.4,29.40,0.4245,21883.0,21883,21883,21883,1,22697,201,50002655,7824482
AMZELEC,15,1.000,186883200,0.750,size,48246,50000,186.6,29.35,0.0000,21883.0,21883,21883,21883,1,22697,201,0,7824482
AMZELEC,15,1.000,186883200,0.750,delta_star,50000,50000,92.2,15.65,0.0000,11319.4,11292,21547,22697,0,22697,201,0,7824482
AMZELEC,15,1.000,203385600,0.875,members,2239,2281,9460.8,29.06,0.4236,22333.0,22333,22333,22333,1,22697,201,50003587,7824482
AMZELEC,15,1.000,203385600,0.875,size,49208,50000,172.8,28.99,0.0000,22333.0,22333,22333,22333,1,22697,201,0,7824482
AMZELEC,15,1.000,203385600,0.875,delta_star,50000,50000,91.9,15.64,0.0000,11367.8,11395,21546,22697,0,22697,201,0,7824482
AMZELEC,15,1.000,409449600,1.000,members,2203,2203,9321.8,29.10,0.4107,22697.0,22697,22697,22697,1,22697,201,50001491,7824482
AMZELEC,15,1.000,409449600,1.000,size,50000,50000,125.8,29.12,0.0000,22697.0,22697,22697,22697,1,22697,201,0,7824482
AMZELEC,15,1.000,409449600,1.000,delta_star,50000,50000,90.1,15.64,0.0000,11410.4,11445,21574,22697,0,22697,201,0,7824482
AMZRAT,1,0.036,29980800,0.125,members,10,10,2128888.5,52.60,0.4094,5199895.0,5199895,5199895,5199895,1,5776674,8321,51998950,5776674
AMZRAT,1,0.036,29980800,0.125,size,50000,50000,991.8,45.81,0.0000,4686353.7,5199895,5199895,5199895,4875,5776674,8321,0,5776674
AMZRAT,1,0.036,29980800,0.125,delta_star,50000,50000,611.8,27.15,0.0000,2472930.7,2521477,5193172,5488275,0,5776674,8321,0,5776674
AMZRAT,1,0.036,59958000,0.250,members,10,10,2303430.4,49.50,0.4292,5366425.0,5366425,5366425,5366425,1,5776674,8321,53664250,5776674
AMZRAT,1,0.036,59958000,0.250,size,50000,50000,983.1,46.34,0.0000,4987662.9,5366425,5366425,5366425,3483,5776674,8321,0,5776674
AMZRAT,1,0.036,59958000,0.250,delta_star,50000,50000,611.2,27.10,0.0000,2485081.5,2544456,5197407,5488488,0,5776674,8321,0,5776674
AMZRAT,1,0.036,89859600,0.375,members,10,10,2224864.7,47.00,0.4099,5427266.0,5427266,5427266,5427266,1,5776674,8321,54272660,5776674
AMZRAT,1,0.036,89859600,0.375,size,50000,50000,1057.2,46.43,0.0000,5090884.3,5427266,5427266,5427266,3069,5776674,8321,0,5776674
AMZRAT,1,0.036,89859600,0.375,delta_star,50000,50000,612.0,27.07,0.0000,2488493.2,2545810,5205021,5488390,0,5776674,8321,0,5776674
AMZRAT,1,0.036,119923200,0.500,members,10,10,2257624.0,45.40,0.4137,5457017.0,5457017,5457017,5457017,1,5776674,8321,54570170,5776674
AMZRAT,1,0.036,119923200,0.500,size,50000,50000,950.2,46.53,0.0000,5148695.8,5457017,5457017,5457017,2785,5776674,8321,0,5776674
AMZRAT,1,0.036,119923200,0.500,delta_star,50000,50000,616.0,27.09,0.0000,2475343.0,2531973,5194049,5488488,0,5776674,8321,0,5776674
AMZRAT,1,0.036,150073200,0.625,members,10,10,2328391.1,45.80,0.4253,5474094.0,5474094,5474094,5474094,1,5776674,8321,54740940,5776674
AMZRAT,1,0.036,150073200,0.625,size,50000,50000,953.9,46.58,0.0000,5195791.3,5474094,5474094,5474094,2503,5776674,8321,0,5776674
AMZRAT,1,0.036,150073200,0.625,delta_star,50000,50000,613.8,27.11,0.0000,2489295.0,2557538,5193734,5488252,0,5776674,8321,0,5776674
AMZRAT,1,0.036,180576000,0.750,members,11,11,2201572.9,46.45,0.4416,4985243.7,5483768,5483768,5483768,2,5776674,8321,54837681,5776674
AMZRAT,1,0.036,180576000,0.750,size,50000,50000,918.7,46.67,0.0000,5208812.1,5483768,5483768,5483768,2480,5776674,8321,0,5776674
AMZRAT,1,0.036,180576000,0.750,delta_star,50000,50000,612.2,27.09,0.0000,2485107.0,2543016,5197485,5488488,0,5776674,8321,0,5776674
AMZRAT,1,0.036,212374800,0.875,members,10,10,2308211.6,52.20,0.4206,5487312.0,5487312,5487312,5487312,1,5776674,8321,54873120,5776674
AMZRAT,1,0.036,212374800,0.875,size,50000,50000,920.3,46.67,0.0000,5208008.0,5487312,5487312,5487312,2517,5776674,8321,0,5776674
AMZRAT,1,0.036,212374800,0.875,delta_star,50000,50000,600.3,27.09,0.0000,2484019.6,2555312,5197405,5488395,0,5776674,8321,0,5776674
AMZRAT,1,0.036,284515200,1.000,members,11,11,2076711.9,43.18,0.4162,4989538.3,5488492,5488492,5488492,2,5776674,8321,54884921,5776674
AMZRAT,1,0.036,284515200,1.000,size,50000,50000,1005.3,47.00,0.0000,5210774.5,5488492,5488492,5488492,2504,5776674,8321,0,5776674
AMZRAT,1,0.036,284515200,1.000,delta_star,50000,50000,628.7,27.13,0.0000,2480614.3,2535639,5201269,5488344,0,5776674,8321,0,5776674
AMZRAT,7,0.250,29286000,0.125,members,100,217,211416.5,64.81,0.4210,502168.0,502168,502168,502168,1,1198426,7194,50216800,5776674
AMZRAT,7,0.250,29286000,0.125,size,21048,50000,1039.2,69.10,0.0000,502024.9,502168,502168,502168,4,1198426,7194,0,5776674
AMZRAT,7,0.250,29286000,0.125,delta_star,50000,50000,253.8,21.29,0.0000,598824.1,597985,1137685,1198281,0,1198426,7194,0,5776674
AMZRAT,7,0.250,55206000,0.250,members,64,98,327106.5,51.91,0.4135,791001.0,791001,791001,791001,1,1198426,7194,50624064,5776674
AMZRAT,7,0.250,55206000,0.250,size,32991,50000,828.0,51.36,0.0000,790833.2,791001,791001,791001,4,1198426,7194,0,5776674
AMZRAT,7,0.250,55206000,0.250,delta_star,50000,50000,255.2,21.28,0.0000,596516.7,596646,1137604,1198275,0,1198426,7194,0,5776674
AMZRAT,7,0.250,81133200,0.375,members,53,65,391860.5,45.53,0.4124,950248.0,950248,950248,950248,1,1198426,7194,50363144,5776674
AMZRAT,7,0.250,81133200,0.375,size,39710,50000,724.2,45.96,0.0000,950128.4,950248,950248,950248,4,1198426,7194,0,5776674
AMZRAT,7,0.250,81133200,0.375,delta_star,50000,50000,247.6,21.28,0.0000,597099.6,599984,1138023,1198287,0,1198426,7194,0,5776674
AMZRAT,7,0.250,107478000,0.500,members,48,54,431473.9,43.35,0.4107,1050505.0,1050505,1050505,1050505,1,1198426,7194,50424240,5776674
AMZRAT,7,0.250,107478000,0.500,size,43825,50000,684.9,43.38,0.0000,1050409.1,1050505,1050505,1050505,3,1198426,7194,0,5776674
AMZRAT,7,0.250,107478000,0.500,delta_star,50000,50000,244.3,21.28,0.0000,599355.0,597262,1138835,1198258,0,1198426,7194,0,5776674
AMZRAT,7,0.250,134265600,0.625,members,45,50,466506.6,42.73,0.4173,1117817.0,1117817,1117817,1117817,1,1198426,7194,50301765,5776674
AMZRAT,7,0.250,134265600,0.625,size,46650,50000,671.7,41.84,0.0000,1117697.2,1117817,1117817,1117817,4,1198426,7194,0,5776674
AMZRAT,7,0.250,134265600,0.625,delta_star,50000,50000,244.5,21.28,0.0000,597561.4,596338,1136698,1198259,0,1198426,7194,0,5776674
AMZRAT,7,0.250,161395200,0.750,members,44,45,479935.0,40.80,0.4133,1161223.0,1161223,1161223,1161223,1,1198426,7194,51093812,5776674
AMZRAT,7,0.250,161395200,0.750,size,48485,50000,607.3,40.90,0.0000,1160983.5,1161223,1161223,1161223,6,1198426,7194,0,5776674
AMZRAT,7,0.250,161395200,0.750,delta_star,50000,50000,247.5,21.28,0.0000,599314.7,598973,1137913,1198286,0,1198426,7194,0,5776674
AMZRAT,7,0.250,189475200,0.875,members,43,44,495375.6,40.40,0.4172,1187333.0,1187333,1187333,1187333,1,1198426,7194,51055319,5776674
AMZRAT,7,0.250,189475200,0.875,size,49548,50000,565.2,40.35,0.0000,1187165.3,1187333,1187333,1187333,6,1198426,7194,0,5776674
AMZRAT,7,0.250,189475200,0.875,delta_star,50000,50000,242.5,21.29,0.0000,599402.0,599303,1138131,1198269,0,1198426,7194,0,5776674
AMZRAT,7,0.250,269481600,1.000,members,42,42,495817.0,40.43,0.4138,1198289.0,1198289,1198289,1198289,1,1198426,7194,50328138,5776674
AMZRAT,7,0.250,269481600,1.000,size,50000,50000,506.7,40.54,0.0000,1198121.2,1198289,1198289,1198289,3,1198426,7194,0,5776674
AMZRAT,7,0.250,269481600,1.000,delta_star,50000,50000,272.0,21.27,0.0000,600051.8,599432,1140008,1198248,0,1198426,7194,0,5776674
AMZRAT,14,0.500,40604400,0.125,members,514,2324,42732.9,104.93,0.4391,97311.0,97311,97311,97311,1,445867,5840,50017854,5776674
AMZRAT,14,0.500,40604400,0.125,size,10910,50000,1533.4,106.02,0.0000,97230.8,97311,97311,97311,3,445867,5840,0,5776674
AMZRAT,14,0.500,40604400,0.125,delta_star,50000,50000,242.4,19.86,0.0000,222033.4,222092,423313,445770,0,445867,5840,0,5776674
AMZRAT,14,0.500,61686000,0.250,members,248,522,85327.1,59.05,0.4215,202419.0,202419,202419,202419,1,445867,5840,50199912,5776674
AMZRAT,14,0.500,61686000,0.250,size,22759,50000,848.5,60.81,0.0000,202259.0,202419,202419,202419,4,445867,5840,0,5776674
AMZRAT,14,0.500,61686000,0.250,delta_star,50000,50000,190.5,19.85,0.0000,223229.9,223605,423271,445773,0,445867,5840,0,5776674
AMZRAT,14,0.500,83466000,0.375,members,176,268,118585.3,48.02,0.4168,284489.0,284489,284489,284489,1,445867,5840,50070064,5776674
AMZRAT,14,0.500,83466000,0.375,size,31796,50000,666.1,48.84,0.0000,284372.7,284489,284489,284489,3,445867,5840,0,5776674
AMZRAT,14,0.500,83466000,0.375,delta_star,50000,50000,186.0,19.86,0.0000,222294.9,221641,423093,445770,0,445867,5840,0,5776674
AMZRAT,14,0.500,105663600,0.500,members,148,200,143119.2,44.43,0.4217,339387.0,339387,339387,339387,1,445867,5840,50229276,5776674
AMZRAT,14,0.500,105663600,0.500,size,38094,50000,566.5,43.76,0.0000,339315.7,339387,339387,339387,3,445867,5840,0,5776674
AMZRAT,14,0.500,105663600,0.500,delta_star,50000,50000,172.2,19.86,0.0000,222179.1,221909,423443,445771,0,445867,5840,0,5776674
AMZRAT,14,0.500,128559600,0.625,members,131,145,160696.8,39.59,0.4184,384090.0,384090,384090,384090,1,445867,5840,50315790,5776674
AMZRAT,14,0.500,128559600,0.625,size,42942,50000,502.4,40.76,0.0000,383964.8,384090,384090,384090,3,445867,5840,0,5776674
AMZRAT,14,0.500,128559600,0.625,delta_star,50000,50000,172.0,19.85,0.0000,222404.4,223143,423626,445768,0,445867,5840,0,5776674
AMZRAT,14,0.500,149986800,0.750,members,123,133,167434.7,39.10,0.4092,409179.0,409179,409179,409179,1,445867,5840,50329017,5776674
AMZRAT,14,0.500,149986800,0.750,size,45847,50000,442.5,39.25,0.0000,409098.7,409179,409179,409179,3,445867,5840,0,5776674
AMZRAT,14,0.500,149986800,0.750,delta_star,50000,50000,171.1,19.85,0.0000,221321.8,220910,422886,445752,0,445867,5840,0,5776674
AMZRAT,14,0.500,175388400,0.875,members,116,121,177438.6,38.35,0.4114,431274.0,431274,431274,431274,1,445867,5840,50027784,5776674
AMZRAT,14,0.500,175388400,0.875,size,48359,50000,468.6,38.03,0.0000,431175.9,431274,431274,431274,3,445867,5840,0,5776674
AMZRAT,14,0.500,175388400,0.875,delta_star,50000,50000,184.3,19.85,0.0000,223252.3,224158,423504,445774,0,445867,5840,0,5776674
AMZRAT,14,0.500,267757200,1.000,members,113,113,186330.1,37.45,0.4180,445774.0,445774,445774,445774,1,445867,5840,50372462,5776674
AMZRAT,14,0.500,267757200,1.000,size,50000,50000,366.5,37.68,0.0000,445684.9,445774,445774,445774,2,445867,5840,0,5776674
AMZRAT,14,0.500,267757200,1.000,delta_star,50000,50000,179.7,19.85,0.0000,222757.2,222277,423749,445765,0,445867,5840,0,5776674
AMZRAT,21,0.750,75690000,0.125,members,1160,4322,18592.7,82.73,0.4310,43134.0,43134,43134,43134,1,159326,3330,50035440,5776674
AMZRAT,21,0.750,75690000,0.125,size,13537,50000,740.2,82.21,0.0000,43134.0,43134,43134,43134,1,159326,3330,0,5776674
AMZRAT,21,0.750,75690000,0.125,delta_star,50000,50000,136.0,18.37,0.0000,79435.9,79383,151230,159324,0,159326,3330,0,5776674
AMZRAT,21,0.750,88815600,0.250,members,798,2101,26441.7,63.70,0.4218,62688.0,62688,62688,62688,1,159326,3330,50025024,5776674
AMZRAT,21,0.750,88815600,0.250,size,19569,50000,550.3,62.34,0.0000,62688.0,62688,62688,62688,1,159326,3330,0,5776674
AMZRAT,21,0.750,88815600,0.250,delta_star,50000,50000,131.6,18.38,0.0000,79548.6,79452,151270,159326,0,159326,3330,0,5776674
AMZRAT,21,0.750,104979600,0.375,members,581,1086,35768.4,50.31,0.4152,86150.0,86150,86150,86150,1,159326,3330,50053150,5776674
AMZRAT,21,0.750,104979600,0.375,size,27064,50000,455.4,49.91,0.0000,86150.0,86150,86150,86150,1,159326,3330,0,5776674
AMZRAT,21,0.750,104979600,0.375,delta_star,50000,50000,128.6,18.38,0.0000,79624.2,79734,151331,159310,0,159326,3330,0,5776674
AMZRAT,21,0.750,118371600,0.500,members,497,770,42215.6,44.68,0.4195,100629.0,100629,100629,100629,1,159326,3330,50012613,5776674
AMZRAT,21,0.750,118371600,0.500,size,31401,50000,423.6,45.37,0.0000,100629.0,100629,100629,100629,1,159326,3330,0,5776674
AMZRAT,21,0.750,118371600,0.500,delta_star,50000,50000,130.5,18.37,0.0000,79568.7,79564,151374,159322,0,159326,3330,0,5776674
AMZRAT,21,0.750,136080000,0.625,members,415,583,50584.8,41.93,0.4189,120763.0,120763,120763,120763,1,159326,3330,50116645,5776674
AMZRAT,21,0.750,136080000,0.625,size,37924,50000,377.9,40.43,0.0000,120763.0,120763,120763,120763,1,159326,3330,0,5776674
AMZRAT,21,0.750,136080000,0.625,delta_star,50000,50000,128.0,18.37,0.0000,79705.1,79606,151250,159326,0,159326,3330,0,5776674
AMZRAT,21,0.750,151196400,0.750,members,370,426,56460.3,37.34,0.4170,135390.0,135390,135390,135390,1,159326,3330,50094300,5776674
AMZRAT,21,0.750,151196400,0.750,size,42519,50000,362.9,37.79,0.0000,135390.0,135390,135390,135390,1,159326,3330,0,5776674
AMZRAT,21,0.750,151196400,0.750,delta_star,50000,50000,129.9,18.38,0.0000,79802.8,79970,151406,159325,0,159326,3330,0,5776674
AMZRAT,21,0.750,173149200,0.875,members,342,379,60829.3,36.44,0.4150,146575.0,146575,146575,146575,1,159326,3330,50128650,5776674
AMZRAT,21,0.750,173149200,0.875,size,45912,50000,343.8,36.11,0.0000,146575.0,146575,146575,146575,1,159326,3330,0,5776674
AMZRAT,21,0.750,173149200,0.875,delta_star,50000,50000,130.0,18.38,0.0000,79757.1,79827,151712,159326,0,159326,3330,0,5776674
AMZRAT,21,0.750,276130800,1.000,members,314,314,66449.6,34.58,0.4171,159326.0,159326,159326,159326,1,159326,3330,50028364,5776674
AMZRAT,21,0.750,276130800,1.000,size,50000,50000,243.8,34.71,0.0000,159326.0,159326,159326,159326,1,159326,3330,0,5776674
AMZRAT,21,0.750,276130800,1.000,delta_star,50000,50000,224.7,18.37,0.0000,79842.6,79873,151322,159324,0,159326,3330,0,5776674
AMZRAT,28,1.000,7513200,0.125,members,50000,50000,53.9,9.82,1.9245,28.0,28,28,28,1,28,1,1400000,5776674
AMZRAT,28,1.000,7513200,0.125,size,50000,50000,38.2,9.83,0.0000,28.0,28,28,28,1,28,1,0,5776674
AMZRAT,28,1.000,7513200,0.125,delta_star,50000,50000,46.9,19.32,0.0000,0.0,0,0,0,0,28,1,0,5776674
AMZRAT,28,1.000,7513200,0.250,members,50000,50000,53.9,9.82,1.9238,28.0,28,28,28,1,28,1,1400000,5776674
AMZRAT,28,1.000,7513200,0.250,size,50000,50000,38.5,9.82,0.0000,28.0,28,28,28,1,28,1,0,5776674
AMZRAT,28,1.000,7513200,0.250,delta_star,50000,50000,45.9,19.35,0.0000,0.0,0,0,0,0,28,1,0,5776674
AMZRAT,28,1.000,7513200,0.375,members,50000,50000,52.4,9.82,1.8702,28.0,28,28,28,1,28,1,1400000,5776674
AMZRAT,28,1.000,7513200,0.375,size,50000,50000,38.3,9.83,0.0000,28.0,28,28,28,1,28,1,0,5776674
AMZRAT,28,1.000,7513200,0.375,delta_star,50000,50000,45.9,19.38,0.0000,0.0,0,0,0,0,28,1,0,5776674
AMZRAT,28,1.000,7513200,0.500,members,50000,50000,53.9,9.82,1.9261,28.0,28,28,28,1,28,1,1400000,5776674
AMZRAT,28,1.000,7513200,0.500,size,50000,50000,39.2,9.82,0.0000,28.0,28,28,28,1,28,1,0,5776674
AMZRAT,28,1.000,7513200,0.500,delta_star,50000,50000,47.3,19.40,0.0000,0.0,0,0,0,0,28,1,0,5776674
AMZRAT,28,1.000,7513200,0.625,members,50000,50000,54.0,9.82,1.9293,28.0,28,28,28,1,28,1,1400000,5776674
AMZRAT,28,1.000,7513200,0.625,size,50000,50000,39.6,9.84,0.0000,28.0,28,28,28,1,28,1,0,5776674
AMZRAT,28,1.000,7513200,0.625,delta_star,50000,50000,46.5,19.40,0.0000,0.0,0,0,0,0,28,1,0,5776674
AMZRAT,28,1.000,7513200,0.750,members,50000,50000,52.4,9.81,1.8701,28.0,28,28,28,1,28,1,1400000,5776674
AMZRAT,28,1.000,7513200,0.750,size,50000,50000,38.3,9.81,0.0000,28.0,28,28,28,1,28,1,0,5776674
AMZRAT,28,1.000,7513200,0.750,delta_star,50000,50000,45.9,19.47,0.0000,0.0,0,0,0,0,28,1,0,5776674
AMZRAT,28,1.000,7513200,0.875,members,50000,50000,52.4,9.82,1.8703,28.0,28,28,28,1,28,1,1400000,5776674
AMZRAT,28,1.000,7513200,0.875,size,50000,50000,39.8,9.81,0.0000,28.0,28,28,28,1,28,1,0,5776674
AMZRAT,28,1.000,7513200,0.875,delta_star,50000,50000,46.4,19.38,0.0000,0.0,0,0,0,0,28,1,0,5776674
AMZRAT,28,1.000,7513200,1.000,members,50000,50000,52.8,9.82,1.8864,28.0,28,28,28,1,28,1,1400000,5776674
AMZRAT,28,1.000,7513200,1.000,size,50000,50000,38.4,9.82,0.0000,28.0,28,28,28,1,28,1,0,5776674
AMZRAT,28,1.000,7513200,1.000,delta_star,50000,50000,45.8,19.41,0.0000,0.0,0,0,0,0,28,1,0,5776674
SUPERUSER,1,0.004,76253,0.125,members,70,70,299405.6,59.51,0.4137,723641.5,888682,888682,888682,14,1108715,596571,50654902,1108715
SUPERUSER,1,0.004,76253,0.125,size,50000,50000,805.6,60.84,0.0000,709204.3,888682,888682,888682,9595,1108715,596571,0,1108715
SUPERUSER,1,0.004,76253,0.125,delta_star,50000,50000,459.3,26.06,0.0000,240586.4,271,1047793,1106454,0,1108715,596571,0,1108715
SUPERUSER,1,0.004,195298,0.250,members,63,63,330295.3,60.56,0.4115,802650.8,954094,954094,954094,11,1108715,596571,50566999,1108715
SUPERUSER,1,0.004,195298,0.250,size,50000,50000,816.5,62.33,0.0000,821494.3,954094,954094,954094,6653,1108715,596571,0,1108715
SUPERUSER,1,0.004,195298,0.250,delta_star,50000,50000,454.6,26.04,0.0000,242245.8,271,1049684,1106495,0,1108715,596571,0,1108715
SUPERUSER,1,0.004,448444,0.375,members,53,53,397504.2,66.36,0.4175,952070.9,989407,989407,989407,3,1108715,596571,50459760,1108715
SUPERUSER,1,0.004,448444,0.375,size,50000,50000,744.1,62.70,0.0000,879998.6,989407,989407,989407,5276,1108715,596571,0,1108715
SUPERUSER,1,0.004,448444,0.375,delta_star,50000,50000,457.6,26.04,0.0000,241666.8,273,1050346,1106521,0,1108715,596571,0,1108715
SUPERUSER,1,0.004,1069242,0.500,members,56,56,383685.4,64.82,0.4215,910332.5,1019571,1019571,1019571,7,1108715,596571,50978621,1108715
SUPERUSER,1,0.004,1069242,0.500,size,50000,50000,742.8,63.45,0.0000,935905.2,1019571,1019571,1019571,3914,1108715,596571,0,1108715
SUPERUSER,1,0.004,1069242,0.500,delta_star,50000,50000,446.0,26.02,0.0000,246396.3,273,1051487,1106526,0,1108715,596571,0,1108715
SUPERUSER,1,0.004,2610792,0.625,members,52,52,414441.5,64.21,0.4288,966543.9,1047089,1047089,1047089,5,1108715,596571,50260282,1108715
SUPERUSER,1,0.004,2610792,0.625,size,50000,50000,819.0,63.47,0.0000,986295.2,1047089,1047089,1047089,2771,1108715,596571,0,1108715
SUPERUSER,1,0.004,2610792,0.625,delta_star,50000,50000,454.8,26.00,0.0000,242835.7,270,1050397,1106522,0,1108715,596571,0,1108715
SUPERUSER,1,0.004,6669112,0.750,members,47,47,447770.2,66.45,0.4175,1072585.0,1072585,1072585,1072585,1,1108715,596571,50411495,1108715
SUPERUSER,1,0.004,6669112,0.750,size,50000,50000,1288.5,63.96,0.0000,1038069.4,1072585,1072585,1072585,1538,1108715,596571,0,1108715
SUPERUSER,1,0.004,6669112,0.750,delta_star,50000,50000,458.0,26.05,0.0000,242406.1,274,1051794,1106520,0,1108715,596571,0,1108715
SUPERUSER,1,0.004,18485773,0.875,members,46,46,456367.6,65.91,0.4174,1093230.0,1093230,1093230,1093230,1,1108715,596571,50288580,1108715
SUPERUSER,1,0.004,18485773,0.875,size,50000,50000,726.6,64.33,0.0000,1077793.6,1093230,1093230,1093230,679,1108715,596571,0,1108715
SUPERUSER,1,0.004,18485773,0.875,delta_star,50000,50000,458.2,26.04,0.0000,244119.7,272,1051838,1106499,0,1108715,596571,0,1108715
SUPERUSER,1,0.004,229205286,1.000,members,47,47,452184.5,69.26,0.4175,1082985.9,1106529,1106529,1106529,2,1108715,596571,50900337,1108715
SUPERUSER,1,0.004,229205286,1.000,size,50000,50000,700.7,65.16,0.0000,1104470.9,1106529,1106529,1106529,91,1108715,596571,0,1108715
SUPERUSER,1,0.004,229205286,1.000,delta_star,50000,50000,442.6,26.05,0.0000,241397.4,272,1049691,1106497,0,1108715,596571,0,1108715
SUPERUSER,60,0.249,17701107,0.125,members,1227,5646,18146.6,100.15,0.4450,40781.0,40781,40781,40781,1,183792,24518,50038287,1108715
SUPERUSER,60,0.249,17701107,0.125,size,11108,50000,871.1,98.46,0.0000,40781.0,40781,40781,40781,1,183792,24518,0,1108715
SUPERUSER,60,0.249,17701107,0.125,delta_star,50000,50000,143.4,18.64,0.0000,91895.0,92256,174685,183789,0,183792,24518,0,1108715
SUPERUSER,60,0.249,26537560,0.250,members,738,1989,29544.8,66.34,0.4356,67822.0,67822,67822,67822,1,183792,24518,50052636,1108715
SUPERUSER,60,0.249,26537560,0.250,size,18439,50000,609.8,66.39,0.0000,67822.0,67822,67822,67822,1,183792,24518,0,1108715
SUPERUSER,60,0.249,26537560,0.250,delta_star,50000,50000,134.5,18.63,0.0000,92099.4,92428,174442,183786,0,183792,24518,0,1108715
SUPERUSER,60,0.249,35812205,0.375,members,548,1119,38126.4,54.49,0.4178,91247.0,91247,91247,91247,1,183792,24518,50003356,1108715
SUPERUSER,60,0.249,35812205,0.375,size,24823,50000,508.6,53.88,0.0000,91247.0,91247,91247,91247,1,183792,24518,0,1108715
SUPERUSER,60,0.249,35812205,0.375,delta_star,50000,50000,135.7,18.63,0.0000,92028.7,92197,174465,183778,0,183792,24518,0,1108715
SUPERUSER,60,0.249,47797952,0.500,members,439,694,47631.8,46.04,0.4180,113938.0,113938,113938,113938,1,183792,24518,50018782,1108715
SUPERUSER,60,0.249,47797952,0.500,size,30999,50000,480.6,46.63,0.0000,113938.0,113938,113938,113938,1,183792,24518,0,1108715
SUPERUSER,60,0.249,47797952,0.500,delta_star,50000,50000,133.4,18.64,0.0000,91942.5,92381,174463,183789,0,183792,24518,0,1108715
SUPERUSER,60,0.249,61585158,0.625,members,375,521,55461.9,42.53,0.4159,133365.0,133365,133365,133365,1,183792,24518,50011875,1108715
SUPERUSER,60,0.249,61585158,0.625,size,36264,50000,438.2,42.30,0.0000,133365.0,133365,133365,133365,1,183792,24518,0,1108715
SUPERUSER,60,0.249,61585158,0.625,delta_star,50000,50000,136.8,18.63,0.0000,91648.3,91668,174885,183785,0,183792,24518,0,1108715
SUPERUSER,60,0.249,80999747,0.750,members,333,413,62929.5,39.72,0.4188,150255.0,150255,150255,150255,1,183792,24518,50034915,1108715
SUPERUSER,60,0.249,80999747,0.750,size,40880,50000,388.2,39.42,0.0000,150255.0,150255,150255,150255,1,183792,24518,0,1108715
SUPERUSER,60,0.249,80999747,0.750,delta_star,50000,50000,134.0,18.63,0.0000,92067.4,92375,174628,183790,0,183792,24518,0,1108715
SUPERUSER,60,0.249,108920850,0.875,members,297,326,68972.6,36.98,0.4089,168663.0,168663,168663,168663,1,183792,24518,50092911,1108715
SUPERUSER,60,0.249,108920850,0.875,size,45902,50000,331.9,36.79,0.0000,168663.0,168663,168663,168663,1,183792,24518,0,1108715
SUPERUSER,60,0.249,108920850,0.875,delta_star,50000,50000,134.0,18.63,0.0000,91874.6,92040,174697,183789,0,183792,24518,0,1108715
SUPERUSER,60,0.249,212934556,1.000,members,273,273,85574.6,35.34,0.4656,183792.0,183792,183792,183792,1,183792,24518,50175216,1108715
SUPERUSER,60,0.249,212934556,1.000,size,50000,50000,240.5,35.35,0.0000,183792.0,183792,183792,183792,1,183792,24518,0,1108715
SUPERUSER,60,0.249,212934556,1.000,delta_star,50000,50000,134.3,18.64,0.0000,92214.4,92558,174592,183791,0,183792,24518,0,1108715
SUPERUSER,121,0.502,32551344,0.125,members,3462,15661,6715.4,89.52,0.4649,14444.0,14444,14444,14444,1,66091,6661,50005128,1108715
SUPERUSER,121,0.502,32551344,0.125,size,11001,50000,674.6,89.88,0.0000,14444.0,14444,14444,14444,1,66091,6661,0,1108715
SUPERUSER,121,0.502,32551344,0.125,delta_star,50000,50000,112.9,17.08,0.0000,32845.8,32769,62788,66091,0,66091,6661,0,1108715
SUPERUSER,121,0.502,41739253,0.250,members,2198,6422,9869.3,63.69,0.4338,22750.0,22750,22750,22750,1,66091,6661,50004500,1108715
SUPERUSER,121,0.502,41739253,0.250,size,17271,50000,505.8,63.26,0.0000,22750.0,22750,22750,22750,1,66091,6661,0,1108715
SUPERUSER,121,0.502,41739253,0.250,delta_star,50000,50000,112.6,17.09,0.0000,33069.9,33085,62887,66088,0,66091,6661,0,1108715
SUPERUSER,121,0.502,52721841,0.375,members,1618,3542,13318.1,51.77,0.4309,30909.0,30909,30909,30909,1,66091,6661,50010762,1108715
SUPERUSER,121,0.502,52721841,0.375,size,23514,50000,418.6,50.80,0.0000,30909.0,30909,30909,30909,1,66091,6661,0,1108715
SUPERUSER,121,0.502,52721841,0.375,delta_star,50000,50000,109.9,17.08,0.0000,33014.1,33125,62771,66091,0,66091,6661,0,1108715
SUPERUSER,121,0.502,64624872,0.500,members,1321,2316,18014.2,44.69,0.4758,37857.0,37857,37857,37857,1,66091,6661,50009097,1108715
SUPERUSER,121,0.502,64624872,0.500,size,28820,50000,376.2,44.39,0.0000,37857.0,37857,37857,37857,1,66091,6661,0,1108715
SUPERUSER,121,0.502,64624872,0.500,delta_star,50000,50000,112.5,17.08,0.0000,33064.0,33056,62801,66090,0,66091,6661,0,1108715
SUPERUSER,121,0.502,78567514,0.625,members,1093,1568,19155.8,39.39,0.4186,45766.0,45766,45766,45766,1,66091,6661,50022238,1108715
SUPERUSER,121,0.502,78567514,0.625,size,34710,50000,335.4,39.52,0.0000,45766.0,45766,45766,45766,1,66091,6661,0,1108715
SUPERUSER,121,0.502,78567514,0.625,delta_star,50000,50000,127.5,17.08,0.0000,33139.1,33180,62791,66089,0,66091,6661,0,1108715
SUPERUSER,121,0.502,95209571,0.750,members,928,1133,22662.8,35.84,0.4204,53908.0,53908,53908,53908,1,66091,6661,50026624,1108715
SUPERUSER,121,0.502,95209571,0.750,size,40840,50000,295.1,35.85,0.0000,53908.0,53908,53908,53908,1,66091,6661,0,1108715
SUPERUSER,121,0.502,95209571,0.750,delta_star,50000,50000,108.7,17.08,0.0000,32900.6,32869,62771,66089,0,66091,6661,0,1108715
SUPERUSER,121,0.502,122479518,0.875,members,848,944,24628.2,33.90,0.4173,59015.0,59015,59015,59015,1,66091,6661,50044720,1108715
SUPERUSER,121,0.502,122479518,0.875,size,44629,50000,273.9,34.01,0.0000,59015.0,59015,59015,59015,1,66091,6661,0,1108715
SUPERUSER,121,0.502,122479518,0.875,delta_star,50000,50000,164.7,17.09,0.0000,32869.4,32810,62666,66090,0,66091,6661,0,1108715
SUPERUSER,121,0.502,207795483,1.000,members,757,757,27212.6,31.99,0.4117,66091.0,66091,66091,66091,1,66091,6661,50030887,1108715
SUPERUSER,121,0.502,207795483,1.000,size,50000,50000,176.9,32.08,0.0000,66091.0,66091,66091,66091,1,66091,6661,0,1108715
SUPERUSER,121,0.502,207795483,1.000,delta_star,50000,50000,111.5,17.09,0.0000,32924.8,32766,62779,66087,0,66091,6661,0,1108715
SUPERUSER,181,0.751,60608113,0.125,members,5659,18986,4161.5,65.73,0.4709,8837.0,8837,8837,8837,1,29404,1830,50008583,1108715
SUPERUSER,181,0.751,60608113,0.125,size,15053,50000,444.2,65.22,0.0000,8837.0,8837,8837,8837,1,29404,1830,0,1108715
SUPERUSER,181,0.751,60608113,0.125,delta_star,50000,50000,94.1,16.01,0.0000,14734.6,14747,27973,29404,0,29404,1830,0,1108715
SUPERUSER,181,0.751,68585928,0.250,members,4394,11172,5061.8,53.51,0.4448,11380.0,11380,11380,11380,1,29404,1830,50003720,1108715
SUPERUSER,181,0.751,68585928,0.250,size,19411,50000,378.6,54.01,0.0000,11380.0,11380,11380,11380,1,29404,1830,0,1108715
SUPERUSER,181,0.751,68585928,0.250,delta_star,50000,50000,95.2,16.02,0.0000,14655.3,14646,27957,29404,0,29404,1830,0,1108715
SUPERUSER,181,0.751,80025961,0.375,members,3314,6551,6648.1,44.93,0.4406,15090.0,15090,15090,15090,1,29404,1830,50008260,1108715
SUPERUSER,181,0.751,80025961,0.375,size,25570,50000,317.9,44.63,0.0000,15090.0,15090,15090,15090,1,29404,1830,0,1108715
SUPERUSER,181,0.751,80025961,0.375,delta_star,50000,50000,95.4,16.02,0.0000,14707.1,14688,27922,29404,0,29404,1830,0,1108715
SUPERUSER,181,0.751,91961240,0.500,members,2573,3862,8409.4,37.65,0.4326,19438.0,19438,19438,19438,1,29404,1830,50013974,1108715
SUPERUSER,181,0.751,91961240,0.500,size,32753,50000,270.9,38.03,0.0000,19438.0,19438,19438,19438,1,29404,1830,0,1108715
SUPERUSER,181,0.751,91961240,0.500,delta_star,50000,50000,95.3,16.00,0.0000,14648.2,14630,27931,29403,0,29404,1830,0,1108715
SUPERUSER,181,0.751,105420093,0.625,members,2319,3157,9283.0,35.46,0.4304,21567.0,21567,21567,21567,1,29404,1830,50013873,1108715
SUPERUSER,181,0.751,105420093,0.625,size,36730,50000,253.0,35.46,0.0000,21567.0,21567,21567,21567,1,29404,1830,0,1108715
SUPERUSER,181,0.751,105420093,0.625,delta_star,50000,50000,95.1,16.04,0.0000,14682.8,14741,27867,29404,0,29404,1830,0,1108715
SUPERUSER,181,0.751,117580880,0.750,members,2144,2707,9754.2,33.88,0.4182,23323.0,23323,23323,23323,1,29404,1830,50004512,1108715
SUPERUSER,181,0.751,117580880,0.750,size,39713,50000,230.7,33.84,0.0000,23323.0,23323,23323,23323,1,29404,1830,0,1108715
SUPERUSER,181,0.751,117580880,0.750,delta_star,50000,50000,92.9,16.01,0.0000,14680.8,14660,27906,29404,0,29404,1830,0,1108715
SUPERUSER,181,0.751,141490073,0.875,members,1947,2220,10895.2,31.86,0.4241,25692.0,25692,25692,25692,1,29404,1830,50022324,1108715
SUPERUSER,181,0.751,141490073,0.875,size,43690,50000,217.8,31.96,0.0000,25692.0,25692,25692,25692,1,29404,1830,0,1108715
SUPERUSER,181,0.751,141490073,0.875,delta_star,50000,50000,95.3,16.01,0.0000,14671.6,14692,27898,29404,0,29404,1830,0,1108715
SUPERUSER,181,0.751,200233999,1.000,members,1701,1701,12083.1,29.80,0.4109,29404.0,29404,29404,29404,1,29404,1830,50016204,1108715
SUPERUSER,181,0.751,200233999,1.000,size,50000,50000,129.0,29.80,0.0000,29404.0,29404,29404,29404,1,29404,1830,0,1108715
SUPERUSER,181,0.751,200233999,1.000,delta_star,50000,50000,95.1,16.02,0.0000,14637.4,14650,27931,29404,0,29404,1830,0,1108715
SUPERUSER,241,1.000,147764455,0.125,members,6600,6617,3271.7,25.51,0.4318,7576.0,7576,7576,7576,1,7593,17,50001600,1108715
SUPERUSER,241,1.000,147764455,0.125,size,49898,50000,126.5,25.52,0.0000,7576.0,7576,7576,7576,1,7593,17,0,1108715
SUPERUSER,241,1.000,147764455,0.125,delta_star,50000,50000,79.6,14.19,0.0000,3787.8,3785,7205,7593,0,7593,17,0,1108715
SUPERUSER,241,1.000,148690253,0.250,members,6599,6610,3641.4,25.54,0.4805,7578.0,7578,7578,7578,1,7593,17,50007222,1108715
SUPERUSER,241,1.000,148690253,0.250,size,49907,50000,124.8,25.54,0.0000,7578.0,7578,7578,7578,1,7593,17,0,1108715
SUPERUSER,241,1.000,148690253,0.250,delta_star,50000,50000,77.8,14.18,0.0000,3790.0,3782,7217,7593,0,7593,17,0,1108715
SUPERUSER,241,1.000,149148224,0.375,members,6597,6613,3268.2,25.36,0.4312,7580.0,7580,7580,7580,1,7593,17,50005260,1108715
SUPERUSER,241,1.000,149148224,0.375,size,49935,50000,123.8,25.34,0.0000,7580.0,7580,7580,7580,1,7593,17,0,1108715
SUPERUSER,241,1.000,149148224,0.375,delta_star,50000,50000,79.8,14.20,0.0000,3796.7,3807,7219,7593,0,7593,17,0,1108715
SUPERUSER,241,1.000,149954963,0.500,members,6595,6606,3276.4,25.60,0.4321,7582.0,7582,7582,7582,1,7593,17,50003290,1108715
SUPERUSER,241,1.000,149954963,0.500,size,49936,50000,123.1,25.60,0.0000,7582.0,7582,7582,7582,1,7593,17,0,1108715
SUPERUSER,241,1.000,149954963,0.500,delta_star,50000,50000,78.8,14.21,0.0000,3798.3,3796,7215,7593,0,7593,17,0,1108715
SUPERUSER,241,1.000,153996646,0.625,members,6591,6596,3207.8,25.46,0.4228,7587.0,7587,7587,7587,1,7593,17,50005917,1108715
SUPERUSER,241,1.000,153996646,0.625,size,49951,50000,119.5,25.47,0.0000,7587.0,7587,7587,7587,1,7593,17,0,1108715
SUPERUSER,241,1.000,153996646,0.625,delta_star,50000,50000,79.5,14.17,0.0000,3793.7,3784,7209,7593,0,7593,17,0,1108715
SUPERUSER,241,1.000,155547565,0.750,members,6589,6591,3278.0,25.58,0.4319,7589.0,7589,7589,7589,1,7593,17,50003921,1108715
SUPERUSER,241,1.000,155547565,0.750,size,49965,50000,114.7,25.59,0.0000,7589.0,7589,7589,7589,1,7593,17,0,1108715
SUPERUSER,241,1.000,155547565,0.750,delta_star,50000,50000,79.3,14.20,0.0000,3789.6,3803,7205,7593,0,7593,17,0,1108715
SUPERUSER,241,1.000,159706569,0.875,members,6587,6589,3216.0,25.32,0.4237,7591.0,7591,7591,7591,1,7593,17,50001917,1108715
SUPERUSER,241,1.000,159706569,0.875,size,49990,50000,111.0,25.31,0.0000,7591.0,7591,7591,7591,1,7593,17,0,1108715
SUPERUSER,241,1.000,159706569,0.875,delta_star,50000,50000,78.7,14.21,0.0000,3789.4,3783,7215,7593,0,7593,17,0,1108715
SUPERUSER,241,1.000,164085597,1.000,members,6586,6586,3269.8,25.84,0.4306,7593.0,7593,7593,7593,1,7593,17,50007498,1108715
SUPERUSER,241,1.000,164085597,1.000,size,50000,50000,157.5,25.85,0.0000,7593.0,7593,7593,7593,1,7593,17,0,1108715
SUPERUSER,241,1.000,164085597,1.000,delta_star,50000,50000,79.5,14.20,0.0000,3806.5,3804,7212,7593,0,7593,17,0,1108715
GOWALLA,1,0.002,291881,0.125,members,11,11,1912177.5,47.91,0.4174,4580844.3,5598806,5598806,5598806,3,6442291,2318163,50389287,6442291
GOWALLA,1,0.002,291881,0.125,size,50000,50000,1315.1,46.75,0.0000,4866596.9,5598806,5598806,5598806,6189,6442291,2318163,0,6442291
GOWALLA,1,0.002,291881,0.125,delta_star,50000,50000,685.4,28.68,0.0000,2498124.5,2357177,6089921,6432112,0,6442291,2318163,0,6442291
GOWALLA,1,0.002,622863,0.250,members,9,9,2573469.9,46.44,0.4179,6158786.0,6158786,6158786,6158786,1,6442291,2318163,55429074,6442291
GOWALLA,1,0.002,622863,0.250,size,50000,50000,1369.2,48.40,0.0000,5885336.8,6158786,6158786,6158786,2094,6442291,2318163,0,6442291
GOWALLA,1,0.002,622863,0.250,delta_star,50000,50000,682.7,28.63,0.0000,2528655.5,2415861,6094588,6432275,0,6442291,2318163,0,6442291
GOWALLA,1,0.002,1086124,0.375,members,9,9,2361439.7,48.78,0.4216,5600608.7,6300684,6300684,6300684,2,6442291,2318163,50405478,6442291
GOWALLA,1,0.002,1086124,0.375,size,50000,50000,1223.6,48.75,0.0000,6163581.6,6300684,6300684,6300684,1026,6442291,2318163,0,6442291
GOWALLA,1,0.002,1086124,0.375,delta_star,50000,50000,831.0,28.68,0.0000,2502992.8,2369197,6075299,6432168,0,6442291,2318163,0,6442291
GOWALLA,1,0.002,1716726,0.500,members,8,8,2622312.0,50.00,0.4121,6362827.0,6362827,6362827,6362827,1,6442291,2318163,50902616,6442291
GOWALLA,1,0.002,1716726,0.500,size,50000,50000,1186.5,48.97,0.0000,6284691.7,6362827,6362827,6362827,579,6442291,2318163,0,6442291
GOWALLA,1,0.002,1716726,0.500,delta_star,50000,50000,705.9,28.71,0.0000,2484943.0,2339172,6070478,6432168,0,6442291,2318163,0,6442291
GOWALLA,1,0.002,2615350,0.625,members,8,8,2824544.3,54.38,0.4418,6393739.0,6393739,6393739,6393739,1,6442291,2318163,51149912,6442291
GOWALLA,1,0.002,2615350,0.625,size,50000,50000,1178.9,49.03,0.0000,6341566.2,6393739,6393739,6393739,386,6442291,2318163,0,6442291
GOWALLA,1,0.002,2615350,0.625,delta_star,50000,50000,689.7,28.66,0.0000,2523796.0,2402354,6098455,6432177,0,6442291,2318163,0,6442291
GOWALLA,1,0.002,4154193,0.750,members,8,8,2673188.1,47.75,0.4169,6412060.0,6412060,6412060,6412060,1,6442291,2318163,51296480,6442291
GOWALLA,1,0.002,4154193,0.750,size,50000,50000,1182.9,49.04,0.0000,6381025.7,6412060,6412060,6412060,225,6442291,2318163,0,6442291
GOWALLA,1,0.002,4154193,0.750,delta_star,50000,50000,675.0,28.63,0.0000,2517201.3,2401163,6089850,6432056,0,6442291,2318163,0,6442291
GOWALLA,1,0.002,7183348,0.875,members,8,8,2652930.5,49.62,0.4129,6424431.0,6424431,6424431,6424431,1,6442291,2318163,51395448,6442291
GOWALLA,1,0.002,7183348,0.875,size,50000,50000,1139.1,49.07,0.0000,6404772.3,6424431,6424431,6424431,147,6442291,2318163,0,6442291
GOWALLA,1,0.002,7183348,0.875,delta_star,50000,50000,675.7,28.66,0.0000,2493852.5,2347184,6089399,6432281,0,6442291,2318163,0,6442291
GOWALLA,1,0.002,49241582,1.000,members,8,8,2659372.3,54.75,0.4134,6432292.0,6432292,6432292,6432292,1,6442291,2318163,51458336,6442291
GOWALLA,1,0.002,49241582,1.000,size,50000,50000,1533.9,49.45,0.0000,6421228.5,6432292,6432292,6432292,82,6442291,2318163,0,6442291
GOWALLA,1,0.002,49241582,1.000,delta_star,50000,50000,683.4,28.64,0.0000,2495031.9,2352701,6083130,6432114,0,6442291,2318163,0,6442291
GOWALLA,131,0.250,8185043,0.125,members,6731,50000,1067.5,126.17,2.9909,356.9,295,838,838,26,49130,5139,2402515,6442291
GOWALLA,131,0.250,8185043,0.125,size,6695,50000,858.0,126.72,0.0000,355.3,295,838,838,26,49130,5139,0,6442291
GOWALLA,131,0.250,8185043,0.125,delta_star,50000,50000,146.6,24.65,0.0000,1240.0,137,8805,16740,0,49130,5139,0,6442291
GOWALLA,131,0.250,10048870,0.250,members,11886,50000,722.3,75.50,1.8274,395.3,271,1047,1047,47,49130,5139,4698392,6442291
GOWALLA,131,0.250,10048870,0.250,size,11718,50000,535.5,76.45,0.0000,391.8,271,1047,1047,47,49130,5139,0,6442291
GOWALLA,131,0.250,10048870,0.250,delta_star,50000,50000,133.6,24.65,0.0000,1261.5,136,8876,16742,0,49130,5139,0,6442291
GOWALLA,131,0.250,11778993,0.375,members,17278,50000,617.1,54.80,1.3367,461.7,216,1332,1332,69,49130,5139,7976598,6442291
GOWALLA,131,0.250,11778993,0.375,size,17541,50000,402.9,54.14,0.0000,466.0,216,1332,1332,69,49130,5139,0,6442291
GOWALLA,131,0.250,11778993,0.375,delta_star,50000,50000,139.2,24.84,0.0000,1252.9,136,8890,16742,0,49130,5139,0,6442291
GOWALLA,131,0.250,13546275,0.500,members,22941,50000,580.1,43.59,1.0233,566.8,292,2079,2079,87,49130,5139,13003786,6442291
GOWALLA,131,0.250,13546275,0.500,size,23114,50000,330.0,43.31,0.0000,567.2,292,2079,2079,87,49130,5139,0,6442291
GOWALLA,131,0.250,13546275,0.500,delta_star,50000,50000,137.6,24.79,0.0000,1273.8,136,8923,16742,0,49130,5139,0,6442291
GOWALLA,131,0.250,15393386,0.625,members,29792,50000,520.2,35.45,0.9171,567.3,283,2520,2520,115,49130,5139,16899527,6442291
GOWALLA,131,0.250,15393386,0.625,size,29870,50000,261.3,35.40,0.0000,577.3,283,2520,2520,115,49130,5139,0,6442291
GOWALLA,131,0.250,15393386,0.625,delta_star,50000,50000,134.9,24.76,0.0000,1250.7,136,8856,16741,0,49130,5139,0,6442291
GOWALLA,131,0.250,17965234,0.750,members,35820,50000,642.2,31.38,0.6664,963.7,299,4678,4678,132,49130,5139,34518669,6442291
GOWALLA,131,0.250,17965234,0.750,size,35746,50000,229.0,31.44,0.0000,959.6,299,4678,4678,132,49130,5139,0,6442291
GOWALLA,131,0.250,17965234,0.750,delta_star,50000,50000,131.9,24.67,0.0000,1256.9,136,8867,16742,0,49130,5139,0,6442291
GOWALLA,131,0.250,21081469,0.875,members,33867,40568,821.4,28.61,0.5563,1476.5,315,6844,6844,145,49130,5139,50004597,6442291
GOWALLA,131,0.250,21081469,0.875,size,41678,50000,197.5,28.62,0.0000,1484.0,314,6844,6844,145,49130,5139,0,6442291
GOWALLA,131,0.250,21081469,0.875,delta_star,50000,50000,132.2,24.73,0.0000,1234.0,135,8782,16741,0,49130,5139,0,6442291
GOWALLA,131,0.250,46567514,1.000,members,8009,8009,2752.2,27.82,0.4408,6243.1,522,16742,16742,130,49130,5139,50000846,6442291
GOWALLA,131,0.250,46567514,1.000,size,50000,50000,159.7,27.88,0.0000,6263.7,522,16742,16742,130,49130,5139,0,6442291
GOWALLA,131,0.250,46567514,1.000,delta_star,50000,50000,133.8,24.79,0.0000,1264.0,137,8883,16742,0,49130,5139,0,6442291
GOWALLA,262,0.501,13803715,0.125,members,4804,50000,935.6,139.36,3.2224,290.3,299,299,299,2,5878,296,1394780,6442291
GOWALLA,262,0.501,13803715,0.125,size,4982,50000,780.3,134.64,0.0000,290.2,299,299,299,2,5878,296,0,6442291
GOWALLA,262,0.501,13803715,0.125,delta_star,50000,50000,90.3,18.62,0.0000,345.1,213,1093,1293,0,5878,296,0,6442291
GOWALLA,262,0.501,15717019,0.250,members,11617,50000,528.0,62.60,1.4164,372.8,281,523,523,4,5878,296,4330421,6442291
GOWALLA,262,0.501,15717019,0.250,size,11360,50000,383.2,63.82,0.0000,370.1,281,523,523,4,5878,296,0,6442291
GOWALLA,262,0.501,15717019,0.250,delta_star,50000,50000,92.4,18.66,0.0000,349.1,213,1099,1293,0,5878,296,0,6442291
GOWALLA,262,0.501,16550637,0.375,members,14371,50000,460.0,52.15,1.2693,362.4,290,523,523,5,5878,296,5207627,6442291
GOWALLA,262,0.501,16550637,0.375,size,14395,50000,304.1,52.12,0.0000,361.6,290,523,523,5,5878,296,0,6442291
GOWALLA,262,0.501,16550637,0.375,delta_star,50000,50000,90.2,18.62,0.0000,347.9,214,1093,1293,0,5878,296,0,6442291
GOWALLA,262,0.501,18705014,0.500,members,16955,50000,420.8,45.51,1.1810,356.3,317,523,523,6,5878,296,6041697,6442291
GOWALLA,262,0.501,18705014,0.500,size,17132,50000,262.6,45.14,0.0000,356.6,317,523,523,6,5878,296,0,6442291
GOWALLA,262,0.501,18705014,0.500,delta_star,50000,50000,90.4,18.61,0.0000,347.6,214,1092,1293,0,5878,296,0,6442291
GOWALLA,262,0.501,19856545,0.625,members,24803,50000,420.6,34.40,0.8205,512.6,323,869,869,7,5878,296,12713859,6442291
GOWALLA,262,0.501,19856545,0.625,size,24929,50000,209.4,34.28,0.0000,512.0,323,869,869,7,5878,296,0,6442291
GOWALLA,262,0.501,19856545,0.625,delta_star,50000,50000,91.6,18.72,0.0000,346.9,214,1093,1293,0,5878,296,0,6442291
GOWALLA,262,0.501,22973471,0.750,members,27215,50000,453.6,32.17,0.6928,654.7,523,1167,1167,7,5878,296,17817239,6442291
GOWALLA,262,0.501,22973471,0.750,size,27271,50000,180.6,32.11,0.0000,655.0,523,1167,1167,7,5878,296,0,6442291
GOWALLA,262,0.501,22973471,0.750,delta_star,50000,50000,90.5,18.61,0.0000,348.0,213,1093,1293,0,5878,296,0,6442291
GOWALLA,262,0.501,27660793,0.875,members,39024,50000,364.6,24.99,0.6692,544.9,317,1185,1185,12,5878,296,21262335,6442291
GOWALLA,262,0.501,27660793,0.875,size,39335,50000,129.9,24.90,0.0000,550.4,317,1185,1185,12,5878,296,0,6442291
GOWALLA,262,0.501,27660793,0.875,delta_star,50000,50000,92.3,18.58,0.0000,346.2,214,1088,1293,0,5878,296,0,6442291
GOWALLA,262,0.501,32848659,1.000,members,50000,50000,404.7,22.22,0.5485,737.9,561,1293,1293,12,5878,296,36893240,6442291
GOWALLA,262,0.501,32848659,1.000,size,50000,50000,102.1,22.23,0.0000,737.9,561,1293,1293,12,5878,296,0,6442291
GOWALLA,262,0.501,32848659,1.000,delta_star,50000,50000,92.0,18.62,0.0000,346.1,213,1090,1293,0,5878,296,0,6442291
GOWALLA,392,0.750,22066209,0.125,members,38185,50000,273.8,21.11,0.6846,400.0,400,400,400,1,523,45,15274000,6442291
GOWALLA,392,0.750,22066209,0.125,size,38077,50000,105.0,21.14,0.0000,400.0,400,400,400,1,523,45,0,6442291
GOWALLA,392,0.750,22066209,0.125,delta_star,50000,50000,65.4,13.88,0.0000,265.5,261,497,523,0,523,45,0,6442291
GOWALLA,392,0.750,22268129,0.250,members,39381,50000,274.5,20.69,0.6696,410.0,410,410,410,1,523,45,16146210,6442291
GOWALLA,392,0.750,22268129,0.250,size,39322,50000,102.9,20.71,0.0000,410.0,410,410,410,1,523,45,0,6442291
GOWALLA,392,0.750,22268129,0.250,delta_star,50000,50000,65.1,13.88,0.0000,266.2,263,498,523,0,523,45,0,6442291
GOWALLA,392,0.750,22749812,0.375,members,40170,50000,424.6,20.45,1.0132,419.0,419,419,419,1,523,45,16831230,6442291
GOWALLA,392,0.750,22749812,0.375,size,40001,50000,103.9,20.50,0.0000,419.0,419,419,419,1,523,45,0,6442291
GOWALLA,392,0.750,22749812,0.375,delta_star,50000,50000,64.5,13.79,0.0000,266.6,264,497,523,0,523,45,0,6442291
GOWALLA,392,0.750,22852336,0.500,members,41058,50000,278.5,20.12,0.6461,431.0,431,431,431,1,523,45,17695998,6442291
GOWALLA,392,0.750,22852336,0.500,size,41119,50000,98.4,20.10,0.0000,431.0,431,431,431,1,523,45,0,6442291
GOWALLA,392,0.750,22852336,0.500,delta_star,50000,50000,65.1,13.90,0.0000,266.4,263,497,523,0,523,45,0,6442291
GOWALLA,392,0.750,22985765,0.625,members,42633,50000,282.7,19.75,0.6352,445.0,445,445,445,1,523,45,18971685,6442291
GOWALLA,392,0.750,22985765,0.625,size,42630,50000,96.2,19.74,0.0000,445.0,445,445,445,1,523,45,0,6442291
GOWALLA,392,0.750,22985765,0.625,delta_star,50000,50000,65.4,13.92,0.0000,266.2,262,497,523,0,523,45,0,6442291
GOWALLA,392,0.750,23096601,0.750,members,47504,50000,289.8,18.44,0.5831,497.0,497,497,497,1,523,45,23609488,6442291
GOWALLA,392,0.750,23096601,0.750,size,47455,50000,82.2,18.44,0.0000,497.0,497,497,497,1,523,45,0,6442291
GOWALLA,392,0.750,23096601,0.750,delta_star,50000,50000,64.8,13.94,0.0000,265.2,261,497,523,0,523,45,0,6442291
GOWALLA,392,0.750,23348450,0.875,members,49261,50000,291.6,17.82,0.5661,515.0,515,515,515,1,523,45,25369415,6442291
GOWALLA,392,0.750,23348450,0.875,size,49243,50000,74.6,17.81,0.0000,515.0,515,515,515,1,523,45,0,6442291
GOWALLA,392,0.750,23348450,0.875,delta_star,50000,50000,65.1,13.87,0.0000,266.1,262,497,523,0,523,45,0,6442291
GOWALLA,392,0.750,23652335,1.000,members,50000,50000,292.7,18.09,0.5597,523.0,523,523,523,1,523,45,26150000,6442291
GOWALLA,392,0.750,23652335,1.000,size,50000,50000,67.2,18.08,0.0000,523.0,523,523,523,1,523,45,0,6442291
GOWALLA,392,0.750,23652335,1.000,delta_star,50000,50000,65.3,13.87,0.0000,265.7,261,498,523,0,523,45,0,6442291
GOWALLA,523,1.000,29719776,0.125,members,50000,50000,292.8,18.08,0.5599,523.0,523,523,523,1,523,1,26150000,6442291
GOWALLA,523,1.000,29719776,0.125,size,50000,50000,67.2,18.09,0.0000,523.0,523,523,523,1,523,1,0,6442291
GOWALLA,523,1.000,29719776,0.125,delta_star,50000,50000,64.5,13.86,0.0000,267.0,265,498,523,0,523,1,0,6442291
GOWALLA,523,1.000,29719776,0.250,members,50000,50000,292.9,18.09,0.5600,523.0,523,523,523,1,523,1,26150000,6442291
GOWALLA,523,1.000,29719776,0.250,size,50000,50000,67.2,18.10,0.0000,523.0,523,523,523,1,523,1,0,6442291
GOWALLA,523,1.000,29719776,0.250,delta_star,50000,50000,65.1,13.79,0.0000,266.9,263,498,523,0,523,1,0,6442291
GOWALLA,523,1.000,29719776,0.375,members,50000,50000,293.4,18.09,0.5610,523.0,523,523,523,1,523,1,26150000,6442291
GOWALLA,523,1.000,29719776,0.375,size,50000,50000,67.7,18.09,0.0000,523.0,523,523,523,1,523,1,0,6442291
GOWALLA,523,1.000,29719776,0.375,delta_star,50000,50000,65.0,13.91,0.0000,266.4,263,498,523,0,523,1,0,6442291
GOWALLA,523,1.000,29719776,0.500,members,50000,50000,291.7,18.08,0.5577,523.0,523,523,523,1,523,1,26150000,6442291
GOWALLA,523,1.000,29719776,0.500,size,50000,50000,67.3,18.08,0.0000,523.0,523,523,523,1,523,1,0,6442291
GOWALLA,523,1.000,29719776,0.500,delta_star,50000,50000,64.7,13.88,0.0000,265.9,263,498,523,0,523,1,0,6442291
GOWALLA,523,1.000,29719776,0.625,members,50000,50000,289.5,18.09,0.5535,523.0,523,523,523,1,523,1,26150000,6442291
GOWALLA,523,1.000,29719776,0.625,size,50000,50000,65.5,18.09,0.0000,523.0,523,523,523,1,523,1,0,6442291
GOWALLA,523,1.000,29719776,0.625,delta_star,50000,50000,63.4,13.89,0.0000,265.6,262,497,523,0,523,1,0,6442291
GOWALLA,523,1.000,29719776,0.750,members,50000,50000,288.8,18.08,0.5522,523.0,523,523,523,1,523,1,26150000,6442291
GOWALLA,523,1.000,29719776,0.750,size,50000,50000,65.4,18.09,0.0000,523.0,523,523,523,1,523,1,0,6442291
GOWALLA,523,1.000,29719776,0.750,delta_star,50000,50000,63.4,13.88,0.0000,267.6,264,498,523,0,523,1,0,6442291
GOWALLA,523,1.000,29719776,0.875,members,50000,50000,292.3,18.08,0.5589,523.0,523,523,523,1,523,1,26150000,6442291
GOWALLA,523,1.000,29719776,0.875,size,50000,50000,67.1,18.09,0.0000,523.0,523,523,523,1,523,1,0,6442291
GOWALLA,523,1.000,29719776,0.875,delta_star,50000,50000,65.0,13.97,0.0000,265.4,262,498,523,0,523,1,0,6442291
GOWALLA,523,1.000,29719776,1.000,members,50000,50000,292.8,18.10,0.5599,523.0,523,523,523,1,523,1,26150000,6442291
GOWALLA,523,1.000,29719776,1.000,size,50000,50000,65.9,18.10,0.0000,523.0,523,523,523,1,523,1,0,6442291
GOWALLA,523,1.000,29719776,1.000,delta_star,50000,50000,63.2,13.96,0.0000,265.7,262,497,523,0,523,1,0,6442291
DIGG,1,0.005,100256,0.125,members,37,37,572376.1,61.14,0.4168,1373232.5,1494400,1494400,1494400,4,1726173,794984,50809603,1726173
DIGG,1,0.005,100256,0.125,size,50000,50000,872.9,60.50,0.0000,1293267.1,1494400,1494400,1494400,6098,1726173,794984,0,1726173
DIGG,1,0.005,100256,0.125,delta_star,50000,50000,493.3,26.97,0.0000,334257.1,327,1630284,1713791,0,1726173,794984,0,1726173
DIGG,1,0.005,232081,0.250,members,38,38,563110.7,60.39,0.4183,1346045.9,1549992,1549992,1549992,6,1726173,794984,51149746,1726173
DIGG,1,0.005,232081,0.250,size,50000,50000,857.4,60.95,0.0000,1391242.8,1549992,1549992,1549992,4793,1726173,794984,0,1726173
DIGG,1,0.005,232081,0.250,delta_star,50000,50000,760.1,26.97,0.0000,331935.4,323,1625024,1713821,0,1726173,794984,0,1726173
DIGG,1,0.005,438358,0.375,members,37,37,558844.7,56.78,0.4081,1369362.2,1583324,1583324,1583324,6,1726173,794984,50666401,1726173
DIGG,1,0.005,438358,0.375,size,50000,50000,859.2,61.54,0.0000,1454188.5,1583324,1583324,1583324,3860,1726173,794984,0,1726173
DIGG,1,0.005,438358,0.375,delta_star,50000,50000,495.7,26.98,0.0000,335865.0,325,1628139,1713801,0,1726173,794984,0,1726173
DIGG,1,0.005,814259,0.500,members,32,32,662177.3,64.06,0.4113,1609958.0,1609958,1609958,1609958,1,1726173,794984,51518656,1726173
DIGG,1,0.005,814259,0.500,size,50000,50000,869.8,61.74,0.0000,1502026.7,1609958,1609958,1609958,3198,1726173,794984,0,1726173
DIGG,1,0.005,814259,0.500,delta_star,50000,50000,525.2,27.01,0.0000,333086.0,318,1628320,1713778,0,1726173,794984,0,1726173
DIGG,1,0.005,1617853,0.625,members,34,34,612652.4,59.97,0.4109,1490956.1,1635242,1635242,1635242,4,1726173,794984,50692509,1726173
DIGG,1,0.005,1617853,0.625,size,50000,50000,963.3,62.13,0.0000,1549620.9,1635242,1635242,1635242,2481,1726173,794984,0,1726173
DIGG,1,0.005,1617853,0.625,delta_star,50000,50000,504.9,26.99,0.0000,331972.8,316,1625629,1713829,0,1726173,794984,0,1726173
DIGG,1,0.005,3557667,0.750,members,31,31,691927.8,69.61,0.4167,1660370.0,1660370,1660370,1660370,1,1726173,794984,51471470,1726173
DIGG,1,0.005,3557667,0.750,size,50000,50000,893.7,62.33,0.0000,1597143.3,1660370,1660370,1660370,1816,1726173,794984,0,1726173
DIGG,1,0.005,3557667,0.750,delta_star,50000,50000,697.5,26.99,0.0000,331637.4,329,1627488,1713798,0,1726173,794984,0,1726173
DIGG,1,0.005,9705132,0.875,members,31,31,694524.6,59.45,0.4255,1632321.4,1686732,1686732,1686732,2,1726173,794984,50601964,1726173
DIGG,1,0.005,9705132,0.875,size,50000,50000,956.3,62.69,0.0000,1647937.2,1686732,1686732,1686732,1103,1726173,794984,0,1726173
DIGG,1,0.005,9705132,0.875,delta_star,50000,50000,567.1,26.98,0.0000,331654.2,323,1626722,1713815,0,1726173,794984,0,1726173
DIGG,1,0.005,122944311,1.000,members,30,30,703469.7,60.97,0.4105,1713830.0,1713830,1713830,1713830,1,1726173,794984,51414900,1726173
DIGG,1,0.005,122944311,1.000,size,50000,50000,831.8,63.22,0.0000,1701867.5,1713830,1713830,1713830,331,1726173,794984,0,1726173
DIGG,1,0.005,122944311,1.000,delta_star,50000,50000,496.7,26.99,0.0000,337334.4,338,1627001,1713829,0,1726173,794984,0,1726173
DIGG,52,0.249,2876268,0.125,members,238,866,87768.8,93.43,0.4170,210452.0,210452,210452,210452,1,811391,123990,50087576,1726173
DIGG,52,0.249,2876268,0.125,size,13107,50000,1237.5,96.97,0.0000,210452.0,210452,210452,210452,1,811391,123990,0,1726173
DIGG,52,0.249,2876268,0.125,delta_star,50000,50000,218.7,20.72,0.0000,398647.9,404050,769876,811364,0,811391,123990,0,1726173
DIGG,52,0.249,4422008,0.250,members,138,324,150357.3,68.28,0.4137,363444.0,363444,363444,363444,1,811391,123990,50155272,1726173
DIGG,52,0.249,4422008,0.250,size,22431,50000,831.2,65.36,0.0000,363444.0,363444,363444,363444,1,811391,123990,0,1726173
DIGG,52,0.249,4422008,0.250,delta_star,50000,50000,469.1,20.73,0.0000,399317.8,404802,771644,811386,0,811391,123990,0,1726173
DIGG,52,0.249,6233008,0.375,members,109,200,192469.6,57.41,0.4168,461749.0,461749,461749,461749,1,811391,123990,50330641,1726173
DIGG,52,0.249,6233008,0.375,size,28233,50000,826.9,55.99,0.0000,461749.0,461749,461749,461749,1,811391,123990,0,1726173
DIGG,52,0.249,6233008,0.375,delta_star,50000,50000,229.6,20.73,0.0000,398717.7,404285,770425,811390,0,811391,123990,0,1726173
DIGG,52,0.249,8637879,0.500,members,92,138,225462.6,50.66,0.4116,547762.0,547762,547762,547762,1,811391,123990,50394104,1726173
DIGG,52,0.249,8637879,0.500,size,33657,50000,742.1,50.16,0.0000,547762.0,547762,547762,547762,1,811391,123990,0,1726173
DIGG,52,0.249,8637879,0.500,delta_star,50000,50000,208.2,20.73,0.0000,400003.1,407468,771095,811384,0,811391,123990,0,1726173
DIGG,52,0.249,11933289,0.625,members,81,111,260638.1,47.70,0.4179,623706.0,623706,623706,623706,1,811391,123990,50520186,1726173
DIGG,52,0.249,11933289,0.625,size,38489,50000,720.8,46.20,0.0000,623706.0,623706,623706,623706,1,811391,123990,0,1726173
DIGG,52,0.249,11933289,0.625,delta_star,50000,50000,215.5,20.73,0.0000,398352.8,403970,770735,811351,0,811391,123990,0,1726173
DIGG,52,0.249,16961045,0.750,members,73,93,287653.5,45.55,0.4186,687127.0,687127,687127,687127,1,811391,123990,50160271,1726173
DIGG,52,0.249,16961045,0.750,size,42259,50000,649.1,43.70,0.0000,687127.0,687127,687127,687127,1,811391,123990,0,1726173
DIGG,52,0.249,16961045,0.750,delta_star,50000,50000,231.5,20.73,0.0000,395050.3,399806,770317,811378,0,811391,123990,0,1726173
DIGG,52,0.249,25597947,0.875,members,67,67,307158.8,39.63,0.4112,747002.0,747002,747002,747002,1,811391,123990,50049134,1726173
DIGG,52,0.249,25597947,0.875,size,45986,50000,588.7,41.59,0.0000,747002.0,747002,747002,747002,1,811391,123990,0,1726173
DIGG,52,0.249,25597947,0.875,delta_star,50000,50000,220.1,20.74,0.0000,397797.9,401853,770443,811383,0,811391,123990,0,1726173
DIGG,52,0.249,121885886,1.000,members,62,62,334691.6,39.95,0.4125,811391.0,811391,811391,811391,1,811391,123990,50306242,1726173
DIGG,52,0.249,121885886,1.000,size,50000,50000,474.3,39.98,0.0000,811391.0,811391,811391,811391,1,811391,123990,0,1726173
DIGG,52,0.249,121885886,1.000,delta_star,50000,50000,219.6,20.72,0.0000,398216.2,402779,771379,811368,0,811391,123990,0,1726173
DIGG,105,0.502,6051931,0.125,members,368,1273,56357.0,85.41,0.4142,136069.0,136069,136069,136069,1,510370,54027,50073392,1726173
DIGG,105,0.502,6051931,0.125,size,13381,50000,1081.5,90.71,0.0000,136069.0,136069,136069,136069,1,510370,54027,0,1726173
DIGG,105,0.502,6051931,0.125,delta_star,50000,50000,191.2,19.98,0.0000,254755.4,254178,484401,510346,0,510370,54027,0,1726173
DIGG,105,0.502,8287067,0.250,members,248,633,83561.9,68.13,0.4139,201890.0,201890,201890,201890,1,510370,54027,50068720,1726173
DIGG,105,0.502,8287067,0.250,size,19877,50000,780.3,67.42,0.0000,201890.0,201890,201890,201890,1,510370,54027,0,1726173
DIGG,105,0.502,8287067,0.250,delta_star,50000,50000,176.9,19.98,0.0000,254337.0,254372,484467,510369,0,510370,54027,0,1726173
DIGG,105,0.502,10979614,0.375,members,198,421,106029.9,59.95,0.4180,253672.0,253672,253672,253672,1,510370,54027,50227056,1726173
DIGG,105,0.502,10979614,0.375,size,25103,50000,695.9,57.37,0.0000,253672.0,253672,253672,253672,1,510370,54027,0,1726173
DIGG,105,0.502,10979614,0.375,delta_star,50000,50000,179.1,19.98,0.0000,254597.5,255284,484274,510362,0,510370,54027,0,1726173
DIGG,105,0.502,14065355,0.500,members,149,232,138555.4,49.00,0.4127,335691.0,335691,335691,335691,1,510370,54027,50017959,1726173
DIGG,105,0.502,14065355,0.500,size,32752,50000,993.2,48.34,0.0000,335691.0,335691,335691,335691,1,510370,54027,0,1726173
DIGG,105,0.502,14065355,0.500,delta_star,50000,50000,174.8,19.98,0.0000,254628.3,255018,484867,510362,0,510370,54027,0,1726173
DIGG,105,0.502,17621625,0.625,members,131,173,159173.9,44.27,0.4155,383091.0,383091,383091,383091,1,510370,54027,50184921,1726173
DIGG,105,0.502,17621625,0.625,size,37624,50000,574.7,44.46,0.0000,383091.0,383091,383091,383091,1,510370,54027,0,1726173
DIGG,105,0.502,17621625,0.625,delta_star,50000,50000,193.9,19.98,0.0000,254681.7,254975,484472,510367,0,510370,54027,0,1726173
DIGG,105,0.502,22497470,0.750,members,118,135,177446.9,40.82,0.4160,426537.0,426537,426537,426537,1,510370,54027,50331366,1726173
DIGG,105,0.502,22497470,0.750,size,41761,50000,586.5,41.81,0.0000,426537.0,426537,426537,426537,1,510370,54027,0,1726173
DIGG,105,0.502,22497470,0.750,delta_star,50000,50000,180.8,19.98,0.0000,254294.3,253910,484431,510363,0,510370,54027,0,1726173
DIGG,105,0.502,31215088,0.875,members,108,122,194236.2,40.44,0.4183,464339.0,464339,464339,464339,1,510370,54027,50148612,1726173
DIGG,105,0.502,31215088,0.875,size,45390,50000,490.9,39.81,0.0000,464339.0,464339,464339,464339,1,510370,54027,0,1726173
DIGG,105,0.502,31215088,0.875,delta_star,50000,50000,195.6,19.98,0.0000,254417.6,253396,484922,510358,0,510370,54027,0,1726173
DIGG,105,0.502,120500471,1.000,members,98,98,212474.2,37.90,0.4163,510370.0,510370,510370,510370,1,510370,54027,50016260,1726173
DIGG,105,0.502,120500471,1.000,size,50000,50000,374.4,37.96,0.0000,510370.0,510370,510370,510370,1,510370,54027,0,1726173
DIGG,105,0.502,120500471,1.000,delta_star,50000,50000,185.6,19.98,0.0000,254615.7,254061,484100,510370,0,510370,54027,0,1726173
DIGG,157,0.751,11668933,0.125,members,458,1358,46055.6,73.61,0.4216,109241.0,109241,109241,109241,1,324613,19255,50032378,1726173
DIGG,157,0.751,11668933,0.125,size,16799,50000,822.7,73.79,0.0000,109241.0,109241,109241,109241,1,324613,19255,0,1726173
DIGG,157,0.751,11668933,0.125,delta_star,50000,50000,168.0,19.39,0.0000,162838.8,163259,308943,324607,0,324613,19255,0,1726173
DIGG,157,0.751,14201115,0.250,members,341,739,98337.6,58.73,0.6705,146664.0,146664,146664,146664,1,324613,19255,50012424,1726173
DIGG,157,0.751,14201115,0.250,size,22461,50000,693.2,59.90,0.0000,146664.0,146664,146664,146664,1,324613,19255,0,1726173
DIGG,157,0.751,14201115,0.250,delta_star,50000,50000,159.5,19.40,0.0000,162309.0,161765,308209,324610,0,324613,19255,0,1726173
DIGG,157,0.751,16767117,0.375,members,285,467,73665.0,49.01,0.4188,175893.0,175893,175893,175893,1,324613,19255,50129505,1726173
DIGG,157,0.751,16767117,0.375,size,27166,50000,579.7,52.71,0.0000,175893.0,175893,175893,175893,1,324613,19255,0,1726173
DIGG,157,0.751,16767117,0.375,delta_star,50000,50000,155.1,19.39,0.0000,162204.4,161424,309036,324605,0,324613,19255,0,1726173
DIGG,157,0.751,20102958,0.500,members,250,411,81978.7,49.01,0.4097,200092.0,200092,200092,200092,1,324613,19255,50023000,1726173
DIGG,157,0.751,20102958,0.500,size,30553,50000,532.4,48.87,0.0000,200092.0,200092,200092,200092,1,324613,19255,0,1726173
DIGG,157,0.751,20102958,0.500,delta_star,50000,50000,156.3,19.39,0.0000,161763.3,160653,308413,324602,0,324613,19255,0,1726173
DIGG,157,0.751,24208385,0.625,members,215,318,97473.1,45.91,0.4181,233158.0,233158,233158,233158,1,324613,19255,50128970,1726173
DIGG,157,0.751,24208385,0.625,size,35888,50000,563.3,44.25,0.0000,233158.0,233158,233158,233158,1,324613,19255,0,1726173
DIGG,157,0.751,24208385,0.625,delta_star,50000,50000,180.1,19.39,0.0000,162470.6,161924,308537,324603,0,324613,19255,0,1726173
DIGG,157,0.751,29592286,0.750,members,181,216,119877.1,40.19,0.4332,276718.0,276718,276718,276718,1,324613,19255,50085958,1726173
DIGG,157,0.751,29592286,0.750,size,42729,50000,494.4,39.91,0.0000,276718.0,276718,276718,276718,1,324613,19255,0,1726173
DIGG,157,0.751,29592286,0.750,delta_star,50000,50000,169.2,19.39,0.0000,161515.4,161477,308117,324609,0,324613,19255,0,1726173
DIGG,157,0.751,36400100,0.875,members,168,183,123635.8,38.29,0.4139,298686.0,298686,298686,298686,1,324613,19255,50179248,1726173
DIGG,157,0.751,36400100,0.875,size,46002,50000,420.0,38.23,0.0000,298686.0,298686,298686,298686,1,324613,19255,0,1726173
DIGG,157,0.751,36400100,0.875,delta_star,50000,50000,156.1,19.40,0.0000,161609.4,160869,308358,324607,0,324613,19255,0,1726173
DIGG,157,0.751,112181356,1.000,members,155,155,132619.0,36.61,0.4085,324613.0,324613,324613,324613,1,324613,19255,50315015,1726173
DIGG,157,0.751,112181356,1.000,size,50000,50000,332.4,36.77,0.0000,324613.0,324613,324613,324613,1,324613,19255,0,1726173
DIGG,157,0.751,112181356,1.000,delta_star,50000,50000,158.5,19.39,0.0000,162174.4,162225,308173,324612,0,324613,19255,0,1726173
DIGG,209,1.000,79999496,0.125,members,423,423,48115.1,33.55,0.4065,118354.0,118354,118354,118354,1,118370,17,50063742,1726173
DIGG,209,1.000,79999496,0.125,size,49989,50000,252.4,33.53,0.0000,118354.0,118354,118354,118354,1,118370,17,0,1726173
DIGG,209,1.000,79999496,0.125,delta_star,50000,50000,122.2,17.91,0.0000,59142.6,59019,112537,118368,0,118370,17,0,1726173
DIGG,209,1.000,80329595,0.250,members,423,423,49335.3,33.10,0.4168,118356.0,118356,118356,118356,1,118370,17,50064588,1726173
DIGG,209,1.000,80329595,0.250,size,49992,50000,212.1,33.22,0.0000,118356.0,118356,118356,118356,1,118370,17,0,1726173
DIGG,209,1.000,80329595,0.250,delta_star,50000,50000,122.3,17.91,0.0000,59179.3,59290,112350,118370,0,118370,17,0,1726173
DIGG,209,1.000,82299751,0.375,members,423,423,49026.1,33.60,0.4142,118360.0,118360,118360,118360,1,118370,17,50066280,1726173
DIGG,209,1.000,82299751,0.375,size,49997,50000,220.0,33.59,0.0000,118360.0,118360,118360,118360,1,118370,17,0,1726173
DIGG,209,1.000,82299751,0.375,delta_star,50000,50000,122.2,17.91,0.0000,59136.2,59315,112370,118370,0,118370,17,0,1726173
DIGG,209,1.000,83467137,0.500,members,423,423,48789.6,33.30,0.4122,118362.0,118362,118362,118362,1,118370,17,50067126,1726173
DIGG,209,1.000,83467137,0.500,size,49997,50000,209.4,33.24,0.0000,118362.0,118362,118362,118362,1,118370,17,0,1726173
DIGG,209,1.000,83467137,0.500,delta_star,50000,50000,121.5,17.92,0.0000,58836.1,58609,112433,118370,0,118370,17,0,1726173
DIGG,209,1.000,83827861,0.625,members,423,423,49392.4,33.26,0.4173,118364.0,118364,118364,118364,1,118370,17,50067972,1726173
DIGG,209,1.000,83827861,0.625,size,49998,50000,270.8,33.38,0.0000,118364.0,118364,118364,118364,1,118370,17,0,1726173
DIGG,209,1.000,83827861,0.625,delta_star,50000,50000,150.0,17.91,0.0000,59102.3,59044,112310,118370,0,118370,17,0,1726173
DIGG,209,1.000,87893963,0.750,members,423,423,49490.6,33.58,0.4181,118366.0,118366,118366,118366,1,118370,17,50068818,1726173
DIGG,209,1.000,87893963,0.750,size,49998,50000,322.3,33.51,0.0000,118366.0,118366,118366,118366,1,118370,17,0,1726173
DIGG,209,1.000,87893963,0.750,delta_star,50000,50000,126.7,17.91,0.0000,59243.0,59110,112514,118369,0,118370,17,0,1726173
DIGG,209,1.000,89874987,0.875,members,423,423,49555.2,33.36,0.4187,118368.0,118368,118368,118368,1,118370,17,50069664,1726173
DIGG,209,1.000,89874987,0.875,size,49999,50000,252.5,33.23,0.0000,118368.0,118368,118368,118368,1,118370,17,0,1726173
DIGG,209,1.000,89874987,0.875,delta_star,50000,50000,133.3,17.91,0.0000,59386.5,59650,112458,118364,0,118370,17,0,1726173
DIGG,209,1.000,92175187,1.000,members,423,423,49397.6,33.60,0.4173,118370.0,118370,118370,118370,1,118370,17,50070510,1726173
DIGG,209,1.000,92175187,1.000,size,50000,50000,379.9,33.79,0.0000,118370.0,118370,118370,118370,1,118370,17,0,1726173
DIGG,209,1.000,92175187,1.000,delta_star,50000,50000,153.0,17.91,0.0000,59032.7,58891,112509,118370,0,118370,17,0,1726173
AB,1,0.022,64368000,0.125,members,4,4,8578967.8,43.75,0.5247,16349662.8,21799550,21799550,21799550,2,22507155,5963,65398651,22507155
AB,1,0.022,64368000,0.125,size,50000,50000,1996.8,50.20,0.0000,21090192.7,21799550,21799550,21799550,1622,22507155,5963,0,22507155
AB,1,0.022,64368000,0.125,delta_star,50000,50000,960.4,29.28,0.0000,10506049.8,10891652,21156552,22268583,0,22507155,5963,0,22507155
AB,1,0.022,128822400,0.250,members,3,3,12590182.7,49.67,0.5703,22077953.0,22077953,22077953,22077953,1,22507155,5963,66233859,22507155
AB,1,0.022,128822400,0.250,size,50000,50000,1589.4,50.50,0.0000,21679666.8,22077953,22077953,22077953,898,22507155,5963,0,22507155
AB,1,0.022,128822400,0.250,delta_star,50000,50000,934.2,29.34,0.0000,10519730.8,10921419,21116185,22267176,0,22507155,5963,0,22507155
AB,1,0.022,193190400,0.375,members,3,3,11409430.4,55.33,0.5145,22175004.0,22175004,22175004,22175004,1,22507155,5963,66525012,22507155
AB,1,0.022,193190400,0.375,size,50000,50000,1533.2,50.57,0.0000,21829961.0,22175004,22175004,22175004,777,22507155,5963,0,22507155
AB,1,0.022,193190400,0.375,delta_star,50000,50000,915.2,29.31,0.0000,10563883.8,10926558,21140636,22268185,0,22507155,5963,0,22507155
AB,1,0.022,257558400,0.500,members,3,3,11490108.7,48.00,0.5171,22220643.0,22220643,22220643,22220643,1,22507155,5963,66661929,22507155
AB,1,0.022,257558400,0.500,size,50000,50000,1520.9,50.58,0.0000,21953995.3,22220643,22220643,22220643,600,22507155,5963,0,22507155
AB,1,0.022,257558400,0.500,delta_star,50000,50000,930.6,29.34,0.0000,10529568.0,10938778,21135651,22268162,0,22507155,5963,0,22507155
AB,1,0.022,321926400,0.625,members,3,3,11531727.4,52.00,0.5184,22244260.0,22244260,22244260,22244260,1,22507155,5963,66732780,22507155
AB,1,0.022,321926400,0.625,size,50000,50000,1524.2,50.64,0.0000,21979108.5,22244260,22244260,22244260,596,22507155,5963,0,22507155
AB,1,0.022,321926400,0.625,delta_star,50000,50000,942.2,29.29,0.0000,10477799.6,10826922,21161466,22267202,0,22507155,5963,0,22507155
AB,1,0.022,386380800,0.750,members,3,3,15617094.4,50.33,0.7016,22258569.0,22258569,22258569,22258569,1,22507155,5963,66775707,22507155
AB,1,0.022,386380800,0.750,size,50000,50000,1567.5,50.67,0.0000,22018621.7,22258569,22258569,22258569,538,22507155,5963,0,22507155
AB,1,0.022,386380800,0.750,delta_star,50000,50000,937.8,29.29,0.0000,10519958.5,10918659,21156388,22267252,0,22507155,5963,0,22507155
AB,1,0.022,450748800,0.875,members,3,3,11692931.4,49.33,0.5251,22267325.0,22267325,22267325,22267325,1,22507155,5963,66801975,22507155
AB,1,0.022,450748800,0.875,size,50000,50000,1504.6,50.68,0.0000,22031736.7,22267325,22267325,22267325,529,22507155,5963,0,22507155
AB,1,0.022,450748800,0.875,delta_star,50000,50000,945.1,29.38,0.0000,10454274.1,10793325,21150985,22268143,0,22507155,5963,0,22507155
AB,1,0.022,536457600,1.000,members,3,3,11344388.4,46.67,0.5094,22268630.0,22268630,22268630,22268630,1,22507155,5963,66805890,22507155
AB,1,0.022,536457600,1.000,size,50000,50000,1465.5,51.06,0.0000,22033027.9,22268630,22268630,22268630,525,22507155,5963,0,22507155
AB,1,0.022,536457600,1.000,delta_star,50000,50000,912.5,29.32,0.0000,10472357.9,10867980,21087658,22267946,0,22507155,5963,0,22507155
AB,12,0.261,62035200,0.125,members,18,22,1225893.5,49.17,0.4398,2787533.0,2787533,2787533,2787533,1,3866017,5574,50175594,22507155
AB,12,0.261,62035200,0.125,size,35795,50000,1314.0,52.99,0.0000,2787533.0,2787533,2787533,2787533,1,3866017,5574,0,22507155
AB,12,0.261,62035200,0.125,delta_star,50000,50000,407.2,22.93,0.0000,1924712.5,1932518,3668286,3865580,0,3866017,5574,0,22507155
AB,12,0.261,122169600,0.250,members,16,17,1488631.1,44.94,0.4511,3300309.0,3300309,3300309,3300309,1,3866017,5574,52804944,22507155
AB,12,0.261,122169600,0.250,size,42720,50000,1188.0,47.77,0.0000,3300309.0,3300309,3300309,3300309,1,3866017,5574,0,22507155
AB,12,0.261,122169600,0.250,delta_star,50000,50000,399.5,22.92,0.0000,1924253.7,1930829,3669184,3865989,0,3866017,5574,0,22507155
AB,12,0.261,182390400,0.375,members,15,18,1537161.9,48.80,0.4350,3533633.0,3533633,3533633,3533633,1,3866017,5574,53004495,22507155
AB,12,0.261,182390400,0.375,size,45595,50000,1078.5,45.99,0.0000,3533633.0,3533633,3533633,3533633,1,3866017,5574,0,22507155
AB,12,0.261,182390400,0.375,delta_star,50000,50000,391.2,22.93,0.0000,1925344.0,1931822,3673402,3866009,0,3866017,5574,0,22507155
AB,12,0.261,242611200,0.500,members,14,14,1619800.4,45.14,0.4406,3676234.0,3676234,3676234,3676234,1,3866017,5574,51467276,22507155
AB,12,0.261,242611200,0.500,size,47566,50000,1015.8,44.89,0.0000,3676234.0,3676234,3676234,3676234,1,3866017,5574,0,22507155
AB,12,0.261,242611200,0.500,delta_star,50000,50000,395.8,22.93,0.0000,1921198.0,1926391,3675092,3865888,0,3866017,5574,0,22507155
AB,12,0.261,302745600,0.625,members,14,14,1688616.6,43.43,0.4492,3759496.0,3759496,3759496,3759496,1,3866017,5574,52632944,22507155
AB,12,0.261,302745600,0.625,size,48661,50000,973.0,44.30,0.0000,3759496.0,3759496,3759496,3759496,1,3866017,5574,0,22507155
AB,12,0.261,302745600,0.625,delta_star,50000,50000,393.5,22.93,0.0000,1931319.0,1942265,3672518,3865992,0,3866017,5574,0,22507155
AB,12,0.261,362966400,0.750,members,14,14,1650689.1,43.64,0.4331,3811648.0,3811648,3811648,3811648,1,3866017,5574,53363072,22507155
AB,12,0.261,362966400,0.750,size,49282,50000,934.0,43.95,0.0000,3811648.0,3811648,3811648,3811648,1,3866017,5574,0,22507155
AB,12,0.261,362966400,0.750,delta_star,50000,50000,395.2,22.93,0.0000,1924258.1,1933160,3670385,3865950,0,3866017,5574,0,22507155
AB,12,0.261,423100800,0.875,members,13,13,1845938.9,43.31,0.4793,3851137.0,3851137,3851137,3851137,1,3866017,5574,50064781,22507155
AB,12,0.261,423100800,0.875,size,49814,50000,923.0,43.63,0.0000,3851137.0,3851137,3851137,3851137,1,3866017,5574,0,22507155
AB,12,0.261,423100800,0.875,delta_star,50000,50000,395.7,22.93,0.0000,1928118.0,1937916,3671177,3865677,0,3866017,5574,0,22507155
AB,12,0.261,529718400,1.000,members,13,13,1878469.8,43.92,0.4859,3866017.0,3866017,3866017,3866017,1,3866017,5574,50258221,22507155
AB,12,0.261,529718400,1.000,size,50000,50000,860.6,43.97,0.0000,3866017.0,3866017,3866017,3866017,1,3866017,5574,0,22507155
AB,12,0.261,529718400,1.000,delta_star,50000,50000,393.2,22.93,0.0000,1922061.5,1934619,3675531,3865936,0,3866017,5574,0,22507155
AB,23,0.500,64800000,0.125,members,59,86,350741.2,50.97,0.4090,857517.0,857517,857517,857517,1,1524624,5092,50593503,22507155
AB,23,0.500,64800000,0.125,size,28077,50000,1136.4,57.82,0.0000,857517.0,857517,857517,857517,1,1524624,5092,0,22507155
AB,23,0.500,64800000,0.125,delta_star,50000,50000,310.2,21.63,0.0000,762141.8,760271,1450684,1524456,0,1524624,5092,0,22507155
AB,23,0.500,119836800,0.250,members,43,54,486726.3,46.79,0.4127,1179286.0,1179286,1179286,1179286,1,1524624,5092,50709298,22507155
AB,23,0.500,119836800,0.250,size,38586,50000,988.3,47.50,0.0000,1179286.0,1179286,1179286,1179286,1,1524624,5092,0,22507155
AB,23,0.500,119836800,0.250,delta_star,50000,50000,299.1,21.63,0.0000,759662.0,759889,1448908,1524593,0,1524624,5092,0,22507155
AB,23,0.500,174787200,0.375,members,39,45,547884.6,44.44,0.4184,1309446.0,1309446,1309446,1309446,1,1524624,5092,51068394,22507155
AB,23,0.500,174787200,0.375,size,43018,50000,1001.9,44.60,0.0000,1309446.0,1309446,1309446,1309446,1,1524624,5092,0,22507155
AB,23,0.500,174787200,0.375,delta_star,50000,50000,398.2,21.63,0.0000,761975.3,764342,1445651,1524614,0,1524624,5092,0,22507155
AB,23,0.500,229824000,0.500,members,36,41,582927.6,43.61,0.4184,1393157.0,1393157,1393157,1393157,1,1524624,5092,50153652,22507155
AB,23,0.500,229824000,0.500,size,45678,50000,858.6,43.06,0.0000,1393157.0,1393157,1393157,1393157,1,1524624,5092,0,22507155
AB,23,0.500,229824000,0.500,delta_star,50000,50000,300.7,21.63,0.0000,760879.0,758275,1446285,1524572,0,1524624,5092,0,22507155
AB,23,0.500,284774400,0.625,members,35,37,600779.3,42.14,0.4149,1448017.0,1448017,1448017,1448017,1,1524624,5092,50680595,22507155
AB,23,0.500,284774400,0.625,size,47490,50000,803.0,42.10,0.0000,1448017.0,1448017,1448017,1448017,1,1524624,5092,0,22507155
AB,23,0.500,284774400,0.625,delta_star,50000,50000,299.4,21.63,0.0000,759725.8,756787,1449345,1524608,0,1524624,5092,0,22507155
AB,23,0.500,339897600,0.750,members,34,35,613228.6,41.59,0.4137,1482235.0,1482235,1482235,1482235,1,1524624,5092,50395990,22507155
AB,23,0.500,339897600,0.750,size,48635,50000,771.6,41.51,0.0000,1482235.0,1482235,1482235,1482235,1,1524624,5092,0,22507155
AB,23,0.500,339897600,0.750,delta_star,50000,50000,293.7,21.63,0.0000,759408.9,759084,1448941,1524619,0,1524624,5092,0,22507155
AB,23,0.500,395798400,0.875,members,34,34,617448.7,40.44,0.4094,1508347.0,1508347,1508347,1508347,1,1524624,5092,51283798,22507155
AB,23,0.500,395798400,0.875,size,49461,50000,744.2,41.08,0.0000,1508347.0,1508347,1508347,1508347,1,1524624,5092,0,22507155
AB,23,0.500,395798400,0.875,delta_star,50000,50000,295.8,21.63,0.0000,760909.6,760913,1450892,1524624,0,1524624,5092,0,22507155
AB,23,0.500,542246400,1.000,members,33,33,631239.5,40.64,0.4140,1524624.0,1524624,1524624,1524624,1,1524624,5092,50312592,22507155
AB,23,0.500,542246400,1.000,size,50000,50000,678.8,41.25,0.0000,1524624.0,1524624,1524624,1524624,1,1524624,5092,0,22507155
AB,23,0.500,542246400,1.000,delta_star,50000,50000,298.7,21.63,0.0000,764845.0,765431,1450229,1524582,0,1524624,5092,0,22507155
AB,35,0.761,39484800,0.125,members,379,1075,55384.5,71.89,0.4190,132191.0,132191,132191,132191,1,365775,1618,50100389,22507155
AB,35,0.761,39484800,0.125,size,17989,50000,965.5,70.83,0.0000,132191.0,132191,132191,132191,1,365775,1618,0,22507155
AB,35,0.761,39484800,0.125,delta_star,50000,50000,209.7,19.58,0.0000,182176.0,180924,348096,365775,0,365775,1618,0,22507155
AB,35,0.761,57110400,0.250,members,330,831,63598.2,65.96,0.4186,151931.0,151931,151931,151931,1,365775,1618,50137230,22507155
AB,35,0.761,57110400,0.250,size,20731,50000,883.7,63.96,0.0000,151931.0,151931,151931,151931,1,365775,1618,0,22507155
AB,35,0.761,57110400,0.250,delta_star,50000,50000,209.4,19.58,0.0000,182568.3,181412,347965,365743,0,365775,1618,0,22507155
AB,35,0.761,75859200,0.375,members,264,449,79104.3,50.77,0.4162,190066.0,190066,190066,190066,1,365775,1618,50177424,22507155
AB,35,0.761,75859200,0.375,size,26126,50000,807.7,54.61,0.0000,190066.0,190066,190066,190066,1,365775,1618,0,22507155
AB,35,0.761,75859200,0.375,delta_star,50000,50000,206.9,19.58,0.0000,182910.5,182262,348115,365763,0,365775,1618,0,22507155
AB,35,0.761,94608000,0.500,members,254,467,85956.0,53.20,0.4350,197604.0,197604,197604,197604,1,365775,1618,50191416,22507155
AB,35,0.761,94608000,0.500,size,27123,50000,786.0,53.29,0.0000,197604.0,197604,197604,197604,1,365775,1618,0,22507155
AB,35,0.761,94608000,0.500,delta_star,50000,50000,209.5,19.59,0.0000,183625.9,184428,347741,365769,0,365775,1618,0,22507155
AB,35,0.761,117676800,0.625,members,244,412,86540.7,50.36,0.4220,205078.0,205078,205078,205078,1,365775,1618,50039032,22507155
AB,35,0.761,117676800,0.625,size,28167,50000,773.8,51.98,0.0000,205078.0,205078,205078,205078,1,365775,1618,0,22507155
AB,35,0.761,117676800,0.625,delta_star,50000,50000,209.5,19.58,0.0000,182535.2,182549,347019,365775,0,365775,1618,0,22507155
AB,35,0.761,151027200,0.750,members,238,383,88269.1,48.89,0.4199,210202.0,210202,210202,210202,1,365775,1618,50028076,22507155
AB,35,0.761,151027200,0.750,size,28728,50000,903.7,51.33,0.0000,210202.0,210202,210202,210202,1,365775,1618,0,22507155
AB,35,0.761,151027200,0.750,delta_star,50000,50000,210.1,19.58,0.0000,182156.8,182301,347473,365753,0,365775,1618,0,22507155
AB,35,0.761,375235200,0.875,members,164,196,131642.7,40.81,0.4299,306200.0,306200,306200,306200,1,365775,1618,50216800,22507155
AB,35,0.761,375235200,0.875,size,41897,50000,644.8,40.77,0.0000,306200.0,306200,306200,306200,1,365775,1618,0,22507155
AB,35,0.761,375235200,0.875,delta_star,50000,50000,205.2,19.58,0.0000,182788.9,182726,347928,365769,0,365775,1618,0,22507155
AB,35,0.761,488419200,1.000,members,137,137,151990.6,37.18,0.4155,365775.0,365775,365775,365775,1,365775,1618,50111175,22507155
AB,35,0.761,488419200,1.000,size,50000,50000,514.8,37.14,0.0000,365775.0,365775,365775,365775,1,365775,1618,0,22507155
AB,35,0.761,488419200,1.000,delta_star,50000,50000,205.1,19.58,0.0000,182232.3,182035,347540,365774,0,365775,1618,0,22507155
AB,46,1.000,60912000,0.125,members,1344,1351,15765.6,30.26,0.4235,37224.0,37224,37224,37224,1,37603,49,50029056,22507155
AB,46,1.000,60912000,0.125,size,49532,50000,207.9,30.27,0.0000,37224.0,37224,37224,37224,1,37603,49,0,22507155
AB,46,1.000,60912000,0.125,delta_star,50000,50000,99.3,16.31,0.0000,18759.7,18777,35695,37603,0,37603,49,0,22507155
AB,46,1.000,62294400,0.250,members,1342,1353,15353.4,30.22,0.4119,37276.0,37276,37276,37276,1,37603,49,50024392,22507155
AB,46,1.000,62294400,0.250,size,49557,50000,199.7,30.27,0.0000,37276.0,37276,37276,37276,1,37603,49,0,22507155
AB,46,1.000,62294400,0.250,delta_star,50000,50000,99.3,16.30,0.0000,18828.7,18806,35740,37603,0,37603,49,0,22507155
AB,46,1.000,63504000,0.375,members,1340,1348,15280.0,30.22,0.4093,37333.0,37333,37333,37333,1,37603,49,50026220,22507155
AB,46,1.000,63504000,0.375,size,49638,50000,206.3,30.22,0.0000,37333.0,37333,37333,37333,1,37603,49,0,22507155
AB,46,1.000,63504000,0.375,delta_star,50000,50000,101.9,16.31,0.0000,18785.1,18864,35716,37603,0,37603,49,0,22507155
AB,46,1.000,64627200,0.500,members,1339,1346,15800.1,30.22,0.4230,37349.0,37349,37349,37349,1,37603,49,50010311,22507155
AB,46,1.000,64627200,0.500,size,49634,50000,206.0,30.19,0.0000,37349.0,37349,37349,37349,1,37603,49,0,22507155
AB,46,1.000,64627200,0.500,delta_star,50000,50000,100.7,16.30,0.0000,18796.1,18762,35744,37603,0,37603,49,0,22507155
AB,46,1.000,67564800,0.625,members,1336,1346,15540.7,30.24,0.4150,37446.0,37446,37446,37446,1,37603,49,50027856,22507155
AB,46,1.000,67564800,0.625,size,49800,50000,189.2,30.20,0.0000,37446.0,37446,37446,37446,1,37603,49,0,22507155
AB,46,1.000,67564800,0.625,delta_star,50000,50000,99.6,16.31,0.0000,18778.5,18788,35805,37603,0,37603,49,0,22507155
AB,46,1.000,69465600,0.750,members,1334,1341,15347.1,30.23,0.4093,37499.0,37499,37499,37499,1,37603,49,50023666,22507155
AB,46,1.000,69465600,0.750,size,49845,50000,188.0,30.12,0.0000,37499.0,37499,37499,37499,1,37603,49,0,22507155
AB,46,1.000,69465600,0.750,delta_star,50000,50000,101.9,16.30,0.0000,18750.0,18741,35726,37603,0,37603,49,0,22507155
AB,46,1.000,73785600,0.875,members,1334,1338,15338.5,30.15,0.4090,37507.0,37507,37507,37507,1,37603,49,50034338,22507155
AB,46,1.000,73785600,0.875,size,49864,50000,186.7,30.12,0.0000,37507.0,37507,37507,37507,1,37603,49,0,22507155
AB,46,1.000,73785600,0.875,delta_star,50000,50000,101.6,16.31,0.0000,18796.5,18757,35782,37603,0,37603,49,0,22507155
AB,46,1.000,88819200,1.000,members,1330,1330,15760.3,30.46,0.4191,37603.0,37603,37603,37603,1,37603,49,50011990,22507155
AB,46,1.000,88819200,1.000,size,50000,50000,158.8,30.52,0.0000,37603.0,37603,37603,37603,1,37603,49,0,22507155
AB,46,1.000,88819200,1.000,delta_star,50000,50000,100.5,16.31,0.0000,18719.6,18718,35723,37603,0,37603,49,0,22507155
PROSPER,1,0.009,17107200,0.125,members,31,31,672889.1,43.74,0.4140,1625155.3,1383630,1959575,1959575,2,3343278,1587,50379815,3343278
PROSPER,1,0.009,17107200,0.125,size,50000,50000,711.2,45.28,0.0000,1721433.3,1959575,1959575,1959575,2,3343278,1587,0,3343278
PROSPER,1,0.009,17107200,0.125,delta_star,50000,50000,326.7,23.52,0.0000,2079.8,1553,5093,1959550,0,3343278,1587,0,3343278
PROSPER,1,0.009,34300800,0.250,members,15,15,1395636.7,47.73,0.4175,3343211.0,3343211,3343211,3343211,1,3343278,1587,50148165,3343278
PROSPER,1,0.009,34300800,0.250,size,50000,50000,757.9,47.66,0.0000,3343144.1,3343211,3343211,3343211,2,3343278,1587,0,3343278
PROSPER,1,0.009,34300800,0.250,delta_star,50000,50000,322.1,23.53,0.0000,2052.5,1548,5030,1959556,0,3343278,1587,0,3343278
PROSPER,1,0.009,51408000,0.375,members,15,15,1377009.5,47.13,0.4119,3343221.0,3343221,3343221,3343221,1,3343278,1587,50148315,3343278
PROSPER,1,0.009,51408000,0.375,size,50000,50000,691.9,47.06,0.0000,3343154.1,3343221,3343221,3343221,2,3343278,1587,0,3343278
PROSPER,1,0.009,51408000,0.375,delta_star,50000,50000,323.3,23.52,0.0000,2008.1,1567,5086,1959500,0,3343278,1587,0,3343278
PROSPER,1,0.009,68515200,0.500,members,15,15,1391963.0,47.60,0.4164,3343222.0,3343222,3343222,3343222,1,3343278,1587,50148330,3343278
PROSPER,1,0.009,68515200,0.500,size,50000,50000,704.1,47.67,0.0000,3343222.0,3343222,3343222,3343222,1,3343278,1587,0,3343278
PROSPER,1,0.009,68515200,0.500,delta_star,50000,50000,323.1,23.46,0.0000,1966.7,1558,5044,1959564,0,3343278,1587,0,3343278
PROSPER,1,0.009,85622400,0.625,members,15,15,1392537.4,48.27,0.4165,3343222.0,3343222,3343222,3343222,1,3343278,1587,50148330,3343278
PROSPER,1,0.009,85622400,0.625,size,50000,50000,690.6,47.66,0.0000,3342954.5,3343222,3343222,3343222,5,3343278,1587,0,3343278
PROSPER,1,0.009,85622400,0.625,delta_star,50000,50000,326.8,23.51,0.0000,2108.8,1551,5075,3343212,0,3343278,1587,0,3343278
PROSPER,1,0.009,102816000,0.750,members,15,15,1379880.2,47.27,0.4127,3343223.0,3343223,3343223,3343223,1,3343278,1587,50148345,3343278
PROSPER,1,0.009,102816000,0.750,size,50000,50000,697.8,47.65,0.0000,3343156.1,3343223,3343223,3343223,2,3343278,1587,0,3343278
PROSPER,1,0.009,102816000,0.750,delta_star,50000,50000,323.8,23.53,0.0000,2191.7,1564,5083,3343213,0,3343278,1587,0,3343278
PROSPER,1,0.009,122083200,0.875,members,15,15,1400418.1,47.87,0.4189,3343223.0,3343223,3343223,3343223,1,3343278,1587,50148345,3343278
PROSPER,1,0.009,122083200,0.875,size,50000,50000,704.4,47.68,0.0000,3343223.0,3343223,3343223,3343223,1,3343278,1587,0,3343278
PROSPER,1,0.009,122083200,0.875,delta_star,50000,50000,318.6,23.50,0.0000,2199.5,1567,5040,1959572,0,3343278,1587,0,3343278
PROSPER,1,0.009,173836800,1.000,members,15,15,1368515.3,47.27,0.4093,3343223.0,3343223,3343223,3343223,1,3343278,1587,50148345,3343278
PROSPER,1,0.009,173836800,1.000,size,50000,50000,707.7,47.65,0.0000,3343089.3,3343223,3343223,3343223,3,3343278,1587,0,3343278
PROSPER,1,0.009,173836800,1.000,delta_star,50000,50000,323.6,23.47,0.0000,2149.5,1555,5024,1959566,0,3343278,1587,0,3343278
PROSPER,28,0.248,20217600,0.125,members,21,27,1024317.4,58.62,0.4098,2499400.0,2499400,2499400,2499400,1,2887344,1847,52487400,3343278
PROSPER,28,0.248,20217600,0.125,size,43366,50000,1106.2,57.62,0.0000,2499400.0,2499400,2499400,2499400,1,2887344,1847,0,3343278
PROSPER,28,0.248,20217600,0.125,delta_star,50000,50000,398.2,22.58,0.0000,890988.6,717231,2741333,2887323,0,2887344,1847,0,3343278
PROSPER,28,0.248,40176000,0.250,members,19,23,1110105.6,59.21,0.4079,2721305.0,2721305,2721305,2721305,1,2887344,1847,51704795,3343278
PROSPER,28,0.248,40176000,0.250,size,47241,50000,1022.2,54.51,0.0000,2721305.0,2721305,2721305,2721305,1,2887344,1847,0,3343278
PROSPER,28,0.248,40176000,0.250,delta_star,50000,50000,392.3,22.59,0.0000,892177.4,720288,2739772,2887289,0,2887344,1847,0,3343278
PROSPER,28,0.248,60048000,0.375,members,18,18,1135302.9,48.94,0.4056,2799242.0,2799242,2799242,2799242,1,2887344,1847,50386356,3343278
PROSPER,28,0.248,60048000,0.375,size,48462,50000,1186.8,53.54,0.0000,2799242.0,2799242,2799242,2799242,1,2887344,1847,0,3343278
PROSPER,28,0.248,60048000,0.375,delta_star,50000,50000,391.6,22.59,0.0000,889782.6,715156,2741480,2887292,0,2887344,1847,0,3343278
PROSPER,28,0.248,80006400,0.500,members,18,18,1170985.5,51.67,0.4138,2830115.0,2830115,2830115,2830115,1,2887344,1847,50942070,3343278
PROSPER,28,0.248,80006400,0.500,size,49004,50000,1122.3,53.07,0.0000,2830115.0,2830115,2830115,2830115,1,2887344,1847,0,3343278
PROSPER,28,0.248,80006400,0.500,delta_star,50000,50000,403.1,22.59,0.0000,889156.1,713754,2742782,2887321,0,2887344,1847,0,3343278
PROSPER,28,0.248,99964800,0.625,members,18,18,1167482.0,48.33,0.4082,2860275.0,2860275,2860275,2860275,1,2887344,1847,51484950,3343278
PROSPER,28,0.248,99964800,0.625,size,49510,50000,1007.9,52.65,0.0000,2860275.0,2860275,2860275,2860275,1,2887344,1847,0,3343278
PROSPER,28,0.248,99964800,0.625,delta_star,50000,50000,383.6,22.60,0.0000,891955.9,717581,2740153,2887256,0,2887344,1847,0,3343278
PROSPER,28,0.248,119923200,0.750,members,18,18,1176818.2,51.17,0.4090,2877232.0,2877232,2877232,2877232,1,2887344,1847,51790176,3343278
PROSPER,28,0.248,119923200,0.750,size,49810,50000,1005.9,52.41,0.0000,2877232.0,2877232,2877232,2877232,1,2887344,1847,0,3343278
PROSPER,28,0.248,119923200,0.750,delta_star,50000,50000,374.0,22.57,0.0000,890140.0,717860,2738712,2887314,0,2887344,1847,0,3343278
PROSPER,28,0.248,139881600,0.875,members,18,19,1184146.1,48.39,0.4105,2884566.0,2884566,2884566,2884566,1,2887344,1847,51922188,3343278
PROSPER,28,0.248,139881600,0.875,size,49948,50000,921.9,52.43,0.0000,2884566.0,2884566,2884566,2884566,1,2887344,1847,0,3343278
PROSPER,28,0.248,139881600,0.875,delta_star,50000,50000,373.9,22.58,0.0000,889375.4,716532,2746194,2887270,0,2887344,1847,0,3343278
PROSPER,28,0.248,173836800,1.000,members,18,18,1189835.3,49.83,0.4121,2887344.0,2887344,2887344,2887344,1,2887344,1847,51972192,3343278
PROSPER,28,0.248,173836800,1.000,size,50000,50000,892.4,52.60,0.0000,2887344.0,2887344,2887344,2887344,1,2887344,1847,0,3343278
PROSPER,28,0.248,173836800,1.000,delta_star,50000,50000,407.1,22.59,0.0000,895396.3,717555,2745126,2887344,0,2887344,1847,0,3343278
PROSPER,57,0.504,24019200,0.125,members,50,94,409431.8,64.02,0.4082,1003038.0,1003038,1003038,1003038,1,2021277,1808,50151900,3343278
PROSPER,57,0.504,24019200,0.125,size,24695,50000,1622.2,67.95,0.0000,1003038.0,1003038,1003038,1003038,1,2021277,1808,0,3343278
PROSPER,57,0.504,24019200,0.125,delta_star,50000,50000,369.7,21.97,0.0000,924229.0,1013220,1920470,2021160,0,2021277,1808,0,3343278
PROSPER,57,0.504,43545600,0.250,members,32,47,657701.3,55.22,0.4140,1588796.0,1588796,1588796,1588796,1,2021277,1808,50841472,3343278
PROSPER,57,0.504,43545600,0.250,size,39273,50000,1094.5,50.36,0.0000,1588796.0,1588796,1588796,1588796,1,2021277,1808,0,3343278
PROSPER,57,0.504,43545600,0.250,delta_star,50000,50000,341.4,21.96,0.0000,922834.1,1011021,1917709,2021194,0,2021277,1808,0,3343278
PROSPER,57,0.504,63072000,0.375,members,29,32,739559.1,45.31,0.4180,1769323.0,1769323,1769323,1769323,1,2021277,1808,51310367,3343278
PROSPER,57,0.504,63072000,0.375,size,43717,50000,1025.9,47.15,0.0000,1769323.0,1769323,1769323,1769323,1,2021277,1808,0,3343278
PROSPER,57,0.504,63072000,0.375,delta_star,50000,50000,336.5,21.97,0.0000,924695.3,1010596,1920078,2021230,0,2021277,1808,0,3343278
PROSPER,57,0.504,82598400,0.500,members,28,29,1109671.2,45.43,0.5999,1849873.0,1849873,1849873,1849873,1,2021277,1808,51796444,3343278
PROSPER,57,0.504,82598400,0.500,size,45821,50000,992.3,45.96,0.0000,1849873.0,1849873,1849873,1849873,1,2021277,1808,0,3343278
PROSPER,57,0.504,82598400,0.500,delta_star,50000,50000,342.9,21.97,0.0000,925310.3,1015037,1919835,2021243,0,2021277,1808,0,3343278
PROSPER,57,0.504,102038400,0.625,members,26,27,793495.1,43.19,0.4083,1943253.0,1943253,1943253,1943253,1,2021277,1808,50524578,3343278
PROSPER,57,0.504,102038400,0.625,size,48055,50000,931.9,44.61,0.0000,1943253.0,1943253,1943253,1943253,1,2021277,1808,0,3343278
PROSPER,57,0.504,102038400,0.625,delta_star,50000,50000,329.9,21.96,0.0000,922301.2,1007151,1923048,2021200,0,2021277,1808,0,3343278
PROSPER,57,0.504,121564800,0.750,members,26,27,807727.0,43.65,0.4059,1990003.0,1990003,1990003,1990003,1,2021277,1808,51740078,3343278
PROSPER,57,0.504,121564800,0.750,size,49225,50000,824.4,43.97,0.0000,1990003.0,1990003,1990003,1990003,1,2021277,1808,0,3343278
PROSPER,57,0.504,121564800,0.750,delta_star,50000,50000,332.8,21.96,0.0000,920174.6,1005346,1917738,2021272,0,2021277,1808,0,3343278
PROSPER,57,0.504,141091200,0.875,members,25,26,817252.4,43.80,0.4061,2012408.0,2012408,2012408,2012408,1,2021277,1808,50310200,3343278
PROSPER,57,0.504,141091200,0.875,size,49741,50000,826.1,43.62,0.0000,2012408.0,2012408,2012408,2012408,1,2021277,1808,0,3343278
PROSPER,57,0.504,141091200,0.875,delta_star,50000,50000,332.4,21.97,0.0000,918758.0,1003841,1921316,2021268,0,2021277,1808,0,3343278
PROSPER,57,0.504,173836800,1.000,members,25,25,842291.3,42.04,0.4167,2021277.0,2021277,2021277,2021277,1,2021277,1808,50531925,3343278
PROSPER,57,0.504,173836800,1.000,size,50000,50000,769.8,43.83,0.0000,2021277.0,2021277,2021277,2021277,1,2021277,1808,0,3343278
PROSPER,57,0.504,173836800,1.000,delta_star,50000,50000,414.6,21.97,0.0000,917975.6,1001769,1919932,2021198,0,2021277,1808,0,3343278
PROSPER,85,0.752,37929600,0.125,members,98,138,216266.5,47.47,0.4210,513656.0,513656,513656,513656,1,734232,1455,50338288,3343278
PROSPER,85,0.752,37929600,0.125,size,34915,50000,864.5,47.86,0.0000,513656.0,513656,513656,513656,1,734232,1455,0,3343278
PROSPER,85,0.752,37929600,0.125,delta_star,50000,50000,259.3,20.57,0.0000,366162.3,365341,697176,734229,0,734232,1455,0,3343278
PROSPER,85,0.752,53654400,0.250,members,83,99,254359.9,42.89,0.4200,605688.0,605688,605688,605688,1,734232,1455,50272104,3343278
PROSPER,85,0.752,53654400,0.250,size,41211,50000,761.1,43.38,0.0000,605688.0,605688,605688,605688,1,734232,1455,0,3343278
PROSPER,85,0.752,53654400,0.250,delta_star,50000,50000,262.8,20.58,0.0000,367063.2,366540,697160,734217,0,734232,1455,0,3343278
PROSPER,85,0.752,69292800,0.375,members,79,87,264749.2,40.96,0.4149,638065.0,638065,638065,638065,1,734232,1455,50407135,3343278
PROSPER,85,0.752,69292800,0.375,size,43355,50000,747.1,42.12,0.0000,638065.0,638065,638065,638065,1,734232,1455,0,3343278
PROSPER,85,0.752,69292800,0.375,delta_star,50000,50000,257.2,20.57,0.0000,366381.5,365114,697470,734230,0,734232,1455,0,3343278
PROSPER,85,0.752,85276800,0.500,members,77,87,267464.1,41.73,0.4106,651474.0,651474,651474,651474,1,734232,1455,50163498,3343278
PROSPER,85,0.752,85276800,0.500,size,44493,50000,684.6,41.50,0.0000,651474.0,651474,651474,651474,1,734232,1455,0,3343278
PROSPER,85,0.752,85276800,0.500,delta_star,50000,50000,258.6,20.57,0.0000,367584.8,368633,697134,734225,0,734232,1455,0,3343278
PROSPER,85,0.752,101088000,0.625,members,74,79,282104.9,40.28,0.4138,681762.0,681762,681762,681762,1,734232,1455,50450388,3343278
PROSPER,85,0.752,101088000,0.625,size,46341,50000,677.9,40.51,0.0000,681762.0,681762,681762,681762,1,734232,1455,0,3343278
PROSPER,85,0.752,101088000,0.625,delta_star,50000,50000,253.3,20.57,0.0000,366058.4,365875,697032,734218,0,734232,1455,0,3343278
PROSPER,85,0.752,117072000,0.750,members,72,76,294842.7,40.01,0.4194,703004.0,703004,703004,703004,1,734232,1455,50616288,3343278
PROSPER,85,0.752,117072000,0.750,size,47890,50000,629.7,39.74,0.0000,703004.0,703004,703004,703004,1,734232,1455,0,3343278
PROSPER,85,0.752,117072000,0.750,delta_star,50000,50000,237.0,20.57,0.0000,367224.3,366779,697988,734200,0,734232,1455,0,3343278
PROSPER,85,0.752,134956800,0.875,members,70,73,300190.2,39.87,0.4183,717585.0,717585,717585,717585,1,734232,1455,50230950,3343278
PROSPER,85,0.752,134956800,0.875,size,48909,50000,607.8,39.24,0.0000,717585.0,717585,717585,717585,1,734232,1455,0,3343278
PROSPER,85,0.752,134956800,0.875,delta_star,50000,50000,258.6,20.57,0.0000,366999.7,366479,696691,734206,0,734232,1455,0,3343278
PROSPER,85,0.752,179107200,1.000,members,69,69,300075.6,39.52,0.4087,734232.0,734232,734232,734232,1,734232,1455,50662008,3343278
PROSPER,85,0.752,179107200,1.000,size,50000,50000,541.1,39.13,0.0000,734232.0,734232,734232,734232,1,734232,1455,0,3343278
PROSPER,85,0.752,179107200,1.000,delta_star,50000,50000,226.2,20.58,0.0000,367499.6,368276,698147,734232,0,734232,1455,0,3343278
PROSPER,113,1.000,139708800,0.125,members,324,328,63996.8,34.46,0.4137,154698.0,154698,154698,154698,1,156534,39,50122152,3343278
PROSPER,113,1.000,139708800,0.125,size,49399,50000,364.8,34.48,0.0000,154698.0,154698,154698,154698,1,156534,39,0,3343278
PROSPER,113,1.000,139708800,0.125,delta_star,50000,50000,135.2,18.34,0.0000,78442.7,78574,148743,156534,0,156534,39,0,3343278
PROSPER,113,1.000,140832000,0.250,members,324,334,63738.6,34.66,0.4120,154707.0,154707,154707,154707,1,156534,39,50125068,3343278
PROSPER,113,1.000,140832000,0.250,size,49369,50000,341.4,34.49,0.0000,154707.0,154707,154707,154707,1,156534,39,0,3343278
PROSPER,113,1.000,140832000,0.250,delta_star,50000,50000,130.5,18.34,0.0000,78085.7,77975,148577,156532,0,156534,39,0,3343278
PROSPER,113,1.000,144028800,0.375,members,321,324,63845.0,34.46,0.4097,155831.0,155831,155831,155831,1,156534,39,50021751,3343278
PROSPER,113,1.000,144028800,0.375,size,49786,50000,262.4,34.31,0.0000,155831.0,155831,155831,155831,1,156534,39,0,3343278
PROSPER,113,1.000,144028800,0.375,delta_star,50000,50000,134.3,18.34,0.0000,78085.9,77932,148661,156532,0,156534,39,0,3343278
PROSPER,113,1.000,147225600,0.500,members,320,320,63949.0,34.07,0.4086,156510.0,156510,156510,156510,1,156534,39,50083200,3343278
PROSPER,113,1.000,147225600,0.500,size,49992,50000,251.7,34.20,0.0000,156510.0,156510,156510,156510,1,156534,39,0,3343278
PROSPER,113,1.000,147225600,0.500,delta_star,50000,50000,128.0,18.33,0.0000,78509.9,78621,148536,156531,0,156534,39,0,3343278
PROSPER,113,1.000,149212800,0.625,members,320,320,64120.8,34.16,0.4097,156515.0,156515,156515,156515,1,156534,39,50084800,3343278
PROSPER,113,1.000,149212800,0.625,size,49993,50000,230.4,34.34,0.0000,156515.0,156515,156515,156515,1,156534,39,0,3343278
PROSPER,113,1.000,149212800,0.625,delta_star,50000,50000,129.3,18.34,0.0000,78276.5,78099,148627,156534,0,156534,39,0,3343278
PROSPER,113,1.000,154396800,0.750,members,320,320,64174.1,34.34,0.4100,156522.0,156522,156522,156522,1,156534,39,50087040,3343278
PROSPER,113,1.000,154396800,0.750,size,49996,50000,225.1,34.18,0.0000,156522.0,156522,156522,156522,1,156534,39,0,3343278
PROSPER,113,1.000,154396800,0.750,delta_star,50000,50000,127.0,18.34,0.0000,78170.8,78209,148819,156533,0,156534,39,0,3343278
PROSPER,113,1.000,162345600,0.875,members,320,320,65153.9,34.15,0.4162,156526.0,156526,156526,156526,1,156534,39,50088320,3343278
PROSPER,113,1.000,162345600,0.875,size,49997,50000,300.1,34.07,0.0000,156526.0,156526,156526,156526,1,156534,39,0,3343278
PROSPER,113,1.000,162345600,0.875,delta_star,50000,50000,131.0,18.33,0.0000,78191.8,78201,148919,156531,0,156534,39,0,3343278
PROSPER,113,1.000,169516800,1.000,members,320,320,63826.4,34.71,0.4077,156534.0,156534,156534,156534,1,156534,39,50090880,3343278
PROSPER,113,1.000,169516800,1.000,size,50000,50000,241.3,34.65,0.0000,156534.0,156534,156534,156534,1,156534,39,0,3343278
PROSPER,113,1.000,169516800,1.000,delta_star,50000,50000,132.1,18.34,0.0000,78258.7,78185,148678,156533,0,156534,39,0,3343278
YT,1,0.008,1897200,0.125,members,8,8,3293559.5,50.38,0.4571,7204990.8,8590087,8590087,8590087,2,12223774,345,57639926,12223774
YT,1,0.008,1897200,0.125,size,50000,50000,1367.2,51.74,0.0000,6772692.2,8590087,8590087,8590087,2508,12223774,345,0,12223774
YT,1,0.008,1897200,0.125,delta_star,50000,50000,498.4,25.50,0.0000,1615049.4,72780,8545006,12216888,0,12223774,345,0,12223774
YT,1,0.008,3715200,0.250,members,5,5,5703150.2,62.20,0.4806,11866862.0,11866862,11866862,11866862,1,12223774,345,59334310,12223774
YT,1,0.008,3715200,0.250,size,50000,50000,1053.8,57.06,0.0000,11518451.1,11866862,11866862,11866862,1456,12223774,345,0,12223774
YT,1,0.008,3715200,0.250,delta_star,50000,50000,510.3,25.54,0.0000,1624579.7,70714,8564635,12216861,0,12223774,345,0,12223774
YT,1,0.008,5612400,0.375,members,5,5,5844977.2,62.40,0.4812,12145899.0,12145899,12145899,12145899,1,12223774,345,60729495,12223774
YT,1,0.008,5612400,0.375,size,50000,50000,1729.5,57.47,0.0000,12069379.9,12145899,12145899,12145899,314,12223774,345,0,12223774
YT,1,0.008,5612400,0.375,delta_star,50000,50000,516.1,25.49,0.0000,1607751.5,72574,8541055,12217128,0,12223774,345,0,12223774
YT,1,0.008,7430400,0.500,members,5,5,5626189.4,64.80,0.4623,12169828.0,12169828,12169828,12169828,1,12223774,345,60849140,12223774
YT,1,0.008,7430400,0.500,size,50000,50000,1025.1,57.26,0.0000,12114820.4,12169828,12169828,12169828,226,12223774,345,0,12223774
YT,1,0.008,7430400,0.500,delta_star,50000,50000,531.7,25.51,0.0000,1618572.0,71828,8543907,12217139,0,12223774,345,0,12223774
YT,1,0.008,9327600,0.625,members,5,5,5763295.0,58.60,0.4729,12186400.0,12186400,12186400,12186400,1,12223774,345,60932000,12223774
YT,1,0.008,9327600,0.625,size,50000,50000,1139.4,57.56,0.0000,12151059.5,12186400,12186400,12186400,146,12223774,345,0,12223774
YT,1,0.008,9327600,0.625,delta_star,50000,50000,542.8,25.53,0.0000,1621641.3,72192,8548001,12217174,0,12223774,345,0,12223774
YT,1,0.008,12006000,0.750,members,5,5,5831618.6,61.20,0.4778,12205307.0,12205307,12205307,12205307,1,12223774,345,61026535,12223774
YT,1,0.008,12006000,0.750,size,50000,50000,1119.4,57.52,0.0000,12186754.9,12205307,12205307,12205307,75,12223774,345,0,12223774
YT,1,0.008,12006000,0.750,delta_star,50000,50000,509.1,25.52,0.0000,1641888.5,74016,8545930,12217095,0,12223774,345,0,12223774
YT,1,0.008,15721200,0.875,members,5,5,5985506.8,52.60,0.4899,12216682.0,12216682,12216682,12216682,1,12223774,345,61083410,12223774
YT,1,0.008,15721200,0.875,size,50000,50000,1032.4,57.57,0.0000,12207153.0,12216682,12216682,12216682,39,12223774,345,0,12223774
YT,1,0.008,15721200,0.875,delta_star,50000,50000,510.4,25.53,0.0000,1615242.2,72341,8545595,12217111,0,12223774,345,0,12223774
YT,1,0.008,19436400,1.000,members,5,5,5992802.6,58.00,0.4905,12217182.0,12217182,12217182,12217182,1,12223774,345,61085910,12223774
YT,1,0.008,19436400,1.000,size,50000,50000,981.6,57.90,0.0000,12212295.1,12217182,12217182,12217182,20,12223774,345,0,12223774
YT,1,0.008,19436400,1.000,delta_star,50000,50000,525.1,25.51,0.0000,1620818.5,72480,8542845,12216997,0,12223774,345,0,12223774
YT,31,0.252,2761200,0.125,members,51,110,408811.4,71.75,0.4163,981910.0,981910,981910,981910,1,2327491,322,50077410,12223774
YT,31,0.252,2761200,0.125,size,21082,50000,1668.6,77.74,0.0000,981910.0,981910,981910,981910,1,2327491,322,0,12223774
YT,31,0.252,2761200,0.125,delta_star,50000,50000,448.8,22.20,0.0000,1080435.2,1169941,2210896,2327433,0,2327491,322,0,12223774
YT,31,0.252,4489200,0.250,members,39,71,552528.9,65.85,0.4268,1294452.0,1294452,1294452,1294452,1,2327491,322,50483628,12223774
YT,31,0.252,4489200,0.250,size,27856,50000,1350.5,64.26,0.0000,1294452.0,1294452,1294452,1294452,1,2327491,322,0,12223774
YT,31,0.252,4489200,0.250,delta_star,50000,50000,421.7,22.21,0.0000,1077331.0,1159279,2215954,2327455,0,2327491,322,0,12223774
YT,31,0.252,6217200,0.375,members,32,49,660750.0,58.59,0.4153,1591140.0,1591140,1591140,1591140,1,2327491,322,50916480,12223774
YT,31,0.252,6217200,0.375,size,33963,50000,1452.3,56.41,0.0000,1591140.0,1591140,1591140,1591140,1,2327491,322,0,12223774
YT,31,0.252,6217200,0.375,delta_star,50000,50000,408.2,22.21,0.0000,1077749.6,1159785,2211466,2327453,0,2327491,322,0,12223774
YT,31,0.252,7948800,0.500,members,29,43,737181.2,55.17,0.4180,1763423.0,1763423,1763423,1763423,1,2327491,322,51139267,12223774
YT,31,0.252,7948800,0.500,size,37867,50000,1321.3,52.74,0.0000,1763423.0,1763423,1763423,1763423,1,2327491,322,0,12223774
YT,31,0.252,7948800,0.500,delta_star,50000,50000,417.7,22.21,0.0000,1075156.4,1160474,2211066,2327287,0,2327491,322,0,12223774
YT,31,0.252,9676800,0.625,members,27,36,772582.5,51.59,0.4116,1877007.0,1877007,1877007,1877007,1,2327491,322,50679189,12223774
YT,31,0.252,9676800,0.625,size,40280,50000,1256.7,50.80,0.0000,1877007.0,1877007,1877007,1877007,1,2327491,322,0,12223774
YT,31,0.252,9676800,0.625,delta_star,50000,50000,417.3,22.21,0.0000,1081239.1,1170093,2213247,2327417,0,2327491,322,0,12223774
YT,31,0.252,12524400,0.750,members,25,31,835467.0,51.32,0.4106,2034937.0,2034937,2034937,2034937,1,2327491,322,50873425,12223774
YT,31,0.252,12524400,0.750,size,43697,50000,1174.9,48.18,0.0000,2034937.0,2034937,2034937,2034937,1,2327491,322,0,12223774
YT,31,0.252,12524400,0.750,delta_star,50000,50000,396.3,22.20,0.0000,1077609.9,1163262,2212478,2327439,0,2327491,322,0,12223774
YT,31,0.252,15980400,0.875,members,24,27,909829.6,48.46,0.4187,2173213.0,2173213,2173213,2173213,1,2327491,322,52157112,12223774
YT,31,0.252,15980400,0.875,size,46711,50000,1114.0,46.23,0.0000,2173213.0,2173213,2173213,2173213,1,2327491,322,0,12223774
YT,31,0.252,15980400,0.875,delta_star,50000,50000,398.6,22.20,0.0000,1079245.1,1168185,2211881,2327491,0,2327491,322,0,12223774
YT,31,0.252,19436400,1.000,members,22,22,978147.8,42.45,0.4203,2327491.0,2327491,2327491,2327491,1,2327491,322,51204802,12223774
YT,31,0.252,19436400,1.000,size,50000,50000,973.1,44.79,0.0000,2327491.0,2327491,2327491,2327491,1,2327491,322,0,12223774
YT,31,0.252,19436400,1.000,delta_star,50000,50000,397.1,22.20,0.0000,1076989.9,1163980,2209638,2327491,0,2327491,322,0,12223774
YT,62,0.504,4489200,0.125,members,191,582,111719.3,80.52,0.4267,261833.0,261833,261833,261833,1,822446,276,50010103,12223774
YT,62,0.504,4489200,0.125,size,15925,50000,1335.9,82.40,0.0000,261833.0,261833,261833,261833,1,822446,276,0,12223774
YT,62,0.504,4489200,0.125,delta_star,50000,50000,285.5,20.73,0.0000,411497.0,412591,781496,822444,0,822446,276,0,12223774
YT,62,0.504,5961600,0.250,members,140,330,151724.1,66.82,0.4225,359071.0,359071,359071,359071,1,822446,276,50269940,12223774
YT,62,0.504,5961600,0.250,size,21919,50000,1168.2,65.33,0.0000,359071.0,359071,359071,359071,1,822446,276,0,12223774
YT,62,0.504,5961600,0.250,delta_star,50000,50000,265.7,20.73,0.0000,412107.2,412412,781809,822443,0,822446,276,0,12223774
YT,62,0.504,7430400,0.375,members,121,223,170852.4,56.67,0.4105,416188.0,416188,416188,416188,1,822446,276,50358748,12223774
YT,62,0.504,7430400,0.375,size,25401,50000,1123.0,59.09,0.0000,416188.0,416188,416188,416188,1,822446,276,0,12223774
YT,62,0.504,7430400,0.375,delta_star,50000,50000,293.8,20.73,0.0000,408937.8,407815,780887,822411,0,822446,276,0,12223774
YT,62,0.504,8982000,0.500,members,108,212,193795.3,59.01,0.4162,465614.0,465614,465614,465614,1,822446,276,50286312,12223774
YT,62,0.504,8982000,0.500,size,28389,50000,976.5,54.93,0.0000,465614.0,465614,465614,465614,1,822446,276,0,12223774
YT,62,0.504,8982000,0.500,delta_star,50000,50000,270.4,20.73,0.0000,410234.5,410741,781393,822438,0,822446,276,0,12223774
YT,62,0.504,10537200,0.625,members,98,159,216595.9,52.10,0.4216,513755.0,513755,513755,513755,1,822446,276,50347990,12223774
YT,62,0.504,10537200,0.625,size,31198,50000,1018.3,51.75,0.0000,513755.0,513755,513755,513755,1,822446,276,0,12223774
YT,62,0.504,10537200,0.625,delta_star,50000,50000,293.3,20.73,0.0000,411686.5,411819,779760,822430,0,822446,276,0,12223774
YT,62,0.504,13474800,0.750,members,76,92,281828.2,43.58,0.4232,666020.0,666020,666020,666020,1,822446,276,50617520,12223774
YT,62,0.504,13474800,0.750,size,40583,50000,881.5,44.13,0.0000,666020.0,666020,666020,666020,1,822446,276,0,12223774
YT,62,0.504,13474800,0.750,delta_star,50000,50000,289.1,20.73,0.0000,411344.5,411237,783005,822445,0,822446,276,0,12223774
YT,62,0.504,16498800,0.875,members,68,74,304709.5,41.03,0.4135,736992.0,736992,736992,736992,1,822446,276,50115456,12223774
YT,62,0.504,16498800,0.875,size,44819,50000,687.2,41.66,0.0000,736992.0,736992,736992,736992,1,822446,276,0,12223774
YT,62,0.504,16498800,0.875,delta_star,50000,50000,295.0,20.73,0.0000,410886.5,410305,781511,822431,0,822446,276,0,12223774
YT,62,0.504,19436400,1.000,members,61,61,339728.6,39.38,0.4131,822446.0,822446,822446,822446,1,822446,276,50169206,12223774
YT,62,0.504,19436400,1.000,size,50000,50000,735.8,39.45,0.0000,822446.0,822446,822446,822446,1,822446,276,0,12223774
YT,62,0.504,19436400,1.000,delta_star,50000,50000,268.3,20.73,0.0000,411102.8,411037,781738,822417,0,822446,276,0,12223774
YT,92,0.748,6649200,0.125,members,718,2211,29849.7,73.52,0.4281,69724.0,69724,69724,69724,1,224474,219,50061832,12223774
YT,92,0.748,6649200,0.125,size,15482,50000,812.8,76.21,0.0000,69724.0,69724,69724,69724,1,224474,219,0,12223774
YT,92,0.748,6649200,0.125,delta_star,50000,50000,181.5,18.84,0.0000,112425.8,112694,213538,224443,0,224474,219,0,12223774
YT,92,0.748,7858800,0.250,members,551,1326,40074.7,61.41,0.4413,90817.0,90817,90817,90817,1,224474,219,50040167,12223774
YT,92,0.748,7858800,0.250,size,20194,50000,768.5,62.66,0.0000,90817.0,90817,90817,90817,1,224474,219,0,12223774
YT,92,0.748,7858800,0.250,delta_star,50000,50000,162.9,18.84,0.0000,112109.3,112348,213043,224472,0,224474,219,0,12223774
YT,92,0.748,8985600,0.375,members,470,1002,45030.1,56.38,0.4231,106424.0,106424,106424,106424,1,224474,219,50019280,12223774
YT,92,0.748,8985600,0.375,size,23603,50000,636.1,56.20,0.0000,106424.0,106424,106424,106424,1,224474,219,0,12223774
YT,92,0.748,8985600,0.375,delta_star,50000,50000,159.8,18.84,0.0000,111867.9,111329,212988,224460,0,224474,219,0,12223774
YT,92,0.748,10191600,0.500,members,404,751,52662.6,51.45,0.4245,124066.0,124066,124066,124066,1,224474,219,50122664,12223774
YT,92,0.748,10191600,0.500,size,27367,50000,728.7,50.92,0.0000,124066.0,124066,124066,124066,1,224474,219,0,12223774
YT,92,0.748,10191600,0.500,delta_star,50000,50000,190.2,18.84,0.0000,112706.6,112728,213583,224470,0,224474,219,0,12223774
YT,92,0.748,12351600,0.625,members,332,506,63620.3,45.31,0.4224,150614.0,150614,150614,150614,1,224474,219,50003848,12223774
YT,92,0.748,12351600,0.625,size,33510,50000,579.9,44.79,0.0000,150614.0,150614,150614,150614,1,224474,219,0,12223774
YT,92,0.748,12351600,0.625,delta_star,50000,50000,191.1,18.84,0.0000,112468.9,112823,213522,224474,0,224474,219,0,12223774
YT,92,0.748,14770800,0.750,members,295,382,71141.0,41.17,0.4197,169508.0,169508,169508,169508,1,224474,219,50004860,12223774
YT,92,0.748,14770800,0.750,size,37594,50000,616.0,41.77,0.0000,169508.0,169508,169508,169508,1,224474,219,0,12223774
YT,92,0.748,14770800,0.750,delta_star,50000,50000,181.8,18.84,0.0000,112419.6,112746,213165,224460,0,224474,219,0,12223774
YT,92,0.748,17103600,0.875,members,257,292,81122.8,38.08,0.4163,194872.0,194872,194872,194872,1,224474,219,50082104,12223774
YT,92,0.748,17103600,0.875,size,43420,50000,420.9,38.38,0.0000,194872.0,194872,194872,194872,1,224474,219,0,12223774
YT,92,0.748,17103600,0.875,delta_star,50000,50000,145.1,18.84,0.0000,111823.0,111788,212847,224461,0,224474,219,0,12223774
YT,92,0.748,19436400,1.000,members,223,223,92514.8,35.76,0.4121,224474.0,224474,224474,224474,1,224474,219,50057702,12223774
YT,92,0.748,19436400,1.000,size,50000,50000,236.5,35.67,0.0000,224474.0,224474,224474,224474,1,224474,219,0,12223774
YT,92,0.748,19436400,1.000,delta_star,50000,50000,146.2,18.84,0.0000,112052.4,111926,213035,224469,0,224474,219,0,12223774
YT,123,1.000,19263600,0.125,members,927,937,22772.9,31.43,0.4222,53939.0,53939,53939,53939,1,54467,3,50001453,12223774
YT,123,1.000,19263600,0.125,size,49538,50000,254.1,31.38,0.0000,53939.0,53939,53939,53939,1,54467,3,0,12223774
YT,123,1.000,19263600,0.125,delta_star,50000,50000,105.3,16.84,0.0000,27224.5,27252,51832,54466,0,54467,3,0,12223774
YT,123,1.000,19350000,0.250,members,919,919,22466.8,30.92,0.4126,54447.0,54447,54447,54447,1,54467,3,50036793,12223774
YT,123,1.000,19350000,0.250,size,49979,50000,182.1,31.06,0.0000,54447.0,54447,54447,54447,1,54467,3,0,12223774
YT,123,1.000,19350000,0.250,delta_star,50000,50000,106.6,16.84,0.0000,27181.7,27146,51646,54467,0,54467,3,0,12223774
YT,123,1.000,19350000,0.375,members,919,919,23099.8,31.07,0.4243,54447.0,54447,54447,54447,1,54467,3,50036793,12223774
YT,123,1.000,19350000,0.375,size,49983,50000,209.0,31.06,0.0000,54447.0,54447,54447,54447,1,54467,3,0,12223774
YT,123,1.000,19350000,0.375,delta_star,50000,50000,105.5,16.83,0.0000,27306.4,27426,51718,54467,0,54467,3,0,12223774
YT,123,1.000,19350000,0.500,members,919,919,22829.3,31.12,0.4193,54447.0,54447,54447,54447,1,54467,3,50036793,12223774
YT,123,1.000,19350000,0.500,size,49986,50000,187.2,31.05,0.0000,54447.0,54447,54447,54447,1,54467,3,0,12223774
YT,123,1.000,19350000,0.500,delta_star,50000,50000,105.4,16.83,0.0000,27325.2,27262,51823,54467,0,54467,3,0,12223774
YT,123,1.000,19350000,0.625,members,919,919,22518.1,31.14,0.4136,54447.0,54447,54447,54447,1,54467,3,50036793,12223774
YT,123,1.000,19350000,0.625,size,49988,50000,185.5,31.06,0.0000,54447.0,54447,54447,54447,1,54467,3,0,12223774
YT,123,1.000,19350000,0.625,delta_star,50000,50000,102.6,16.83,0.0000,27172.0,27208,51729,54467,0,54467,3,0,12223774
YT,123,1.000,19436400,0.750,members,918,918,22727.0,31.62,0.4173,54467.0,54467,54467,54467,1,54467,3,50000706,12223774
YT,123,1.000,19436400,0.750,size,50000,50000,164.3,31.59,0.0000,54467.0,54467,54467,54467,1,54467,3,0,12223774
YT,123,1.000,19436400,0.750,delta_star,50000,50000,108.3,16.83,0.0000,27338.3,27469,51703,54467,0,54467,3,0,12223774
YT,123,1.000,19436400,0.875,members,918,918,23502.3,31.58,0.4315,54467.0,54467,54467,54467,1,54467,3,50000706,12223774
YT,123,1.000,19436400,0.875,size,50000,50000,167.9,31.60,0.0000,54467.0,54467,54467,54467,1,54467,3,0,12223774
YT,123,1.000,19436400,0.875,delta_star,50000,50000,105.3,16.82,0.0000,27351.1,27366,51828,54467,0,54467,3,0,12223774
YT,123,1.000,19436400,1.000,members,918,918,28804.4,31.55,0.5288,54467.0,54467,54467,54467,1,54467,3,50000706,12223774
YT,123,1.000,19436400,1.000,size,50000,50000,164.3,31.59,0.0000,54467.0,54467,54467,54467,1,54467,3,0,12223774
YT,123,1.000,19436400,1.000,delta_star,50000,50000,105.2,16.84,0.0000,27195.9,27255,51670,54467,0,54467,3,0,12223774
DBLPCA,1,0.002,189302400,0.125,members,5,5,5439865.2,68.00,0.4722,11519571.0,11519571,11519571,11519571,1,11859561,78,57597855,11859561
DBLPCA,1,0.002,189302400,0.125,size,50000,50000,1278.6,67.98,0.0000,11203704.7,11519571,11519571,11519571,1331,11859561,78,0,11859561
DBLPCA,1,0.002,189302400,0.125,delta_star,50000,50000,562.4,27.97,0.0000,1233811.7,303574,11028745,11664102,0,11859561,78,0,11859561
DBLPCA,1,0.002,347068800,0.250,members,6,6,4552868.2,55.50,0.4707,9672329.7,11606795,11606795,11606795,2,11859561,78,58033978,11859561
DBLPCA,1,0.002,347068800,0.250,size,50000,50000,1036.3,67.67,0.0000,11354695.7,11606795,11606795,11606795,1064,11859561,78,0,11859561
DBLPCA,1,0.002,347068800,0.250,delta_star,50000,50000,583.1,27.89,0.0000,1231529.2,304786,11026648,11664262,0,11859561,78,0,11859561
DBLPCA,1,0.002,536457600,0.375,members,5,5,5441974.6,75.80,0.4673,11646678.0,11646678,11646678,11646678,1,11859561,78,58233390,11859561
DBLPCA,1,0.002,536457600,0.375,size,50000,50000,1096.2,67.82,0.0000,11435640.4,11646678,11646678,11646678,887,11859561,78,0,11859561
DBLPCA,1,0.002,536457600,0.375,delta_star,50000,50000,650.2,27.97,0.0000,1249833.4,306496,11038444,11664102,0,11859561,78,0,11859561
DBLPCA,1,0.002,694310400,0.500,members,5,5,5362812.0,64.40,0.4599,11660140.0,11660140,11660140,11660140,1,11859561,78,58300700,11859561
DBLPCA,1,0.002,694310400,0.500,size,50000,50000,1054.3,67.97,0.0000,11471479.2,11660140,11660140,11660140,783,11859561,78,0,11859561
DBLPCA,1,0.002,694310400,0.500,delta_star,50000,50000,572.9,27.95,0.0000,1241407.2,305965,11023847,11664204,0,11859561,78,0,11859561
DBLPCA,1,0.002,852076800,0.625,members,5,5,5392846.6,69.00,0.4624,11662899.0,11662899,11662899,11662899,1,11859561,78,58314495,11859561
DBLPCA,1,0.002,852076800,0.625,size,50000,50000,1067.9,68.13,0.0000,11466496.0,11662899,11662899,11662899,824,11859561,78,0,11859561
DBLPCA,1,0.002,852076800,0.625,delta_star,50000,50000,573.9,27.98,0.0000,1225813.8,304247,11018794,11664228,0,11859561,78,0,11859561
DBLPCA,1,0.002,1041465600,0.750,members,5,5,5679180.8,71.80,0.4869,11663878.0,11663878,11663878,11663878,1,11859561,78,58319390,11859561
DBLPCA,1,0.002,1041465600,0.750,size,50000,50000,1083.9,68.11,0.0000,11476556.3,11663878,11663878,11663878,782,11859561,78,0,11859561
DBLPCA,1,0.002,1041465600,0.750,delta_star,50000,50000,574.0,27.96,0.0000,1214194.4,301699,10999347,11664015,0,11859561,78,0,11859561
DBLPCA,1,0.002,1199232000,0.875,members,5,5,5455233.2,60.80,0.4677,11664219.0,11664219,11664219,11664219,1,11859561,78,58321095,11859561
DBLPCA,1,0.002,1199232000,0.875,size,50000,50000,1024.4,67.93,0.0000,11473625.9,11664219,11664219,11664219,795,11859561,78,0,11859561
DBLPCA,1,0.002,1199232000,0.875,delta_star,50000,50000,599.8,27.99,0.0000,1240415.8,302566,11030377,11664011,0,11859561,78,0,11859561
DBLPCA,1,0.002,1420070400,1.000,members,5,5,5365684.2,73.60,0.4600,11664295.0,11664295,11664295,11664295,1,11859561,78,58321475,11859561
DBLPCA,1,0.002,1420070400,1.000,size,50000,50000,1018.2,68.20,0.0000,11472300.9,11664295,11664295,11664295,799,11859561,78,0,11859561
DBLPCA,1,0.002,1420070400,1.000,delta_star,50000,50000,577.0,27.97,0.0000,1239656.7,302123,11019363,11664102,0,11859561,78,0,11859561
DBLPCA,141,0.251,63158400,0.125,members,759,817,27380.7,33.93,0.4153,65930.9,80663,80663,80663,2,124343,24,50041572,11859561
DBLPCA,141,0.251,63158400,0.125,size,46341,50000,326.6,33.95,0.0000,66771.4,80663,80663,80663,2,124343,24,0,11859561
DBLPCA,141,0.251,63158400,0.125,delta_star,50000,50000,131.5,18.02,0.0000,19412.7,19206,38938,43680,0,124343,24,0,11859561
DBLPCA,141,0.251,157766400,0.250,members,753,814,27557.1,33.89,0.4148,66430.0,80663,80663,80663,2,124343,24,50021805,11859561
DBLPCA,141,0.251,157766400,0.250,size,46424,50000,294.0,33.93,0.0000,66781.8,80663,80663,80663,2,124343,24,0,11859561
DBLPCA,141,0.251,157766400,0.250,delta_star,50000,50000,129.0,18.03,0.0000,19397.2,19154,38765,43677,0,124343,24,0,11859561
DBLPCA,141,0.251,220838400,0.375,members,740,749,27875.7,33.08,0.4125,67580.0,80663,80663,80663,2,124343,24,50009170,11859561
DBLPCA,141,0.251,220838400,0.375,size,49798,50000,293.8,32.94,0.0000,67540.0,80663,80663,80663,2,124343,24,0,11859561
DBLPCA,141,0.251,220838400,0.375,delta_star,50000,50000,140.7,18.03,0.0000,19279.3,19057,38963,43680,0,124343,24,0,11859561
DBLPCA,141,0.251,283996800,0.500,members,732,733,28211.7,32.79,0.4130,68310.0,80663,80663,80663,2,124343,24,50002920,11859561
DBLPCA,141,0.251,283996800,0.500,size,49977,50000,288.7,32.82,0.0000,67650.8,80663,80663,80663,2,124343,24,0,11859561
DBLPCA,141,0.251,283996800,0.500,delta_star,50000,50000,140.9,18.02,0.0000,19251.1,19020,38897,43677,0,124343,24,0,11859561
DBLPCA,141,0.251,315532800,0.625,members,731,732,28616.9,32.84,0.4178,68499.2,80663,80663,80663,2,124343,24,50072893,11859561
DBLPCA,141,0.251,315532800,0.625,size,49973,50000,276.6,32.82,0.0000,67651.0,80663,80663,80663,2,124343,24,0,11859561
DBLPCA,141,0.251,315532800,0.625,delta_star,50000,50000,135.1,18.04,0.0000,19253.9,19029,38886,43680,0,124343,24,0,11859561
DBLPCA,141,0.251,378691200,0.750,members,732,732,27914.2,32.86,0.4085,68330.3,80663,80663,80663,2,124343,24,50017804,11859561
DBLPCA,141,0.251,378691200,0.750,size,49994,50000,283.1,32.86,0.0000,67692.2,80663,80663,80663,2,124343,24,0,11859561
DBLPCA,141,0.251,378691200,0.750,delta_star,50000,50000,248.5,18.03,0.0000,19366.4,19175,38993,43680,0,124343,24,0,11859561
DBLPCA,141,0.251,473299200,0.875,members,744,744,27676.3,32.98,0.4113,67288.9,80663,80663,80663,2,124343,24,50062962,11859561
DBLPCA,141,0.251,473299200,0.875,size,49998,50000,279.1,32.87,0.0000,67582.1,80663,80663,80663,2,124343,24,0,11859561
DBLPCA,141,0.251,473299200,0.875,delta_star,50000,50000,134.7,18.03,0.0000,19301.4,19075,38754,43677,0,124343,24,0,11859561
DBLPCA,141,0.251,757382400,1.000,members,733,733,28323.5,32.92,0.4150,68251.2,80663,80663,80663,2,124343,24,50028161,11859561
DBLPCA,141,0.251,757382400,1.000,size,50000,50000,267.4,32.96,0.0000,67716.0,80663,80663,80663,2,124343,24,0,11859561
DBLPCA,141,0.251,757382400,1.000,delta_star,50000,50000,143.6,18.04,0.0000,19270.7,19009,38888,43680,0,124343,24,0,11859561
DBLPCA,281,0.500,0,0.125,members,1239,1239,16839.9,31.41,0.4172,40363.7,41041,41041,41041,2,80663,3,50010579,11859561
DBLPCA,281,0.500,0,0.125,size,49999,50000,234.3,31.44,0.0000,40346.6,41041,41041,41041,2,80663,3,0,11859561
DBLPCA,281,0.500,0,0.125,delta_star,50000,50000,119.8,17.43,0.0000,20150.7,20098,38386,41042,0,80663,3,0,11859561
DBLPCA,281,0.500,31536000,0.250,members,620,620,33035.9,32.15,0.4096,80663.0,80663,80663,80663,1,80663,3,50011060,11859561
DBLPCA,281,0.500,31536000,0.250,size,50000,50000,208.8,32.24,0.0000,80663.0,80663,80663,80663,1,80663,3,0,11859561
DBLPCA,281,0.500,31536000,0.250,delta_star,50000,50000,119.3,17.43,0.0000,20137.7,20078,38291,41042,0,80663,3,0,11859561
DBLPCA,281,0.500,31536000,0.375,members,620,620,33728.8,32.20,0.4181,80663.0,80663,80663,80663,1,80663,3,50011060,11859561
DBLPCA,281,0.500,31536000,0.375,size,50000,50000,231.7,32.25,0.0000,80663.0,80663,80663,80663,1,80663,3,0,11859561
DBLPCA,281,0.500,31536000,0.375,delta_star,50000,50000,116.3,17.43,0.0000,20163.3,20090,38298,41041,0,80663,3,0,11859561
DBLPCA,281,0.500,31536000,0.500,members,620,620,33723.9,32.26,0.4181,80663.0,80663,80663,80663,1,80663,3,50011060,11859561
DBLPCA,281,0.500,31536000,0.500,size,50000,50000,217.7,32.24,0.0000,80663.0,80663,80663,80663,1,80663,3,0,11859561
DBLPCA,281,0.500,31536000,0.500,delta_star,50000,50000,115.4,17.43,0.0000,20246.3,20281,38320,41042,0,80663,3,0,11859561
DBLPCA,281,0.500,31536000,0.625,members,620,620,33647.0,32.28,0.4171,80663.0,80663,80663,80663,1,80663,3,50011060,11859561
DBLPCA,281,0.500,31536000,0.625,size,50000,50000,199.5,32.24,0.0000,80663.0,80663,80663,80663,1,80663,3,0,11859561
DBLPCA,281,0.500,31536000,0.625,delta_star,50000,50000,116.0,17.42,0.0000,20094.8,20111,38308,41042,0,80663,3,0,11859561
DBLPCA,281,0.500,63072000,0.750,members,620,620,34210.8,32.19,0.4241,80663.0,80663,80663,80663,1,80663,3,50011060,11859561
DBLPCA,281,0.500,63072000,0.750,size,50000,50000,209.1,32.24,0.0000,80663.0,80663,80663,80663,1,80663,3,0,11859561
DBLPCA,281,0.500,63072000,0.750,delta_star,50000,50000,112.9,17.43,0.0000,20175.5,20131,38345,41039,0,80663,3,0,11859561
DBLPCA,281,0.500,63072000,0.875,members,620,620,33057.8,32.26,0.4098,80663.0,80663,80663,80663,1,80663,3,50011060,11859561
DBLPCA,281,0.500,63072000,0.875,size,50000,50000,184.1,32.24,0.0000,80663.0,80663,80663,80663,1,80663,3,0,11859561
DBLPCA,281,0.500,63072000,0.875,delta_star,50000,50000,111.9,17.41,0.0000,20207.8,20265,38397,41042,0,80663,3,0,11859561
DBLPCA,281,0.500,63072000,1.000,members,620,620,32912.1,32.18,0.4080,80663.0,80663,80663,80663,1,80663,3,50011060,11859561
DBLPCA,281,0.500,63072000,1.000,size,50000,50000,183.6,32.24,0.0000,80663.0,80663,80663,80663,1,80663,3,0,11859561
DBLPCA,281,0.500,63072000,1.000,delta_star,50000,50000,115.5,17.42,0.0000,20099.3,20105,38318,41041,0,80663,3,0,11859561
DBLPCA,422,0.751,63072000,0.125,members,631,631,33149.2,32.65,0.4183,79243.0,79243,79243,79243,1,79243,1,50002333,11859561
DBLPCA,422,0.751,63072000,0.125,size,50000,50000,233.4,32.70,0.0000,79243.0,79243,79243,79243,1,79243,1,0,11859561
DBLPCA,422,0.751,63072000,0.125,delta_star,50000,50000,117.1,17.38,0.0000,39428.3,39335,75204,79243,0,79243,1,0,11859561
DBLPCA,422,0.751,63072000,0.250,members,631,631,33530.9,32.74,0.4231,79243.0,79243,79243,79243,1,79243,1,50002333,11859561
DBLPCA,422,0.751,63072000,0.250,size,50000,50000,200.7,32.69,0.0000,79243.0,79243,79243,79243,1,79243,1,0,11859561
DBLPCA,422,0.751,63072000,0.250,delta_star,50000,50000,113.0,17.37,0.0000,39823.8,40119,75343,79242,0,79243,1,0,11859561
DBLPCA,422,0.751,63072000,0.375,members,631,631,32831.4,32.63,0.4143,79243.0,79243,79243,79243,1,79243,1,50002333,11859561
DBLPCA,422,0.751,63072000,0.375,size,50000,50000,371.7,32.69,0.0000,79243.0,79243,79243,79243,1,79243,1,0,11859561
DBLPCA,422,0.751,63072000,0.375,delta_star,50000,50000,114.2,17.37,0.0000,39729.8,39861,75210,79242,0,79243,1,0,11859561
DBLPCA,422,0.751,63072000,0.500,members,631,631,32629.6,32.68,0.4118,79243.0,79243,79243,79243,1,79243,1,50002333,11859561
DBLPCA,422,0.751,63072000,0.500,size,50000,50000,195.8,32.69,0.0000,79243.0,79243,79243,79243,1,79243,1,0,11859561
DBLPCA,422,0.751,63072000,0.500,delta_star,50000,50000,113.8,17.37,0.0000,39586.3,39650,75251,79240,0,79243,1,0,11859561
DBLPCA,422,0.751,63072000,0.625,members,631,631,32883.0,32.74,0.4150,79243.0,79243,79243,79243,1,79243,1,50002333,11859561
DBLPCA,422,0.751,63072000,0.625,size,50000,50000,198.8,32.70,0.0000,79243.0,79243,79243,79243,1,79243,1,0,11859561
DBLPCA,422,0.751,63072000,0.625,delta_star,50000,50000,115.8,17.38,0.0000,39830.9,39887,75389,79237,0,79243,1,0,11859561
DBLPCA,422,0.751,63072000,0.750,members,631,631,32705.1,32.68,0.4127,79243.0,79243,79243,79243,1,79243,1,50002333,11859561
DBLPCA,422,0.751,63072000,0.750,size,50000,50000,184.3,32.68,0.0000,79243.0,79243,79243,79243,1,79243,1,0,11859561
DBLPCA,422,0.751,63072000,0.750,delta_star,50000,50000,112.1,17.37,0.0000,39523.8,39361,75228,79243,0,79243,1,0,11859561
DBLPCA,422,0.751,63072000,0.875,members,631,631,33007.7,32.72,0.4165,79243.0,79243,79243,79243,1,79243,1,50002333,11859561
DBLPCA,422,0.751,63072000,0.875,size,50000,50000,182.1,32.69,0.0000,79243.0,79243,79243,79243,1,79243,1,0,11859561
DBLPCA,422,0.751,63072000,0.875,delta_star,50000,50000,113.3,17.37,0.0000,39497.2,39365,75311,79237,0,79243,1,0,11859561
DBLPCA,422,0.751,63072000,1.000,members,631,631,32916.1,32.74,0.4154,79243.0,79243,79243,79243,1,79243,1,50002333,11859561
DBLPCA,422,0.751,63072000,1.000,size,50000,50000,192.3,32.69,0.0000,79243.0,79243,79243,79243,1,79243,1,0,11859561
DBLPCA,422,0.751,63072000,1.000,delta_star,50000,50000,110.5,17.37,0.0000,39546.4,39488,75211,79243,0,79243,1,0,11859561
DBLPCA,562,1.000,63072000,0.125,members,631,631,32910.4,32.74,0.4153,79243.0,79243,79243,79243,1,79243,1,50002333,11859561
DBLPCA,562,1.000,63072000,0.125,size,50000,50000,227.5,32.69,0.0000,79243.0,79243,79243,79243,1,79243,1,0,11859561
DBLPCA,562,1.000,63072000,0.125,delta_star,50000,50000,116.5,17.38,0.0000,39651.8,39611,75362,79243,0,79243,1,0,11859561
DBLPCA,562,1.000,63072000,0.250,members,631,631,33115.4,32.72,0.4179,79243.0,79243,79243,79243,1,79243,1,50002333,11859561
DBLPCA,562,1.000,63072000,0.250,size,50000,50000,202.7,32.70,0.0000,79243.0,79243,79243,79243,1,79243,1,0,11859561
DBLPCA,562,1.000,63072000,0.250,delta_star,50000,50000,113.5,17.37,0.0000,39697.4,39771,75249,79243,0,79243,1,0,11859561
DBLPCA,562,1.000,63072000,0.375,members,631,631,32917.1,32.59,0.4154,79243.0,79243,79243,79243,1,79243,1,50002333,11859561
DBLPCA,562,1.000,63072000,0.375,size,50000,50000,181.3,32.70,0.0000,79243.0,79243,79243,79243,1,79243,1,0,11859561
DBLPCA,562,1.000,63072000,0.375,delta_star,50000,50000,110.1,17.38,0.0000,39566.6,39597,75171,79243,0,79243,1,0,11859561
DBLPCA,562,1.000,63072000,0.500,members,631,631,33086.3,32.67,0.4175,79243.0,79243,79243,79243,1,79243,1,50002333,11859561
DBLPCA,562,1.000,63072000,0.500,size,50000,50000,214.5,32.68,0.0000,79243.0,79243,79243,79243,1,79243,1,0,11859561
DBLPCA,562,1.000,63072000,0.500,delta_star,50000,50000,113.8,17.37,0.0000,39567.0,39637,75366,79241,0,79243,1,0,11859561
DBLPCA,562,1.000,63072000,0.625,members,631,631,32946.1,32.69,0.4158,79243.0,79243,79243,79243,1,79243,1,50002333,11859561
DBLPCA,562,1.000,63072000,0.625,size,50000,50000,182.1,32.68,0.0000,79243.0,79243,79243,79243,1,79243,1,0,11859561
DBLPCA,562,1.000,63072000,0.625,delta_star,50000,50000,111.9,17.37,0.0000,39552.2,39545,75189,79243,0,79243,1,0,11859561
DBLPCA,562,1.000,63072000,0.750,members,631,631,33925.8,32.73,0.4281,79243.0,79243,79243,79243,1,79243,1,50002333,11859561
DBLPCA,562,1.000,63072000,0.750,size,50000,50000,229.5,32.69,0.0000,79243.0,79243,79243,79243,1,79243,1,0,11859561
DBLPCA,562,1.000,63072000,0.750,delta_star,50000,50000,114.4,17.37,0.0000,39786.5,39865,75236,79241,0,79243,1,0,11859561
DBLPCA,562,1.000,63072000,0.875,members,631,631,32749.4,32.60,0.4133,79243.0,79243,79243,79243,1,79243,1,50002333,11859561
DBLPCA,562,1.000,63072000,0.875,size,50000,50000,183.7,32.68,0.0000,79243.0,79243,79243,79243,1,79243,1,0,11859561
DBLPCA,562,1.000,63072000,0.875,delta_star,50000,50000,111.7,17.39,0.0000,39786.9,39820,75343,79241,0,79243,1,0,11859561
DBLPCA,562,1.000,63072000,1.000,members,631,631,32236.2,32.74,0.4068,79243.0,79243,79243,79243,1,79243,1,50002333,11859561
DBLPCA,562,1.000,63072000,1.000,size,50000,50000,175.1,32.69,0.0000,79243.0,79243,79243,79243,1,79243,1,0,11859561
DBLPCA,562,1.000,63072000,1.000,delta_star,50000,50000,109.8,17.37,0.0000,39557.3,39628,75244,79240,0,79243,1,0,11859561
ENR,1,0.001,27573,0.125,members,5301,5301,4852.7,36.75,0.5144,9433.5,7654,24037,30458,1027,1133968,192941,50006772,1133968
ENR,1,0.001,27573,0.125,size,50000,50000,604.7,36.74,0.0000,9461.6,7654,24037,30458,4444,1133968,192941,0,1133968
ENR,1,0.001,27573,0.125,delta_star,50000,50000,465.3,34.26,0.0000,28841.3,121,18197,1130024,0,1133968,192941,0,1133968
ENR,1,0.001,74053,0.250,members,356,356,59101.0,47.82,0.4201,140675.0,73791,320257,320257,75,1133968,192941,50080285,1133968
ENR,1,0.001,74053,0.250,size,50000,50000,663.1,47.39,0.0000,140764.3,73791,320257,320257,2170,1133968,192941,0,1133968
ENR,1,0.001,74053,0.250,delta_star,50000,50000,512.2,34.34,0.0000,27721.1,120,17191,1129977,0,1133968,192941,0,1133968
ENR,1,0.001,163347,0.375,members,66,66,324193.0,56.56,0.4221,768086.6,990361,990361,990361,11,1133968,192941,50693715,1133968
ENR,1,0.001,163347,0.375,size,50000,50000,683.7,59.17,0.0000,866071.0,990361,990361,990361,1234,1133968,192941,0,1133968
ENR,1,0.001,163347,0.375,delta_star,50000,50000,527.8,34.24,0.0000,28534.0,121,17288,1130024,0,1133968,192941,0,1133968
ENR,1,0.001,327681,0.500,members,49,49,440999.1,60.78,0.4270,1032666.7,1100012,1100012,1100012,4,1133968,192941,50600666,1133968
ENR,1,0.001,327681,0.500,size,50000,50000,703.2,60.55,0.0000,1068555.4,1100012,1100012,1100012,740,1133968,192941,0,1133968
ENR,1,0.001,327681,0.500,delta_star,50000,50000,538.5,34.23,0.0000,28250.9,120,17141,1129977,0,1133968,192941,0,1133968
ENR,1,0.001,605875,0.625,members,46,46,454120.1,60.41,0.4176,1087462.0,1111616,1111616,1111616,2,1133968,192941,50023254,1133968
ENR,1,0.001,605875,0.625,size,50000,50000,683.1,60.59,0.0000,1089720.5,1111616,1111616,1111616,454,1133968,192941,0,1133968
ENR,1,0.001,605875,0.625,delta_star,50000,50000,543.3,34.27,0.0000,30227.3,120,19279,1130024,0,1133968,192941,0,1133968
ENR,1,0.001,1396500,0.750,members,46,46,456066.4,60.09,0.4157,1097134.8,1121515,1121515,1121515,2,1133968,192941,50468203,1133968
ENR,1,0.001,1396500,0.750,size,50000,50000,668.9,60.66,0.0000,1109627.6,1121515,1121515,1121515,298,1133968,192941,0,1133968
ENR,1,0.001,1396500,0.750,delta_star,50000,50000,549.0,34.38,0.0000,28310.6,119,16736,1130001,0,1133968,192941,0,1133968
ENR,1,0.001,3908640,0.875,members,45,45,472592.2,64.64,0.4189,1128210.0,1128210,1128210,1128210,1,1133968,192941,50769450,1133968
ENR,1,0.001,3908640,0.875,size,50000,50000,759.1,60.74,0.0000,1123133.2,1128210,1128210,1128210,147,1133968,192941,0,1133968
ENR,1,0.001,3908640,0.875,delta_star,50000,50000,585.2,34.29,0.0000,28111.6,119,16425,1130024,0,1133968,192941,0,1133968
ENR,1,0.001,85565464,1.000,members,45,45,468310.6,60.13,0.4144,1130026.0,1130026,1130026,1130026,1,1133968,192941,50851170,1133968
ENR,1,0.001,85565464,1.000,size,50000,50000,651.2,61.40,0.0000,1126297.2,1130026,1130026,1130026,94,1133968,192941,0,1133968
ENR,1,0.001,85565464,1.000,delta_star,50000,50000,509.6,34.28,0.0000,29059.9,121,18356,1130024,0,1133968,192941,0,1133968
ENR,375,0.250,11422218,0.125,members,1711,14084,13953.1,166.64,0.4774,29228.6,30221,30221,30221,2,253338,21687,50010123,1133968
ENR,375,0.250,11422218,0.125,size,6244,50000,1450.9,162.81,0.0000,29400.5,30221,30221,30221,2,253338,21687,0,1133968
ENR,375,0.250,11422218,0.125,delta_star,50000,50000,159.3,19.08,0.0000,124506.0,124650,240509,253336,0,253338,21687,0,1133968
ENR,375,0.250,16388520,0.250,members,716,2605,29870.8,84.79,0.4276,69860.0,69860,69860,69860,1,253338,21687,50019760,1133968
ENR,375,0.250,16388520,0.250,size,13814,50000,778.7,84.54,0.0000,69860.0,69860,69860,69860,1,253338,21687,0,1133968
ENR,375,0.250,16388520,0.250,delta_star,50000,50000,146.7,19.07,0.0000,123711.1,123036,240635,253324,0,253338,21687,0,1133968
ENR,375,0.250,20278560,0.375,members,491,1212,42588.9,63.32,0.4181,101872.4,103940,103940,103940,2,253338,21687,50019330,1133968
ENR,375,0.250,20278560,0.375,size,21111,50000,607.2,61.54,0.0000,101747.1,103940,103940,103940,2,253338,21687,0,1133968
ENR,375,0.250,20278560,0.375,delta_star,50000,50000,147.8,19.04,0.0000,124450.9,124155,240603,253338,0,253338,21687,0,1133968
ENR,375,0.250,23886181,0.500,members,387,736,53425.7,52.89,0.4127,129453.5,131450,131450,131450,2,253338,21687,50098506,1133968
ENR,375,0.250,23886181,0.500,size,26482,50000,559.1,52.70,0.0000,128863.0,131450,131450,131450,2,253338,21687,0,1133968
ENR,375,0.250,23886181,0.500,delta_star,50000,50000,149.1,19.06,0.0000,124263.1,123643,240812,253337,0,253338,21687,0,1133968
ENR,375,0.250,28781602,0.625,members,307,492,68014.8,47.79,0.4174,162949.0,162949,162949,162949,1,253338,21687,50025343,1133968
ENR,375,0.250,28781602,0.625,size,32106,50000,511.0,46.88,0.0000,162949.0,162949,162949,162949,1,253338,21687,0,1133968
ENR,375,0.250,28781602,0.625,delta_star,50000,50000,147.0,19.06,0.0000,124150.6,123700,240704,253330,0,253338,21687,0,1133968
ENR,375,0.250,34026540,0.750,members,250,321,86353.8,41.62,0.4308,200436.0,200436,200436,200436,1,253338,21687,50109000,1133968
ENR,375,0.250,34026540,0.750,size,39564,50000,476.3,41.26,0.0000,200436.0,200436,200436,200436,1,253338,21687,0,1133968
ENR,375,0.250,34026540,0.750,delta_star,50000,50000,169.8,19.05,0.0000,124421.9,124039,240782,253327,0,253338,21687,0,1133968
ENR,375,0.250,41312362,0.875,members,221,253,94854.1,38.80,0.4187,226567.0,226567,226567,226567,1,253338,21687,50071307,1133968
ENR,375,0.250,41312362,0.875,size,44655,50000,432.8,38.41,0.0000,226567.0,226567,226567,226567,1,253338,21687,0,1133968
ENR,375,0.250,41312362,0.875,delta_star,50000,50000,152.0,19.05,0.0000,124012.8,123852,240649,253324,0,253338,21687,0,1133968
ENR,375,0.250,91767040,1.000,members,198,198,103094.1,36.09,0.4069,253338.0,253338,253338,253338,1,253338,21687,50160924,1133968
ENR,375,0.250,91767040,1.000,size,50000,50000,295.2,36.25,0.0000,253338.0,253338,253338,253338,1,253338,21687,0,1133968
ENR,375,0.250,91767040,1.000,delta_star,50000,50000,151.5,19.06,0.0000,124433.0,124319,240371,253333,0,253338,21687,0,1133968
ENR,750,0.500,14617800,0.125,members,5512,29200,4533.1,100.42,0.4997,9072.5,9862,9862,9862,2,57617,2989,50007848,1133968
ENR,750,0.500,14617800,0.125,size,9491,50000,692.2,99.90,0.0000,9076.6,9862,9862,9862,2,57617,2989,0,1133968
ENR,750,0.500,14617800,0.125,delta_star,50000,50000,109.9,17.06,0.0000,27077.4,25564,54669,57613,0,57617,2989,0,1133968
ENR,750,0.500,16858670,0.250,members,3503,12699,6735.3,73.85,0.4718,14275.6,15195,15195,15195,2,57617,2989,50007585,1133968
ENR,750,0.500,16858670,0.250,size,13915,50000,554.9,73.40,0.0000,14388.0,15195,15195,15195,2,57617,2989,0,1133968
ENR,750,0.500,16858670,0.250,delta_star,50000,50000,108.5,17.08,0.0000,27228.2,25874,54752,57617,0,57617,2989,0,1133968
ENR,750,0.500,20035860,0.375,members,2670,7663,8307.9,61.87,0.4436,18729.7,19552,19552,19552,2,57617,2989,50008214,1133968
ENR,750,0.500,20035860,0.375,size,17901,50000,464.3,60.67,0.0000,18701.7,19552,19552,19552,2,57617,2989,0,1133968
ENR,750,0.500,20035860,0.375,delta_star,50000,50000,107.7,17.07,0.0000,27226.5,25888,54813,57617,0,57617,2989,0,1133968
ENR,750,0.500,25638900,0.500,members,1988,4252,10823.7,50.21,0.4301,25163.4,25969,25969,25969,2,57617,2989,50024836,1133968
ENR,750,0.500,25638900,0.500,size,23353,50000,393.7,50.23,0.0000,25073.2,25969,25969,25969,2,57617,2989,0,1133968
ENR,750,0.500,25638900,0.500,delta_star,50000,50000,108.0,17.07,0.0000,27337.8,26078,54739,57616,0,57617,2989,0,1133968
ENR,750,0.500,35267280,0.625,members,1253,1827,16886.3,40.18,0.4230,39922.0,39922,39922,39922,1,57617,2989,50022266,1133968
ENR,750,0.500,35267280,0.625,size,34622,50000,316.3,39.90,0.0000,39922.0,39922,39922,39922,1,57617,2989,0,1133968
ENR,750,0.500,35267280,0.625,delta_star,50000,50000,104.7,17.07,0.0000,27208.7,25861,54773,57617,0,57617,2989,0,1133968
ENR,750,0.500,41981220,0.750,members,1233,1747,17034.4,39.61,0.4200,40559.0,40559,40559,40559,1,57617,2989,50009247,1133968
ENR,750,0.500,41981220,0.750,size,35135,50000,317.1,39.58,0.0000,40559.0,40559,40559,40559,1,57617,2989,0,1133968
ENR,750,0.500,41981220,0.750,delta_star,50000,50000,106.0,17.08,0.0000,27092.1,25692,54773,57617,0,57617,2989,0,1133968
ENR,750,0.500,52663020,0.875,members,912,963,23764.0,33.15,0.4334,54834.0,54834,54834,54834,1,57617,2989,50008608,1133968
ENR,750,0.500,52663020,0.875,size,47544,50000,247.5,32.94,0.0000,54834.0,54834,54834,54834,1,57617,2989,0,1133968
ENR,750,0.500,52663020,0.875,delta_star,50000,50000,104.9,17.09,0.0000,27133.1,25585,54734,57616,0,57617,2989,0,1133968
ENR,750,0.500,98463246,1.000,members,868,868,23898.4,32.40,0.4148,57617.0,57617,57617,57617,1,57617,2989,50011556,1133968
ENR,750,0.500,98463246,1.000,size,50000,50000,169.8,32.32,0.0000,57617.0,57617,57617,57617,1,57617,2989,0,1133968
ENR,750,0.500,98463246,1.000,delta_star,50000,50000,104.6,17.07,0.0000,27195.1,25820,54798,57617,0,57617,2989,0,1133968
ENR,1125,0.750,24159660,0.125,members,10116,29786,2400.4,55.89,0.4856,4943.0,4943,4943,4943,1,14467,393,50003388,1133968
ENR,1125,0.750,24159660,0.125,size,17031,50000,372.3,55.77,0.0000,4943.0,4943,4943,4943,1,14467,393,0,1133968
ENR,1125,0.750,24159660,0.125,delta_star,50000,50000,85.1,15.15,0.0000,7204.9,7268,13752,14467,0,14467,393,0,1133968
ENR,1125,0.750,24914787,0.250,members,5472,8697,4070.4,36.58,0.4454,9138.0,9138,9138,9138,1,14467,393,50003136,1133968
ENR,1125,0.750,24914787,0.250,size,31655,50000,244.4,36.44,0.0000,9138.0,9138,9138,9138,1,14467,393,0,1133968
ENR,1125,0.750,24914787,0.250,delta_star,50000,50000,87.4,15.13,0.0000,7201.8,7252,13760,14467,0,14467,393,0,1133968
ENR,1125,0.750,25349280,0.375,members,5216,7847,4190.9,35.34,0.4372,9586.0,9586,9586,9586,1,14467,393,50000576,1133968
ENR,1125,0.750,25349280,0.375,size,33048,50000,240.3,35.45,0.0000,9586.0,9586,9586,9586,1,14467,393,0,1133968
ENR,1125,0.750,25349280,0.375,delta_star,50000,50000,84.6,15.15,0.0000,7195.7,7226,13751,14467,0,14467,393,0,1133968
ENR,1125,0.750,26855495,0.500,members,5149,7632,4264.1,34.98,0.4391,9712.0,9712,9712,9712,1,14467,393,50007088,1133968
ENR,1125,0.750,26855495,0.500,size,33532,50000,239.5,35.11,0.0000,9712.0,9712,9712,9712,1,14467,393,0,1133968
ENR,1125,0.750,26855495,0.500,delta_star,50000,50000,87.2,15.15,0.0000,7177.1,7214,13760,14467,0,14467,393,0,1133968
ENR,1125,0.750,28456200,0.625,members,5092,7493,4339.3,34.83,0.4418,9821.0,9821,9821,9821,1,14467,393,50008532,1133968
ENR,1125,0.750,28456200,0.625,size,33952,50000,237.5,34.82,0.0000,9821.0,9821,9821,9821,1,14467,393,0,1133968
ENR,1125,0.750,28456200,0.625,delta_star,50000,50000,87.5,15.14,0.0000,7208.1,7266,13748,14467,0,14467,393,0,1133968
ENR,1125,0.750,35274778,0.750,members,3501,3544,6126.3,27.74,0.4289,14285.0,14285,14285,14285,1,14467,393,50011785,1133968
ENR,1125,0.750,35274778,0.750,size,49356,50000,156.7,27.73,0.0000,14285.0,14285,14285,14285,1,14467,393,0,1133968
ENR,1125,0.750,35274778,0.750,delta_star,50000,50000,87.0,15.17,0.0000,7156.2,7180,13724,14467,0,14467,393,0,1133968
ENR,1125,0.750,37963757,0.875,members,3474,3484,6070.1,27.58,0.4217,14394.0,14394,14394,14394,1,14467,393,50004756,1133968
ENR,1125,0.750,37963757,0.875,size,49742,50000,147.6,27.59,0.0000,14394.0,14394,14394,14394,1,14467,393,0,1133968
ENR,1125,0.750,37963757,0.875,delta_star,50000,50000,85.1,15.18,0.0000,7203.8,7250,13758,14467,0,14467,393,0,1133968
ENR,1125,0.750,59987757,1.000,members,3457,3457,6029.8,27.86,0.4168,14467.0,14467,14467,14467,1,14467,393,50012419,1133968
ENR,1125,0.750,59987757,1.000,size,50000,50000,119.5,27.88,0.0000,14467.0,14467,14467,14467,1,14467,393,0,1133968
ENR,1125,0.750,59987757,1.000,delta_star,50000,50000,84.8,15.19,0.0000,7205.7,7268,13737,14467,0,14467,393,0,1133968
ENR,1500,1.000,44353481,0.125,members,5069,5088,4241.9,26.25,0.4300,9864.0,9864,9864,9864,1,9906,34,50000616,1133968
ENR,1500,1.000,44353481,0.125,size,49787,50000,138.9,26.22,0.0000,9864.0,9864,9864,9864,1,9906,34,0,1133968
ENR,1500,1.000,44353481,0.125,delta_star,50000,50000,82.0,14.51,0.0000,4951.1,4953,9406,9906,0,9906,34,0,1133968
ENR,1500,1.000,45659464,0.250,members,5066,5084,4268.4,26.31,0.4325,9870.0,9870,9870,9870,1,9906,34,50001420,1133968
ENR,1500,1.000,45659464,0.250,size,49810,50000,134.1,26.29,0.0000,9870.0,9870,9870,9870,1,9906,34,0,1133968
ENR,1500,1.000,45659464,0.250,delta_star,50000,50000,81.7,14.56,0.0000,4952.1,4961,9410,9906,0,9906,34,0,1133968
ENR,1500,1.000,47439713,0.375,members,5063,5077,6963.8,26.29,0.7050,9877.0,9877,9877,9877,1,9906,34,50007251,1133968
ENR,1500,1.000,47439713,0.375,size,49847,50000,141.2,26.33,0.0000,9877.0,9877,9877,9877,1,9906,34,0,1133968
ENR,1500,1.000,47439713,0.375,delta_star,50000,50000,85.0,14.57,0.0000,4929.6,4923,9403,9906,0,9906,34,0,1133968
ENR,1500,1.000,48561720,0.500,members,5060,5067,4338.0,26.20,0.4389,9883.0,9883,9883,9883,1,9906,34,50007980,1133968
ENR,1500,1.000,48561720,0.500,size,49887,50000,135.7,26.21,0.0000,9883.0,9883,9883,9883,1,9906,34,0,1133968
ENR,1500,1.000,48561720,0.500,delta_star,50000,50000,82.7,14.56,0.0000,4958.6,4976,9416,9906,0,9906,34,0,1133968
ENR,1500,1.000,54717455,0.625,members,5058,5064,4229.5,26.42,0.4278,9887.0,9887,9887,9887,1,9906,34,50008446,1133968
ENR,1500,1.000,54717455,0.625,size,49907,50000,132.4,26.41,0.0000,9887.0,9887,9887,9887,1,9906,34,0,1133968
ENR,1500,1.000,54717455,0.625,delta_star,50000,50000,82.4,14.55,0.0000,4975.6,4975,9418,9906,0,9906,34,0,1133968
ENR,1500,1.000,59045637,0.750,members,5055,5063,4202.2,26.11,0.4248,9892.0,9892,9892,9892,1,9906,34,50004060,1133968
ENR,1500,1.000,59045637,0.750,size,49936,50000,126.9,26.08,0.0000,9892.0,9892,9892,9892,1,9906,34,0,1133968
ENR,1500,1.000,59045637,0.750,delta_star,50000,50000,82.7,14.53,0.0000,4958.8,4994,9405,9906,0,9906,34,0,1133968
ENR,1500,1.000,60993189,0.875,members,5052,5057,4206.8,26.34,0.4250,9899.0,9899,9899,9899,1,9906,34,50009748,1133968
ENR,1500,1.000,60993189,0.875,size,49975,50000,125.1,26.33,0.0000,9899.0,9899,9899,9899,1,9906,34,0,1133968
ENR,1500,1.000,60993189,0.875,delta_star,50000,50000,82.6,14.53,0.0000,4942.7,4949,9404,9906,0,9906,34,0,1133968
ENR,1500,1.000,65668954,1.000,members,5048,5048,4160.6,26.73,0.4200,9906.0,9906,9906,9906,1,9906,34,50005488,1133968
ENR,1500,1.000,65668954,1.000,size,50000,50000,111.8,26.70,0.0000,9906.0,9906,9906,9906,1,9906,34,0,1133968
ENR,1500,1.000,65668954,1.000,delta_star,50000,50000,80.7,14.57,0.0000,4961.4,4957,9414,9906,0,9906,34,0,1133968
ACL,1,0.067,3394696,0.125,members,1,1,28222064.0,56.00,0.5143,54879446.0,54879446,54879446,54879446,1,65179586,26729501,54879446,65179586
ACL,1,0.067,3394696,0.125,size,50000,50000,4277.9,50.46,0.0000,46123979.5,54879446,54879446,54879446,7975,65179586,26729501,0,65179586
ACL,1,0.067,3394696,0.125,delta_star,50000,50000,1245.4,30.36,0.0000,30942321.9,31668669,61311201,64545957,0,65179586,26729501,0,65179586
ACL,1,0.067,7474974,0.250,members,1,1,30053433.0,55.00,0.5088,59061669.0,59061669,59061669,59061669,1,65179586,26729501,59061669,65179586
ACL,1,0.067,7474974,0.250,size,50000,50000,2613.5,52.01,0.0000,53520503.4,59061669,59061669,59061669,4685,65179586,26729501,0,65179586
ACL,1,0.067,7474974,0.250,delta_star,50000,50000,1194.2,30.33,0.0000,30969743.9,31654475,61262756,64542764,0,65179586,26729501,0,65179586
ACL,1,0.067,12980586,0.375,members,1,1,30826753.0,57.00,0.5049,61049284.0,61049284,61049284,61049284,1,65179586,26729501,61049284,65179586
ACL,1,0.067,12980586,0.375,size,50000,50000,2667.9,52.75,0.0000,57182422.5,61049284,61049284,61049284,3167,65179586,26729501,0,65179586
ACL,1,0.067,12980586,0.375,delta_star,50000,50000,1191.2,30.34,0.0000,31034605.1,31755673,61315722,64546701,0,65179586,26729501,0,65179586
ACL,1,0.067,20507622,0.500,members,1,1,31607461.9,54.00,0.5076,62264464.0,62264464,62264464,62264464,1,65179586,26729501,62264464,65179586
ACL,1,0.067,20507622,0.500,size,50000,50000,2610.0,53.12,0.0000,59463808.5,62264464,62264464,62264464,2247,65179586,26729501,0,65179586
ACL,1,0.067,20507622,0.500,delta_star,50000,50000,1207.6,30.30,0.0000,31166277.4,31922980,61313032,64545255,0,65179586,26729501,0,65179586
ACL,1,0.067,31040573,0.625,members,1,1,32934176.0,56.00,0.5218,63111732.0,63111732,63111732,63111732,1,65179586,26729501,63111732,65179586
ACL,1,0.067,31040573,0.625,size,50000,50000,2609.6,53.37,0.0000,61093418.9,63111732,63111732,63111732,1600,65179586,26729501,0,65179586
ACL,1,0.067,31040573,0.625,delta_star,50000,50000,1185.2,30.35,0.0000,31023758.7,31820410,61252599,64545802,0,65179586,26729501,0,65179586
ACL,1,0.067,48005383,0.750,members,1,1,32406677.0,71.00,0.5087,63698951.0,63698951,63698951,63698951,1,65179586,26729501,63698951,65179586
ACL,1,0.067,48005383,0.750,size,50000,50000,2530.9,53.66,0.0000,62320505.7,63698951,63698951,63698951,1081,65179586,26729501,0,65179586
ACL,1,0.067,48005383,0.750,delta_star,50000,50000,1204.1,30.34,0.0000,31006893.0,31650269,61162795,64546984,0,65179586,26729501,0,65179586
ACL,1,0.067,81117156,0.875,members,1,1,32815191.9,52.00,0.5116,64140310.0,64140310,64140310,64140310,1,65179586,26729501,64140310,65179586
ACL,1,0.067,81117156,0.875,size,50000,50000,2741.5,53.70,0.0000,63128175.9,64140310,64140310,64140310,788,65179586,26729501,0,65179586
ACL,1,0.067,81117156,0.875,delta_star,50000,50000,1212.1,30.33,0.0000,31118526.3,31842619,61327403,64547301,0,65179586,26729501,0,65179586
ACL,1,0.067,706310002,1.000,members,1,1,33256461.1,55.00,0.5152,64547506.0,64547506,64547506,64547506,1,65179586,26729501,64547506,65179586
ACL,1,0.067,706310002,1.000,size,50000,50000,2236.6,54.41,0.0000,63944632.3,64547506,64547506,64547506,468,65179586,26729501,0,65179586
ACL,1,0.067,706310002,1.000,delta_star,50000,50000,1202.0,30.34,0.0000,31016559.8,31713940,61258020,64547171,0,65179586,26729501,0,65179586
ACL,4,0.267,13710307,0.125,members,8,45,3664919.6,165.25,0.5739,6386044.0,6386044,6386044,6386044,1,29563486,10452177,51088352,65179586
ACL,4,0.267,13710307,0.125,size,10919,50000,8601.5,139.98,0.0000,6386044.0,6386044,6386044,6386044,1,29563486,10452177,0,65179586
ACL,4,0.267,13710307,0.125,delta_star,50000,50000,1381.1,25.89,0.0000,14770130.1,14807733,28072214,29562894,0,29563486,10452177,0,65179586
ACL,4,0.267,22966152,0.250,members,5,8,6087121.6,65.20,0.5733,10618061.0,10618061,10618061,10618061,1,29563486,10452177,53090305,65179586
ACL,4,0.267,22966152,0.250,size,17961,50000,4518.5,95.06,0.0000,10618061.0,10618061,10618061,10618061,1,29563486,10452177,0,65179586
ACL,4,0.267,22966152,0.250,delta_star,50000,50000,944.3,25.89,0.0000,14734612.7,14687040,28080997,29562858,0,29563486,10452177,0,65179586
ACL,4,0.267,32905570,0.375,members,4,5,8135101.0,56.75,0.5702,14266442.0,14266442,14266442,14266442,1,29563486,10452177,57065768,65179586
ACL,4,0.267,32905570,0.375,size,24264,50000,4026.2,76.87,0.0000,14266442.0,14266442,14266442,14266442,1,29563486,10452177,0,65179586
ACL,4,0.267,32905570,0.375,delta_star,50000,50000,949.1,25.89,0.0000,14847296.6,14903838,28019800,29562038,0,29563486,10452177,0,65179586
ACL,4,0.267,45367875,0.500,members,3,8,10109879.9,91.00,0.5745,17598207.0,17598207,17598207,17598207,1,29563486,10452177,52794621,65179586
ACL,4,0.267,45367875,0.500,size,29758,50000,3681.9,67.26,0.0000,17598207.0,17598207,17598207,17598207,1,29563486,10452177,0,65179586
ACL,4,0.267,45367875,0.500,delta_star,50000,50000,938.1,25.89,0.0000,14780087.4,14721174,28088954,29562641,0,29563486,10452177,0,65179586
ACL,4,0.267,61509200,0.625,members,3,6,11882431.0,75.00,0.5754,20650730.0,20650730,20650730,20650730,1,29563486,10452177,61952190,65179586
ACL,4,0.267,61509200,0.625,size,34951,50000,3470.9,60.89,0.0000,20650730.0,20650730,20650730,20650730,1,29563486,10452177,0,65179586
ACL,4,0.267,61509200,0.625,delta_star,50000,50000,945.0,25.89,0.0000,14790133.5,14815128,28045404,29562457,0,29563486,10452177,0,65179586
ACL,4,0.267,84648484,0.750,members,3,4,13591188.0,58.67,0.5762,23587177.0,23587177,23587177,23587177,1,29563486,10452177,70761531,65179586
ACL,4,0.267,84648484,0.750,size,39995,50000,3199.7,56.22,0.0000,23587177.0,23587177,23587177,23587177,1,29563486,10452177,0,65179586
ACL,4,0.267,84648484,0.750,delta_star,50000,50000,1242.8,25.89,0.0000,14783002.9,14773806,28113586,29563445,0,29563486,10452177,0,65179586
ACL,4,0.267,123720799,0.875,members,2,2,15038727.0,50.00,0.5685,26453091.0,26453091,26453091,26453091,1,29563486,10452177,52906182,65179586
ACL,4,0.267,123720799,0.875,size,44723,50000,2979.8,52.72,0.0000,26453091.0,26453091,26453091,26453091,1,29563486,10452177,0,65179586
ACL,4,0.267,123720799,0.875,delta_star,50000,50000,958.5,25.89,0.0000,14760121.5,14749437,28067218,29562927,0,29563486,10452177,0,65179586
ACL,4,0.267,629941341,1.000,members,2,2,16857080.5,48.00,0.5702,29563486.0,29563486,29563486,29563486,1,29563486,10452177,59126972,65179586
ACL,4,0.267,629941341,1.000,size,50000,50000,2161.1,49.83,0.0000,29563486.0,29563486,29563486,29563486,1,29563486,10452177,0,65179586
ACL,4,0.267,629941341,1.000,delta_star,50000,50000,967.8,25.89,0.0000,14780897.0,14794921,28073360,29563336,0,29563486,10452177,0,65179586
ACL,8,0.533,42598177,0.125,members,21,104,1171135.0,140.33,0.4834,2422506.0,2422506,2422506,2422506,1,11322181,1955217,50872626,65179586
ACL,8,0.533,42598177,0.125,size,10604,50000,5455.8,135.71,0.0000,2422506.0,2422506,2422506,2422506,1,11322181,1955217,0,65179586
ACL,8,0.533,42598177,0.125,delta_star,50000,50000,953.2,24.53,0.0000,5653348.2,5641761,10752730,11321957,0,11322181,1955217,0,65179586
ACL,8,0.533,58469465,0.250,members,13,31,2387860.2,80.23,0.5862,4073192.0,4073192,4073192,4073192,1,11322181,1955217,52951496,65179586
ACL,8,0.533,58469465,0.250,size,18139,50000,3588.0,89.30,0.0000,4073192.0,4073192,4073192,4073192,1,11322181,1955217,0,65179586
ACL,8,0.533,58469465,0.250,delta_star,50000,50000,767.5,24.53,0.0000,5653085.7,5647960,10752854,11322151,0,11322181,1955217,0,65179586
ACL,8,0.533,73131582,0.375,members,10,15,3177055.0,59.20,0.5791,5485794.0,5485794,5485794,5485794,1,11322181,1955217,54857940,65179586
ACL,8,0.533,73131582,0.375,size,24094,50000,3222.2,73.10,0.0000,5485794.0,5485794,5485794,5485794,1,11322181,1955217,0,65179586
ACL,8,0.533,73131582,0.375,delta_star,50000,50000,771.9,24.53,0.0000,5665044.5,5669825,10742548,11321351,0,11322181,1955217,0,65179586
ACL,8,0.533,89890937,0.500,members,8,18,4014916.1,76.75,0.5966,6729127.0,6729127,6729127,6729127,1,11322181,1955217,53833016,65179586
ACL,8,0.533,89890937,0.500,size,29538,50000,2916.9,63.93,0.0000,6729127.0,6729127,6729127,6729127,1,11322181,1955217,0,65179586
ACL,8,0.533,89890937,0.500,delta_star,50000,50000,774.5,24.53,0.0000,5635033.5,5638854,10728306,11322101,0,11322181,1955217,0,65179586
ACL,8,0.533,108805936,0.625,members,7,8,4596395.9,50.71,0.5813,7907549.0,7907549,7907549,7907549,1,11322181,1955217,55352843,65179586
ACL,8,0.533,108805936,0.625,size,34972,50000,2715.3,57.57,0.0000,7907549.0,7907549,7907549,7907549,1,11322181,1955217,0,65179586
ACL,8,0.533,108805936,0.625,delta_star,50000,50000,759.0,24.53,0.0000,5638055.3,5613667,10750575,11321762,0,11322181,1955217,0,65179586
ACL,8,0.533,134652592,0.750,members,6,6,5239376.2,47.17,0.5804,9027759.0,9027759,9027759,9027759,1,11322181,1955217,54166554,65179586
ACL,8,0.533,134652592,0.750,size,40010,50000,2492.6,53.14,0.0000,9027759.0,9027759,9027759,9027759,1,11322181,1955217,0,65179586
ACL,8,0.533,134652592,0.750,delta_star,50000,50000,761.5,24.53,0.0000,5660718.5,5656498,10753918,11322137,0,11322181,1955217,0,65179586
ACL,8,0.533,174526604,0.875,members,5,5,7257901.4,47.00,0.7166,10127788.0,10127788,10127788,10127788,1,11322181,1955217,50638940,65179586
ACL,8,0.533,174526604,0.875,size,44732,50000,2226.0,49.82,0.0000,10127788.0,10127788,10127788,10127788,1,11322181,1955217,0,65179586
ACL,8,0.533,174526604,0.875,delta_star,50000,50000,753.8,24.53,0.0000,5633687.1,5606485,10747601,11321900,0,11322181,1955217,0,65179586
ACL,8,0.533,642205654,1.000,members,5,5,6558280.4,47.20,0.5792,11322181.0,11322181,11322181,11322181,1,11322181,1955217,56610905,65179586
ACL,8,0.533,642205654,1.000,size,50000,50000,1749.8,47.12,0.0000,11322181.0,11322181,11322181,11322181,1,11322181,1955217,0,65179586
ACL,8,0.533,642205654,1.000,delta_star,50000,50000,1023.2,24.53,0.0000,5665356.3,5661476,10751725,11322034,0,11322181,1955217,0,65179586
ACL,11,0.733,70070033,0.125,members,38,137,972601.3,104.11,0.7217,1347718.0,1347718,1347718,1347718,1,5325108,544928,51213284,65179586
ACL,11,0.733,70070033,0.125,size,12645,50000,3935.4,111.97,0.0000,1347718.0,1347718,1347718,1347718,1,5325108,544928,0,65179586
ACL,11,0.733,70070033,0.125,delta_star,50000,50000,798.1,23.44,0.0000,2670634.4,2673809,5067117,5324841,0,5325108,544928,0,65179586
ACL,11,0.733,87282557,0.250,members,24,84,961422.2,101.50,0.4585,2096916.0,2096916,2096916,2096916,1,5325108,544928,50325984,65179586
ACL,11,0.733,87282557,0.250,size,19687,50000,2948.7,80.07,0.0000,2096916.0,2096916,2096916,2096916,1,5325108,544928,0,65179586
ACL,11,0.733,87282557,0.250,delta_star,50000,50000,650.2,23.44,0.0000,2658197.2,2655326,5060720,5325105,0,5325108,544928,0,65179586
ACL,11,0.733,102196647,0.375,members,19,45,1380444.8,76.21,0.5077,2719218.0,2719218,2719218,2719218,1,5325108,544928,51665142,65179586
ACL,11,0.733,102196647,0.375,size,25624,50000,2518.2,66.76,0.0000,2719218.0,2719218,2719218,2719218,1,5325108,544928,0,65179586
ACL,11,0.733,102196647,0.375,delta_star,50000,50000,660.6,23.44,0.0000,2662912.3,2667665,5056621,5325022,0,5325108,544928,0,65179586
ACL,11,0.733,119289151,0.500,members,16,21,1869404.7,52.19,0.5693,3283659.0,3283659,3283659,3283659,1,5325108,544928,52538544,65179586
ACL,11,0.733,119289151,0.500,size,30806,50000,2347.8,59.25,0.0000,3283659.0,3283659,3283659,3283659,1,5325108,544928,0,65179586
ACL,11,0.733,119289151,0.500,delta_star,50000,50000,628.1,23.43,0.0000,2655404.3,2645523,5062873,5325087,0,5325108,544928,0,65179586
ACL,11,0.733,138628836,0.625,members,14,17,1975472.9,50.00,0.5188,3807763.0,3807763,3807763,3807763,1,5325108,544928,53308682,65179586
ACL,11,0.733,138628836,0.625,size,35652,50000,2214.2,54.18,0.0000,3807763.0,3807763,3807763,3807763,1,5325108,544928,0,65179586
ACL,11,0.733,138628836,0.625,delta_star,50000,50000,622.9,23.43,0.0000,2663787.5,2660340,5066011,5324994,0,5325108,544928,0,65179586
ACL,11,0.733,163533079,0.750,members,12,18,2379978.7,56.42,0.5535,4300247.0,4300247,4300247,4300247,1,5325108,544928,51602964,65179586
ACL,11,0.733,163533079,0.750,size,40256,50000,1931.9,50.41,0.0000,4300247.0,4300247,4300247,4300247,1,5325108,544928,0,65179586
ACL,11,0.733,163533079,0.750,delta_star,50000,50000,617.3,23.44,0.0000,2663790.3,2663451,5065922,5325070,0,5325108,544928,0,65179586
ACL,11,0.733,199642729,0.875,members,11,13,2618131.4,48.82,0.5466,4789478.0,4789478,4789478,4789478,1,5325108,544928,52684258,65179586
ACL,11,0.733,199642729,0.875,size,44899,50000,1728.4,47.34,0.0000,4789478.0,4789478,4789478,4789478,1,5325108,544928,0,65179586
ACL,11,0.733,199642729,0.875,delta_star,50000,50000,611.7,23.43,0.0000,2663672.5,2671753,5063418,5324966,0,5325108,544928,0,65179586
ACL,11,0.733,728831095,1.000,members,10,10,2973618.5,44.80,0.5584,5325108.0,5325108,5325108,5325108,1,5325108,544928,53251080,65179586
ACL,11,0.733,728831095,1.000,size,50000,50000,1454.0,44.87,0.0000,5325108.0,5325108,5325108,5325108,1,5325108,544928,0,65179586
ACL,11,0.733,728831095,1.000,delta_star,50000,50000,609.3,23.44,0.0000,2658774.1,2647055,5060334,5325047,0,5325108,544928,0,65179586
ACL,15,1.000,207022104,0.125,members,106,182,195311.9,53.68,0.4127,473210.0,473210,473210,473210,1,768330,6971,50160260,65179586
ACL,15,1.000,207022104,0.125,size,30728,50000,1176.5,52.00,0.0000,473210.0,473210,473210,473210,1,768330,6971,0,65179586
ACL,15,1.000,207022104,0.125,delta_star,50000,50000,322.8,20.66,0.0000,383856.8,382208,729891,768310,0,768330,6971,0,65179586
ACL,15,1.000,215089405,0.250,members,94,124,220203.1,45.85,0.4100,537117.0,537117,537117,537117,1,768330,6971,50488998,65179586
ACL,15,1.000,215089405,0.250,size,34959,50000,1134.7,48.00,0.0000,537117.0,537117,537117,537117,1,768330,6971,0,65179586
ACL,15,1.000,215089405,0.250,delta_star,50000,50000,317.5,20.66,0.0000,382370.1,381700,729639,768316,0,768330,6971,0,65179586
ACL,15,1.000,222924705,0.375,members,87,119,237608.3,46.85,0.4097,579908.0,579908,579908,579908,1,768330,6971,50451996,65179586
ACL,15,1.000,222924705,0.375,size,37663,50000,1070.5,45.91,0.0000,579908.0,579908,579908,579908,1,768330,6971,0,65179586
ACL,15,1.000,222924705,0.375,delta_star,50000,50000,313.9,20.66,0.0000,385072.7,386912,729571,768305,0,768330,6971,0,65179586
ACL,15,1.000,232353072,0.500,members,81,98,253925.1,43.51,0.4092,620589.0,620589,620589,620589,1,768330,6971,50267709,65179586
ACL,15,1.000,232353072,0.500,size,40485,50000,1037.0,43.99,0.0000,620589.0,620589,620589,620589,1,768330,6971,0,65179586
ACL,15,1.000,232353072,0.500,delta_star,50000,50000,313.5,20.65,0.0000,382918.2,382449,730163,768329,0,768330,6971,0,65179586
ACL,15,1.000,243417791,0.625,members,77,88,267083.1,41.99,0.4090,653082.0,653082,653082,653082,1,768330,6971,50287314,65179586
ACL,15,1.000,243417791,0.625,size,42531,50000,986.4,42.74,0.0000,653082.0,653082,653082,653082,1,768330,6971,0,65179586
ACL,15,1.000,243417791,0.625,delta_star,50000,50000,316.8,20.65,0.0000,386462.1,387905,730815,768330,0,768330,6971,0,65179586
ACL,15,1.000,256677536,0.750,members,72,77,286145.0,40.50,0.4096,698629.0,698629,698629,698629,1,768330,6971,50301288,65179586
ACL,15,1.000,256677536,0.750,size,45497,50000,952.5,41.10,0.0000,698629.0,698629,698629,698629,1,768330,6971,0,65179586
ACL,15,1.000,256677536,0.750,delta_star,50000,50000,315.0,20.65,0.0000,383925.5,382711,728562,768317,0,768330,6971,0,65179586
ACL,15,1.000,277208037,0.875,members,69,76,299753.4,41.12,0.4081,734479.0,734479,734479,734479,1,768330,6971,50679051,65179586
ACL,15,1.000,277208037,0.875,size,47733,50000,908.9,39.96,0.0000,734479.0,734479,734479,734479,1,768330,6971,0,65179586
ACL,15,1.000,277208037,0.875,delta_star,50000,50000,314.3,20.65,0.0000,386639.8,387473,730836,768323,0,768330,6971,0,65179586
ACL,15,1.000,477419095,1.000,members,66,66,312565.5,39.24,0.4068,768330.0,768330,768330,768330,1,768330,6971,50709780,65179586
ACL,15,1.000,477419095,1.000,size,50000,50000,786.6,39.28,0.0000,768330.0,768330,768330,768330,1,768330,6971,0,65179586
ACL,15,1.000,477419095,1.000,delta_star,50000,50000,315.4,20.66,0.0000,384101.4,385138,729727,768314,0,768330,6971,0,65179586
WIKICONF,1,0.002,55592,0.125,members,196,196,113132.7,50.68,0.4410,256554.1,193725,634690,634690,45,2917774,392902,50284596,2917774
WIKICONF,1,0.002,55592,0.125,size,50000,50000,1062.5,50.23,0.0000,247251.4,193725,634690,634690,3359,2917774,392902,0,2917774
WIKICONF,1,0.002,55592,0.125,delta_star,50000,50000,631.0,33.83,0.0000,124491.8,110,549725,2915727,0,2917774,392902,0,2917774
WIKICONF,1,0.002,132723,0.250,members,23,23,931079.3,60.35,0.4079,2282477.6,2762126,2762126,2762126,5,2917774,392902,52496985,2917774
WIKICONF,1,0.002,132723,0.250,size,50000,50000,1073.0,67.28,0.0000,2615417.1,2762126,2762126,2762126,1653,2917774,392902,0,2917774
WIKICONF,1,0.002,132723,0.250,delta_star,50000,50000,633.5,33.76,0.0000,123446.3,110,550368,2915710,0,2917774,392902,0,2917774
WIKICONF,1,0.002,251254,0.375,members,19,19,1095509.4,69.89,0.4070,2691949.3,2841502,2841502,2841502,2,2917774,392902,51147037,2917774
WIKICONF,1,0.002,251254,0.375,size,50000,50000,1082.0,67.78,0.0000,2765993.9,2841502,2841502,2841502,956,2917774,392902,0,2917774
WIKICONF,1,0.002,251254,0.375,delta_star,50000,50000,625.3,33.81,0.0000,121792.7,109,502048,2915667,0,2917774,392902,0,2917774
WIKICONF,1,0.002,435801,0.500,members,19,19,1109446.8,63.26,0.4071,2725021.4,2876411,2876411,2876411,2,2917774,392902,51775406,2917774
WIKICONF,1,0.002,435801,0.500,size,50000,50000,1093.2,68.25,0.0000,2835628.8,2876411,2876411,2876411,562,2917774,392902,0,2917774
WIKICONF,1,0.002,435801,0.500,delta_star,50000,50000,620.3,33.68,0.0000,121375.9,111,497433,2915709,0,2917774,392902,0,2917774
WIKICONF,1,0.002,764166,0.625,members,19,19,1117934.4,68.79,0.4071,2746032.7,2898590,2898590,2898590,2,2917774,392902,52174621,2917774
WIKICONF,1,0.002,764166,0.625,size,50000,50000,1076.7,68.56,0.0000,2880097.0,2898590,2898590,2898590,303,2917774,392902,0,2917774
WIKICONF,1,0.002,764166,0.625,delta_star,50000,50000,627.5,33.84,0.0000,119832.2,109,474976,2915739,0,2917774,392902,0,2917774
WIKICONF,1,0.002,1469145,0.750,members,18,18,1184146.8,70.67,0.4073,2907271.0,2907271,2907271,2907271,1,2917774,392902,52330878,2917774
WIKICONF,1,0.002,1469145,0.750,size,50000,50000,1074.0,68.24,0.0000,2896863.0,2907271,2907271,2907271,167,2917774,392902,0,2917774
WIKICONF,1,0.002,1469145,0.750,delta_star,50000,50000,624.5,33.80,0.0000,122970.5,110,549081,2915700,0,2917774,392902,0,2917774
WIKICONF,1,0.002,3610807,0.875,members,18,18,1192442.6,63.56,0.4094,2912842.0,2912842,2912842,2912842,1,2917774,392902,52431156,2917774
WIKICONF,1,0.002,3610807,0.875,size,50000,50000,1068.4,68.24,0.0000,2908880.5,2912842,2912842,2912842,67,2917774,392902,0,2917774
WIKICONF,1,0.002,3610807,0.875,delta_star,50000,50000,620.7,33.86,0.0000,124168.7,110,551294,2915702,0,2917774,392902,0,2917774
WIKICONF,1,0.002,175318017,1.000,members,18,18,1195335.2,71.83,0.4100,2915747.0,2915747,2915747,2915747,1,2917774,392902,52483446,2917774
WIKICONF,1,0.002,175318017,1.000,size,50000,50000,1053.7,69.08,0.0000,2914230.8,2915747,2915747,2915747,26,2917774,392902,0,2917774
WIKICONF,1,0.002,175318017,1.000,delta_star,50000,50000,918.6,33.72,0.0000,118960.3,110,473750,2915699,0,2917774,392902,0,2917774
WIKICONF,141,0.251,16733428,0.125,members,345,1942,61378.1,132.03,0.4229,145153.0,145153,145153,145153,1,833607,63065,50077785,2917774
WIKICONF,141,0.251,16733428,0.125,size,8735,50000,1878.2,133.97,0.0000,145153.0,145153,145153,145153,1,833607,63065,0,2917774
WIKICONF,141,0.251,16733428,0.125,delta_star,50000,50000,266.6,20.79,0.0000,417182.4,418681,793353,833592,0,833607,63065,0,2917774
WIKICONF,141,0.251,23271501,0.250,members,210,742,99445.5,90.76,0.4168,238574.0,238574,238574,238574,1,833607,63065,50100540,2917774
WIKICONF,141,0.251,23271501,0.250,size,14246,50000,1416.0,90.00,0.0000,238574.0,238574,238574,238574,1,833607,63065,0,2917774
WIKICONF,141,0.251,23271501,0.250,delta_star,50000,50000,271.1,20.80,0.0000,417230.1,416935,792101,833605,0,833607,63065,0,2917774
WIKICONF,141,0.251,29241849,0.375,members,139,307,153210.7,63.99,0.4247,360789.0,360789,360789,360789,1,833607,63065,50149671,2917774
WIKICONF,141,0.251,29241849,0.375,size,21797,50000,1118.1,65.79,0.0000,360789.0,360789,360789,360789,1,833607,63065,0,2917774
WIKICONF,141,0.251,29241849,0.375,delta_star,50000,50000,265.3,20.79,0.0000,417039.5,417532,792516,833569,0,833607,63065,0,2917774
WIKICONF,141,0.251,34787944,0.500,members,118,211,175713.2,55.81,0.4130,425428.0,425428,425428,425428,1,833607,63065,50200504,2917774
WIKICONF,141,0.251,34787944,0.500,size,25574,50000,1043.1,58.97,0.0000,425428.0,425428,425428,425428,1,833607,63065,0,2917774
WIKICONF,141,0.251,34787944,0.500,delta_star,50000,50000,265.8,20.80,0.0000,415841.7,414808,791381,833606,0,833607,63065,0,2917774
WIKICONF,141,0.251,41921864,0.625,members,95,147,217360.8,50.83,0.4128,526495.0,526495,526495,526495,1,833607,63065,50017025,2917774
WIKICONF,141,0.251,41921864,0.625,size,31533,50000,926.1,51.52,0.0000,526495.0,526495,526495,526495,1,833607,63065,0,2917774
WIKICONF,141,0.251,41921864,0.625,delta_star,50000,50000,260.9,20.79,0.0000,415679.3,415342,792384,833606,0,833607,63065,0,2917774
WIKICONF,141,0.251,50699902,0.750,members,82,116,249323.2,48.07,0.4085,610334.0,610334,610334,610334,1,833607,63065,50047388,2917774
WIKICONF,141,0.251,50699902,0.750,size,36464,50000,869.7,47.14,0.0000,610334.0,610334,610334,610334,1,833607,63065,0,2917774
WIKICONF,141,0.251,50699902,0.750,delta_star,50000,50000,256.2,20.79,0.0000,415739.9,416240,790868,833607,0,833607,63065,0,2917774
WIKICONF,141,0.251,64072158,0.875,members,66,73,313871.8,41.41,0.4133,759405.0,759405,759405,759405,1,833607,63065,50120730,2917774
WIKICONF,141,0.251,64072158,0.875,size,45594,50000,731.0,41.35,0.0000,759405.0,759405,759405,759405,1,833607,63065,0,2917774
WIKICONF,141,0.251,64072158,0.875,delta_star,50000,50000,256.9,20.79,0.0000,417518.9,417861,791368,833563,0,833607,63065,0,2917774
WIKICONF,141,0.251,200163234,1.000,members,60,60,338758.1,39.83,0.4064,833607.0,833607,833607,833607,1,833607,63065,50016420,2917774
WIKICONF,141,0.251,200163234,1.000,size,50000,50000,577.9,39.56,0.0000,833607.0,833607,833607,833607,1,833607,63065,0,2917774
WIKICONF,141,0.251,200163234,1.000,delta_star,50000,50000,257.2,20.78,0.0000,417416.1,417639,792820,833566,0,833607,63065,0,2917774
WIKICONF,281,0.500,28426484,0.125,members,3918,50000,4399.4,232.15,0.6702,6564.0,6564,6564,6564,1,87467,3844,25717752,2917774
WIKICONF,281,0.500,28426484,0.125,size,3763,50000,1645.4,240.73,0.0000,6564.0,6564,6564,6564,1,87467,3844,0,2917774
WIKICONF,281,0.500,28426484,0.125,delta_star,50000,50000,126.4,17.70,0.0000,43650.8,43699,83043,87467,0,87467,3844,0,2917774
WIKICONF,281,0.500,38568985,0.250,members,4674,37648,5611.1,153.36,0.5245,10698.0,10698,10698,10698,1,87467,3844,50002452,2917774
WIKICONF,281,0.500,38568985,0.250,size,6109,50000,1127.2,155.49,0.0000,10698.0,10698,10698,10698,1,87467,3844,0,2917774
WIKICONF,281,0.500,38568985,0.250,delta_star,50000,50000,124.9,17.68,0.0000,43771.9,43877,83193,87463,0,87467,3844,0,2917774
WIKICONF,281,0.500,50425483,0.375,members,3214,18088,7357.4,112.18,0.4729,15559.0,15559,15559,15559,1,87467,3844,50006626,2917774
WIKICONF,281,0.500,50425483,0.375,size,8906,50000,2443.4,112.07,0.0000,15559.0,15559,15559,15559,1,87467,3844,0,2917774
WIKICONF,281,0.500,50425483,0.375,delta_star,50000,50000,126.0,17.72,0.0000,43618.6,43767,83161,87467,0,87467,3844,0,2917774
WIKICONF,281,0.500,61598898,0.500,members,1958,6552,11128.2,73.43,0.4357,25543.0,25543,25543,25543,1,87467,3844,50013194,2917774
WIKICONF,281,0.500,61598898,0.500,size,14514,50000,625.0,75.30,0.0000,25543.0,25543,25543,25543,1,87467,3844,0,2917774
WIKICONF,281,0.500,61598898,0.500,delta_star,50000,50000,123.4,17.71,0.0000,43746.4,44026,83080,87467,0,87467,3844,0,2917774
WIKICONF,281,0.500,73426515,0.625,members,1195,2423,17586.0,51.22,0.4200,41876.0,41876,41876,41876,1,87467,3844,50041820,2917774
WIKICONF,281,0.500,73426515,0.625,size,23844,50000,485.1,52.38,0.0000,41876.0,41876,41876,41876,1,87467,3844,0,2917774
WIKICONF,281,0.500,73426515,0.625,delta_star,50000,50000,125.7,17.70,0.0000,43849.4,44096,83205,87465,0,87467,3844,0,2917774
WIKICONF,281,0.500,83922992,0.750,members,779,1046,26465.6,39.58,0.4119,64246.0,64246,64246,64246,1,87467,3844,50047634,2917774
WIKICONF,281,0.500,83922992,0.750,size,36804,50000,396.4,39.66,0.0000,64246.0,64246,64246,64246,1,87467,3844,0,2917774
WIKICONF,281,0.500,83922992,0.750,delta_star,50000,50000,127.2,17.74,0.0000,43568.4,43694,83029,87466,0,87467,3844,0,2917774
WIKICONF,281,0.500,99603142,0.875,members,664,764,30843.4,36.13,0.4091,75397.0,75397,75397,75397,1,87467,3844,50063608,2917774
WIKICONF,281,0.500,99603142,0.875,size,43096,50000,353.5,36.04,0.0000,75397.0,75397,75397,75397,1,87467,3844,0,2917774
WIKICONF,281,0.500,99603142,0.875,delta_star,50000,50000,126.5,17.69,0.0000,43815.0,44241,83015,87465,0,87467,3844,0,2917774
WIKICONF,281,0.500,184622428,1.000,members,572,572,35523.2,33.41,0.4061,87467.0,87467,87467,87467,1,87467,3844,50031124,2917774
WIKICONF,281,0.500,184622428,1.000,size,50000,50000,242.6,33.35,0.0000,87467.0,87467,87467,87467,1,87467,3844,0,2917774
WIKICONF,281,0.500,184622428,1.000,delta_star,50000,50000,126.8,17.71,0.0000,43482.1,43601,83067,87460,0,87467,3844,0,2917774
WIKICONF,422,0.751,34177908,0.125,members,7252,50000,891.3,102.30,1.3677,651.7,735,735,735,2,8689,360,4726021,2917774
WIKICONF,422,0.751,34177908,0.125,size,7342,50000,619.8,101.18,0.0000,651.2,735,735,735,2,8689,360,0,2917774
WIKICONF,422,0.751,34177908,0.125,delta_star,50000,50000,82.5,14.66,0.0000,4289.6,4343,8255,8689,0,8689,360,0,2917774
WIKICONF,422,0.751,49448616,0.250,members,8013,50000,1144.0,99.58,0.8236,1389.0,1389,1389,1389,1,8689,360,11130057,2917774
WIKICONF,422,0.751,49448616,0.250,size,8204,50000,561.0,97.68,0.0000,1389.0,1389,1389,1389,1,8689,360,0,2917774
WIKICONF,422,0.751,49448616,0.250,delta_star,50000,50000,80.0,14.67,0.0000,4285.0,4327,8261,8689,0,8689,360,0,2917774
WIKICONF,422,0.751,54357034,0.375,members,10297,18507,2234.8,38.30,0.4602,4856.0,4856,4856,4856,1,8689,360,50002232,2917774
WIKICONF,422,0.751,54357034,0.375,size,28082,50000,238.1,38.05,0.0000,4856.0,4856,4856,4856,1,8689,360,0,2917774
WIKICONF,422,0.751,54357034,0.375,delta_star,50000,50000,80.0,14.62,0.0000,4304.6,4375,8265,8689,0,8689,360,0,2917774
WIKICONF,422,0.751,57096139,0.500,members,10095,17668,2243.5,37.67,0.4529,4953.0,4953,4953,4953,1,8689,360,50000535,2917774
WIKICONF,422,0.751,57096139,0.500,size,28486,50000,236.5,37.71,0.0000,4953.0,4953,4953,4953,1,8689,360,0,2917774
WIKICONF,422,0.751,57096139,0.500,delta_star,50000,50000,80.0,14.66,0.0000,4302.5,4369,8262,8689,0,8689,360,0,2917774
WIKICONF,422,0.751,59923665,0.625,members,9185,14655,2427.4,35.40,0.4459,5444.0,5444,5444,5444,1,8689,360,50003140,2917774
WIKICONF,422,0.751,59923665,0.625,size,31178,50000,223.5,35.53,0.0000,5444.0,5444,5444,5444,1,8689,360,0,2917774
WIKICONF,422,0.751,59923665,0.625,delta_star,50000,50000,79.8,14.66,0.0000,4306.7,4353,8256,8689,0,8689,360,0,2917774
WIKICONF,422,0.751,66227151,0.750,members,9045,14267,2464.1,35.19,0.4457,5528.0,5528,5528,5528,1,8689,360,50000760,2917774
WIKICONF,422,0.751,66227151,0.750,size,31712,50000,220.8,35.14,0.0000,5528.0,5528,5528,5528,1,8689,360,0,2917774
WIKICONF,422,0.751,66227151,0.750,delta_star,50000,50000,79.7,14.64,0.0000,4277.8,4331,8241,8689,0,8689,360,0,2917774
WIKICONF,422,0.751,78266203,0.875,members,6508,7354,3315.8,28.60,0.4315,7684.0,7684,7684,7684,1,8689,360,50007472,2917774
WIKICONF,422,0.751,78266203,0.875,size,44220,50000,172.1,28.59,0.0000,7684.0,7684,7684,7684,1,8689,360,0,2917774
WIKICONF,422,0.751,78266203,0.875,delta_star,50000,50000,80.1,14.64,0.0000,4284.8,4338,8258,8689,0,8689,360,0,2917774
WIKICONF,422,0.751,116394520,1.000,members,5755,5755,3633.1,26.81,0.4181,8689.0,8689,8689,8689,1,8689,360,50005195,2917774
WIKICONF,422,0.751,116394520,1.000,size,50000,50000,107.8,26.78,0.0000,8689.0,8689,8689,8689,1,8689,360,0,2917774
WIKICONF,422,0.751,116394520,1.000,delta_star,50000,50000,85.3,14.67,0.0000,4269.2,4295,8256,8689,0,8689,360,0,2917774
WIKICONF,562,1.000,46877815,0.125,members,50000,50000,307.4,18.36,0.5470,562.0,562,562,562,1,562,1,28100000,2917774
WIKICONF,562,1.000,46877815,0.125,size,50000,50000,66.0,18.36,0.0000,562.0,562,562,562,1,562,1,0,2917774
WIKICONF,562,1.000,46877815,0.125,delta_star,50000,50000,63.4,13.82,0.0000,284.4,281,534,562,0,562,1,0,2917774
WIKICONF,562,1.000,46877815,0.250,members,50000,50000,304.8,18.36,0.5423,562.0,562,562,562,1,562,1,28100000,2917774
WIKICONF,562,1.000,46877815,0.250,size,50000,50000,66.9,18.37,0.0000,562.0,562,562,562,1,562,1,0,2917774
WIKICONF,562,1.000,46877815,0.250,delta_star,50000,50000,62.9,13.80,0.0000,284.3,280,534,562,0,562,1,0,2917774
WIKICONF,562,1.000,46877815,0.375,members,50000,50000,301.1,18.35,0.5358,562.0,562,562,562,1,562,1,28100000,2917774
WIKICONF,562,1.000,46877815,0.375,size,50000,50000,66.2,18.35,0.0000,562.0,562,562,562,1,562,1,0,2917774
WIKICONF,562,1.000,46877815,0.375,delta_star,50000,50000,63.0,13.81,0.0000,285.3,282,534,562,0,562,1,0,2917774
WIKICONF,562,1.000,46877815,0.500,members,50000,50000,301.4,18.37,0.5362,562.0,562,562,562,1,562,1,28100000,2917774
WIKICONF,562,1.000,46877815,0.500,size,50000,50000,66.1,18.36,0.0000,562.0,562,562,562,1,562,1,0,2917774
WIKICONF,562,1.000,46877815,0.500,delta_star,50000,50000,62.9,13.76,0.0000,285.4,281,535,562,0,562,1,0,2917774
WIKICONF,562,1.000,46877815,0.625,members,50000,50000,301.3,18.38,0.5361,562.0,562,562,562,1,562,1,28100000,2917774
WIKICONF,562,1.000,46877815,0.625,size,50000,50000,66.2,18.36,0.0000,562.0,562,562,562,1,562,1,0,2917774
WIKICONF,562,1.000,46877815,0.625,delta_star,50000,50000,62.8,13.84,0.0000,283.5,278,534,562,0,562,1,0,2917774
WIKICONF,562,1.000,46877815,0.750,members,50000,50000,301.3,18.37,0.5361,562.0,562,562,562,1,562,1,28100000,2917774
WIKICONF,562,1.000,46877815,0.750,size,50000,50000,65.8,18.36,0.0000,562.0,562,562,562,1,562,1,0,2917774
WIKICONF,562,1.000,46877815,0.750,delta_star,50000,50000,63.2,13.78,0.0000,284.7,281,535,562,0,562,1,0,2917774
WIKICONF,562,1.000,46877815,0.875,members,50000,50000,301.4,18.36,0.5363,562.0,562,562,562,1,562,1,28100000,2917774
WIKICONF,562,1.000,46877815,0.875,size,50000,50000,66.1,18.36,0.0000,562.0,562,562,562,1,562,1,0,2917774
WIKICONF,562,1.000,46877815,0.875,delta_star,50000,50000,63.1,13.80,0.0000,284.8,282,535,562,0,562,1,0,2917774
WIKICONF,562,1.000,46877815,1.000,members,50000,50000,301.5,18.36,0.5365,562.0,562,562,562,1,562,1,28100000,2917774
WIKICONF,562,1.000,46877815,1.000,size,50000,50000,66.1,18.36,0.0000,562.0,562,562,562,1,562,1,0,2917774
WIKICONF,562,1.000,46877815,1.000,delta_star,50000,50000,63.0,13.78,0.0000,285.0,280,536,562,0,562,1,0,2917774
AHO,1,0.056,3383664,0.125,members,1,1,29384051.9,52.00,0.4927,59632961.0,59632961,59632961,59632961,1,66623880,26675486,59632961,66623880
AHO,1,0.056,3383664,0.125,size,50000,50000,3525.7,52.27,0.0000,53361959.2,59632961,59632961,59632961,5254,66623880,26675486,0,66623880
AHO,1,0.056,3383664,0.125,delta_star,50000,50000,995.1,30.44,0.0000,32025223.0,32769433,63030424,66372579,0,66623880,26675486,0,66623880
AHO,1,0.056,7513466,0.250,members,1,1,31721792.9,57.00,0.5036,62990367.0,62990367,62990367,62990367,1,66623880,26675486,62990367,66623880
AHO,1,0.056,7513466,0.250,size,50000,50000,2131.7,53.44,0.0000,59534715.6,62990367,62990367,62990367,2742,66623880,26675486,0,66623880
AHO,1,0.056,7513466,0.250,delta_star,50000,50000,1009.8,30.46,0.0000,32151871.7,32992320,63010824,66373050,0,66623880,26675486,0,66623880
AHO,1,0.056,13229758,0.375,members,1,1,31774187.9,54.00,0.4934,64402738.0,64402738,64402738,64402738,1,66623880,26675486,64402738,66623880
AHO,1,0.056,13229758,0.375,size,50000,50000,2094.3,53.94,0.0000,62330257.9,64402738,64402738,64402738,1608,66623880,26675486,0,66623880
AHO,1,0.056,13229758,0.375,delta_star,50000,50000,973.9,30.44,0.0000,32163937.1,32944724,62987915,66373110,0,66623880,26675486,0,66623880
AHO,1,0.056,21245714,0.500,members,1,1,32075195.1,58.00,0.4921,65173626.0,65173626,65173626,65173626,1,66623880,26675486,65173626,66623880
AHO,1,0.056,21245714,0.500,size,50000,50000,2050.3,54.18,0.0000,63724164.6,65173626,65173626,65173626,1113,66623880,26675486,0,66623880
AHO,1,0.056,21245714,0.500,delta_star,50000,50000,972.2,30.47,0.0000,32074064.1,32817016,63007387,66373006,0,66623880,26675486,0,66623880
AHO,1,0.056,32527448,0.625,members,1,1,32310186.0,56.00,0.4920,65665569.0,65665569,65665569,65665569,1,66623880,26675486,65665569,66623880
AHO,1,0.056,32527448,0.625,size,50000,50000,1997.9,54.34,0.0000,64710791.6,65665569,65665569,65665569,728,66623880,26675486,0,66623880
AHO,1,0.056,32527448,0.625,delta_star,50000,50000,933.9,30.50,0.0000,31965338.6,32807272,62991159,66372314,0,66623880,26675486,0,66623880
AHO,1,0.056,50986877,0.750,members,1,1,32699021.0,54.00,0.4956,65976192.0,65976192,65976192,65976192,1,66623880,26675486,65976192,66623880
AHO,1,0.056,50986877,0.750,size,50000,50000,1940.4,54.37,0.0000,65295317.7,65976192,65976192,65976192,517,66623880,26675486,0,66623880
AHO,1,0.056,50986877,0.750,delta_star,50000,50000,959.9,30.46,0.0000,32087378.9,32976434,63016105,66373135,0,66623880,26675486,0,66623880
AHO,1,0.056,86917372,0.875,members,1,1,32742128.0,58.00,0.4946,66196354.0,66196354,66196354,66196354,1,66623880,26675486,66196354,66623880
AHO,1,0.056,86917372,0.875,size,50000,50000,1881.5,54.48,0.0000,65774021.3,66196354,66196354,66196354,320,66623880,26675486,0,66623880
AHO,1,0.056,86917372,0.875,delta_star,50000,50000,966.5,30.51,0.0000,32093890.9,32972136,62975625,66371806,0,66623880,26675486,0,66623880
AHO,1,0.056,723772144,1.000,members,1,1,32507046.8,54.00,0.4898,66373252.0,66373252,66373252,66373252,1,66623880,26675486,66373252,66623880
AHO,1,0.056,723772144,1.000,size,50000,50000,1725.3,55.06,0.0000,66136963.2,66373252,66373252,66373252,179,66623880,26675486,0,66623880
AHO,1,0.056,723772144,1.000,delta_star,50000,50000,992.7,30.47,0.0000,32116890.4,32815674,63017342,66373036,0,66623880,26675486,0,66623880
AHO,5,0.278,19555431,0.125,members,8,33,2851359.7,128.88,0.4456,6398892.0,6398892,6398892,6398892,1,28202600,8614494,51191136,66623880
AHO,5,0.278,19555431,0.125,size,11425,50000,7375.6,134.66,0.0000,6398892.0,6398892,6398892,6398892,1,28202600,8614494,0,66623880
AHO,5,0.278,19555431,0.125,delta_star,50000,50000,1257.9,25.82,0.0000,14135459.5,14091097,26843947,28201948,0,28202600,8614494,0,66623880
AHO,5,0.278,30761246,0.250,members,5,9,5970561.8,70.20,0.5601,10660063.0,10660063,10660063,10660063,1,28202600,8614494,53300315,66623880
AHO,5,0.278,30761246,0.250,size,19069,50000,3727.4,90.85,0.0000,10660063.0,10660063,10660063,10660063,1,28202600,8614494,0,66623880
AHO,5,0.278,30761246,0.250,delta_star,50000,50000,806.5,25.83,0.0000,14160491.1,14149458,26809670,28201901,0,28202600,8614494,0,66623880
AHO,5,0.278,42611454,0.375,members,4,9,10288048.8,80.75,0.7268,14154723.0,14154723,14154723,14154723,1,28202600,8614494,56618892,66623880
AHO,5,0.278,42611454,0.375,size,25135,50000,3272.5,74.94,0.0000,14154723.0,14154723,14154723,14154723,1,28202600,8614494,0,66623880
AHO,5,0.278,42611454,0.375,delta_star,50000,50000,807.0,25.82,0.0000,14090312.1,14056262,26768200,28202349,0,28202600,8614494,0,66623880
AHO,5,0.278,57144248,0.500,members,3,4,9944740.0,57.67,0.5779,17207105.0,17207105,17207105,17207105,1,28202600,8614494,51621315,66623880
AHO,5,0.278,57144248,0.500,size,30344,50000,3003.6,66.29,0.0000,17207105.0,17207105,17207105,17207105,1,28202600,8614494,0,66623880
AHO,5,0.278,57144248,0.500,delta_star,50000,50000,811.6,25.82,0.0000,14059526.5,14068261,26763004,28200471,0,28202600,8614494,0,66623880
AHO,5,0.278,75500249,0.625,members,3,4,11533519.6,58.33,0.5748,20065810.0,20065810,20065810,20065810,1,28202600,8614494,60197430,66623880
AHO,5,0.278,75500249,0.625,size,35581,50000,2829.7,60.10,0.0000,20065810.0,20065810,20065810,20065810,1,28202600,8614494,0,66623880
AHO,5,0.278,75500249,0.625,delta_star,50000,50000,1394.5,25.82,0.0000,14110684.7,14103842,26790625,28202466,0,28202600,8614494,0,66623880
AHO,5,0.278,102045880,0.750,members,3,7,12973201.6,82.33,0.5700,22759925.0,22759925,22759925,22759925,1,28202600,8614494,68279775,66623880
AHO,5,0.278,102045880,0.750,size,40306,50000,2781.9,55.84,0.0000,22759925.0,22759925,22759925,22759925,1,28202600,8614494,0,66623880
AHO,5,0.278,102045880,0.750,delta_star,50000,50000,798.5,25.82,0.0000,14091615.0,14126612,26780213,28201099,0,28202600,8614494,0,66623880
AHO,5,0.278,147579833,0.875,members,2,3,14658987.5,63.50,0.5773,25390252.0,25390252,25390252,25390252,1,28202600,8614494,50780504,66623880
AHO,5,0.278,147579833,0.875,size,44936,50000,2329.1,52.47,0.0000,25390252.0,25390252,25390252,25390252,1,28202600,8614494,0,66623880
AHO,5,0.278,147579833,0.875,delta_star,50000,50000,802.7,25.82,0.0000,14082698.6,14030614,26802364,28201862,0,28202600,8614494,0,66623880
AHO,5,0.278,716257713,1.000,members,2,2,16288118.4,51.00,0.5775,28202600.0,28202600,28202600,28202600,1,28202600,8614494,56405200,66623880
AHO,5,0.278,716257713,1.000,size,50000,50000,1729.4,49.74,0.0000,28202600.0,28202600,28202600,28202600,1,28202600,8614494,0,66623880
AHO,5,0.278,716257713,1.000,delta_star,50000,50000,826.9,25.82,0.0000,14058902.6,14024592,26743262,28200963,0,28202600,8614494,0,66623880
AHO,9,0.500,50365697,0.125,members,17,68,1207766.8,119.24,0.4084,2957338.0,2957338,2957338,2957338,1,12941021,2202566,50274746,66623880
AHO,9,0.500,50365697,0.125,size,11441,50000,4713.2,128.42,0.0000,2957338.0,2957338,2957338,2957338,1,12941021,2202566,0,66623880
AHO,9,0.500,50365697,0.125,delta_star,50000,50000,894.2,24.72,0.0000,6459344.9,6473594,12293727,12940875,0,12941021,2202566,0,66623880
AHO,9,0.500,66810730,0.250,members,11,19,2123100.2,65.09,0.4249,4996470.0,4996470,4996470,4996470,1,12941021,2202566,54961170,66623880
AHO,9,0.500,66810730,0.250,size,19485,50000,3010.2,85.36,0.0000,4996470.0,4996470,4996470,4996470,1,12941021,2202566,0,66623880
AHO,9,0.500,66810730,0.250,delta_star,50000,50000,679.0,24.71,0.0000,6468408.0,6482440,12288184,12940705,0,12941021,2202566,0,66623880
AHO,9,0.500,83389454,0.375,members,8,10,3119110.1,54.00,0.4744,6575364.0,6575364,6575364,6575364,1,12941021,2202566,52602912,66623880
AHO,9,0.500,83389454,0.375,size,25399,50000,2677.3,71.04,0.0000,6575364.0,6575364,6575364,6575364,1,12941021,2202566,0,66623880
AHO,9,0.500,83389454,0.375,delta_star,50000,50000,689.3,24.71,0.0000,6461329.4,6444224,12305418,12940840,0,12941021,2202566,0,66623880
AHO,9,0.500,101437035,0.500,members,7,9,4161722.7,54.29,0.5220,7972202.0,7972202,7972202,7972202,1,12941021,2202566,55805414,66623880
AHO,9,0.500,101437035,0.500,size,30956,50000,2656.5,62.50,0.0000,7972202.0,7972202,7972202,7972202,1,12941021,2202566,0,66623880
AHO,9,0.500,101437035,0.500,delta_star,50000,50000,676.7,24.72,0.0000,6447910.2,6440275,12293034,12940953,0,12941021,2202566,0,66623880
AHO,9,0.500,123978610,0.625,members,6,10,5305590.3,66.17,0.5729,9260285.0,9260285,9260285,9260285,1,12941021,2202566,55561710,66623880
AHO,9,0.500,123978610,0.625,size,35931,50000,2275.4,57.03,0.0000,9260285.0,9260285,9260285,9260285,1,12941021,2202566,0,66623880
AHO,9,0.500,123978610,0.625,delta_star,50000,50000,685.9,24.71,0.0000,6479912.5,6508451,12290925,12940751,0,12941021,2202566,0,66623880
AHO,9,0.500,153011435,0.750,members,5,5,5986570.0,50.80,0.5713,10479005.0,10479005,10479005,10479005,1,12941021,2202566,52395025,66623880
AHO,9,0.500,153011435,0.750,size,40683,50000,2101.8,53.02,0.0000,10479005.0,10479005,10479005,10479005,1,12941021,2202566,0,66623880
AHO,9,0.500,153011435,0.750,delta_star,50000,50000,688.8,24.71,0.0000,6480106.6,6487812,12313233,12940966,0,12941021,2202566,0,66623880
AHO,9,0.500,196139631,0.875,members,5,5,6696005.0,47.60,0.5736,11673839.0,11673839,11673839,11673839,1,12941021,2202566,58369195,66623880
AHO,9,0.500,196139631,0.875,size,45108,50000,1862.3,49.96,0.0000,11673839.0,11673839,11673839,11673839,1,12941021,2202566,0,66623880
AHO,9,0.500,196139631,0.875,delta_star,50000,50000,677.7,24.71,0.0000,6465987.9,6465398,12278912,12940922,0,12941021,2202566,0,66623880
AHO,9,0.500,710199518,1.000,members,4,4,8841763.7,47.25,0.6832,12941021.0,12941021,12941021,12941021,1,12941021,2202566,51764084,66623880
AHO,9,0.500,710199518,1.000,size,50000,50000,1503.1,47.48,0.0000,12941021.0,12941021,12941021,12941021,1,12941021,2202566,0,66623880
AHO,9,0.500,710199518,1.000,delta_star,50000,50000,681.0,24.71,0.0000,6477884.1,6489090,12317604,12940854,0,12941021,2202566,0,66623880
AHO,14,0.778,108915156,0.125,members,38,114,543148.0,89.26,0.4067,1335379.0,1335379,1335379,1335379,1,4451573,342979,50744402,66623880
AHO,14,0.778,108915156,0.125,size,15039,50000,2017.5,96.46,0.0000,1335379.0,1335379,1335379,1335379,1,4451573,342979,0,66623880
AHO,14,0.778,108915156,0.125,delta_star,50000,50000,447.2,23.12,0.0000,2227706.9,2233519,4224475,4451484,0,4451573,342979,0,66623880
AHO,14,0.778,128067010,0.250,members,25,65,819577.3,80.20,0.4069,2014414.0,2014414,2014414,2014414,1,4451573,342979,50360350,66623880
AHO,14,0.778,128067010,0.250,size,22580,50000,1634.3,71.75,0.0000,2014414.0,2014414,2014414,2014414,1,4451573,342979,0,66623880
AHO,14,0.778,128067010,0.250,delta_star,50000,50000,406.0,23.13,0.0000,2227887.1,2232810,4231269,4451556,0,4451573,342979,0,66623880
AHO,14,0.778,145691034,0.375,members,20,47,1030682.3,74.75,0.4097,2515814.0,2515814,2515814,2515814,1,4451573,342979,50316280,66623880
AHO,14,0.778,145691034,0.375,size,28391,50000,1421.6,61.60,0.0000,2515814.0,2515814,2515814,2515814,1,4451573,342979,0,66623880
AHO,14,0.778,145691034,0.375,delta_star,50000,50000,407.0,23.12,0.0000,2230520.8,2233277,4240547,4451500,0,4451573,342979,0,66623880
AHO,14,0.778,163991117,0.500,members,18,29,1220439.3,58.17,0.4154,2938232.0,2938232,2938232,2938232,1,4451573,342979,52888176,66623880
AHO,14,0.778,163991117,0.500,size,32800,50000,1342.7,56.22,0.0000,2938232.0,2938232,2938232,2938232,1,4451573,342979,0,66623880
AHO,14,0.778,163991117,0.500,delta_star,50000,50000,408.1,23.12,0.0000,2217881.6,2213716,4219363,4451569,0,4451573,342979,0,66623880
AHO,14,0.778,185003434,0.625,members,16,19,1407572.6,48.50,0.4238,3321571.0,3321571,3321571,3321571,1,4451573,342979,53145136,66623880
AHO,14,0.778,185003434,0.625,size,37327,50000,1229.5,52.01,0.0000,3321571.0,3321571,3321571,3321571,1,4451573,342979,0,66623880
AHO,14,0.778,185003434,0.625,delta_star,50000,50000,403.1,23.12,0.0000,2215299.1,2210517,4224724,4451534,0,4451573,342979,0,66623880
AHO,14,0.778,210428786,0.750,members,14,15,1603661.6,46.29,0.4339,3695530.0,3695530,3695530,3695530,1,4451573,342979,51737420,66623880
AHO,14,0.778,210428786,0.750,size,41574,50000,1135.1,48.83,0.0000,3695530.0,3695530,3695530,3695530,1,4451573,342979,0,66623880
AHO,14,0.778,210428786,0.750,delta_star,50000,50000,400.5,23.13,0.0000,2222646.0,2223304,4227377,4451568,0,4451573,342979,0,66623880
AHO,14,0.778,247318245,0.875,members,13,14,1816530.4,45.62,0.4480,4055083.0,4055083,4055083,4055083,1,4451573,342979,52716079,66623880
AHO,14,0.778,247318245,0.875,size,45615,50000,1048.6,46.31,0.0000,4055083.0,4055083,4055083,4055083,1,4451573,342979,0,66623880
AHO,14,0.778,247318245,0.875,delta_star,50000,50000,401.1,23.12,0.0000,2220810.5,2214804,4231380,4451563,0,4451573,342979,0,66623880
AHO,14,0.778,714188463,1.000,members,12,12,2033082.1,44.33,0.4567,4451573.0,4451573,4451573,4451573,1,4451573,342979,53418876,66623880
AHO,14,0.778,714188463,1.000,size,50000,50000,849.9,44.24,0.0000,4451573.0,4451573,4451573,4451573,1,4451573,342979,0,66623880
AHO,14,0.778,714188463,1.000,delta_star,50000,50000,403.6,23.12,0.0000,2219683.8,2215807,4227405,4451132,0,4451573,342979,0,66623880
AHO,18,1.000,274710324,0.125,members,120,194,170982.0,51.39,0.4089,418169.0,418169,418169,418169,1,676337,4800,50180280,66623880
AHO,18,1.000,274710324,0.125,size,30914,50000,951.8,51.31,0.0000,418169.0,418169,418169,418169,1,676337,4800,0,66623880
AHO,18,1.000,274710324,0.125,delta_star,50000,50000,217.2,20.47,0.0000,338539.0,339203,643303,676330,0,676337,4800,0,66623880
AHO,18,1.000,282992152,0.250,members,109,148,189969.9,46.09,0.4134,459503.0,459503,459503,459503,1,676337,4800,50085827,66623880
AHO,18,1.000,282992152,0.250,size,34006,50000,729.6,48.37,0.0000,459503.0,459503,459503,459503,1,676337,4800,0,66623880
AHO,18,1.000,282992152,0.250,delta_star,50000,50000,214.8,20.48,0.0000,339317.0,340755,641925,676307,0,676337,4800,0,66623880
AHO,18,1.000,291855787,0.375,members,99,129,209351.7,45.13,0.4115,508811.0,508811,508811,508811,1,676337,4800,50372289,66623880
AHO,18,1.000,291855787,0.375,size,37659,50000,683.5,45.48,0.0000,508811.0,508811,508811,508811,1,676337,4800,0,66623880
AHO,18,1.000,291855787,0.375,delta_star,50000,50000,216.1,20.47,0.0000,336122.7,337541,640541,676332,0,676337,4800,0,66623880
AHO,18,1.000,303327737,0.500,members,91,110,226933.8,42.95,0.4088,555096.0,555096,555096,555096,1,676337,4800,50513736,66623880
AHO,18,1.000,303327737,0.500,size,40934,50000,653.5,43.30,0.0000,555096.0,555096,555096,555096,1,676337,4800,0,66623880
AHO,18,1.000,303327737,0.500,delta_star,50000,50000,213.7,20.46,0.0000,337828.2,337747,643061,676312,0,676337,4800,0,66623880
AHO,18,1.000,316944793,0.625,members,86,103,236876.7,42.77,0.4070,581995.0,581995,581995,581995,1,676337,4800,50051570,66623880
AHO,18,1.000,316944793,0.625,size,42982,50000,617.2,42.07,0.0000,581995.0,581995,581995,581995,1,676337,4800,0,66623880
AHO,18,1.000,316944793,0.625,delta_star,50000,50000,212.3,20.47,0.0000,337106.9,335733,641828,676337,0,676337,4800,0,66623880
AHO,18,1.000,337487681,0.750,members,82,89,248873.8,40.55,0.4068,611711.0,611711,611711,611711,1,676337,4800,50160302,66623880
AHO,18,1.000,337487681,0.750,size,45249,50000,613.2,40.85,0.0000,611711.0,611711,611711,611711,1,676337,4800,0,66623880
AHO,18,1.000,337487681,0.750,delta_star,50000,50000,212.0,20.47,0.0000,337522.2,337604,642218,676335,0,676337,4800,0,66623880
AHO,18,1.000,375223599,0.875,members,79,81,260422.7,39.20,0.4081,638136.0,638136,638136,638136,1,676337,4800,50412744,66623880
AHO,18,1.000,375223599,0.875,size,47169,50000,552.9,39.84,0.0000,638136.0,638136,638136,638136,1,676337,4800,0,66623880
AHO,18,1.000,375223599,0.875,delta_star,50000,50000,211.1,20.47,0.0000,337726.2,337036,643372,676330,0,676337,4800,0,66623880
AHO,18,1.000,722637145,1.000,members,74,74,274311.1,38.66,0.4056,676337.0,676337,676337,676337,1,676337,4800,50048938,66623880
AHO,18,1.000,722637145,1.000,size,50000,50000,467.0,38.90,0.0000,676337.0,676337,676337,676337,1,676337,4800,0,66623880
AHO,18,1.000,722637145,1.000,delta_star,50000,50000,213.8,20.47,0.0000,337463.7,338955,641522,676318,0,676337,4800,0,66623880
EPI,1,0.007,4489200,0.125,members,4,4,6901038.0,55.75,0.5054,13655572.0,13655572,13655572,13655572,1,13668320,1234,54622288,13668320
EPI,1,0.007,4489200,0.125,size,50000,50000,1182.3,55.33,0.0000,13638912.2,13655572,13655572,13655572,62,13668320,1234,0,13668320
EPI,1,0.007,4489200,0.125,delta_star,50000,50000,481.7,25.07,0.0000,3014429.6,2257695,8315256,13666939,0,13668320,1234,0,13668320
EPI,1,0.007,8899200,0.250,members,4,4,6730005.5,65.25,0.4926,13662251.0,13662251,13662251,13662251,1,13668320,1234,54649004,13668320
EPI,1,0.007,8899200,0.250,size,50000,50000,1008.6,55.32,0.0000,13656786.1,13662251,13662251,13662251,21,13668320,1234,0,13668320
EPI,1,0.007,8899200,0.250,delta_star,50000,50000,484.3,25.05,0.0000,3044039.2,2284713,8349586,13667609,0,13668320,1234,0,13668320
EPI,1,0.007,13309200,0.375,members,4,4,6653497.8,64.00,0.4869,13664634.0,13664634,13664634,13664634,1,13668320,1234,54658536,13668320
EPI,1,0.007,13309200,0.375,size,50000,50000,1007.0,55.42,0.0000,13659441.4,13664634,13664634,13664634,20,13668320,1234,0,13668320
EPI,1,0.007,13309200,0.375,delta_star,50000,50000,483.0,25.06,0.0000,3022546.1,2269925,8325322,13666625,0,13668320,1234,0,13668320
EPI,1,0.007,17798400,0.500,members,4,4,6621090.0,57.50,0.4845,13665973.0,13665973,13665973,13665973,1,13668320,1234,54663892,13668320
EPI,1,0.007,17798400,0.500,size,50000,50000,999.4,55.50,0.0000,13663786.4,13665973,13665973,13665973,9,13668320,1234,0,13668320
EPI,1,0.007,17798400,0.500,delta_star,50000,50000,514.3,25.07,0.0000,3029993.9,2271005,8339068,13667543,0,13668320,1234,0,13668320
EPI,1,0.007,22208400,0.625,members,4,4,6913521.5,58.50,0.5059,13666668.0,13666668,13666668,13666668,1,13668320,1234,54666672,13668320
EPI,1,0.007,22208400,0.625,size,50000,50000,993.4,55.34,0.0000,13666121.3,13666668,13666668,13666668,3,13668320,1234,0,13668320
EPI,1,0.007,22208400,0.625,delta_star,50000,50000,477.3,25.06,0.0000,3025634.7,2232100,8336832,13667866,0,13668320,1234,0,13668320
EPI,1,0.007,27392400,0.750,members,4,4,6578108.0,67.00,0.4813,13667148.0,13667148,13667148,13667148,1,13668320,1234,54668592,13668320
EPI,1,0.007,27392400,0.750,size,50000,50000,999.4,55.38,0.0000,13666874.7,13667148,13667148,13667148,2,13668320,1234,0,13668320
EPI,1,0.007,27392400,0.750,delta_star,50000,50000,476.6,25.05,0.0000,3056552.4,2323411,8357611,13667894,0,13668320,1234,0,13668320
EPI,1,0.007,34387200,0.875,members,4,4,6585405.7,46.00,0.4818,13667548.0,13667548,13667548,13667548,1,13668320,1234,54670192,13668320
EPI,1,0.007,34387200,0.875,size,50000,50000,1002.3,55.39,0.0000,13667001.3,13667548,13667548,13667548,3,13668320,1234,0,13668320
EPI,1,0.007,34387200,0.875,delta_star,50000,50000,484.9,25.07,0.0000,3036100.3,2275329,8327518,13667821,0,13668320,1234,0,13668320
EPI,1,0.007,43628400,1.000,members,4,4,6912303.7,59.25,0.5057,13667905.0,13667905,13667905,13667905,1,13668320,1234,54671620,13668320
EPI,1,0.007,43628400,1.000,size,50000,50000,992.7,55.94,0.0000,13667358.3,13667905,13667905,13667905,3,13668320,1234,0,13668320
EPI,1,0.007,43628400,1.000,delta_star,50000,50000,477.1,25.04,0.0000,3039384.1,2300135,8309423,13667670,0,13668320,1234,0,13668320
EPI,38,0.252,4582800,0.125,members,9,10,2718289.1,53.33,0.4412,6160892.0,6160892,6160892,6160892,1,6713961,1226,55448028,13668320
EPI,38,0.252,4582800,0.125,size,45924,50000,1094.3,51.57,0.0000,6160892.0,6160892,6160892,6160892,1,6713961,1226,0,13668320
EPI,38,0.252,4582800,0.125,delta_star,50000,50000,405.6,23.76,0.0000,2588703.1,2082432,6381375,6713789,0,6713961,1226,0,13668320
EPI,38,0.252,8989200,0.250,members,8,8,2670178.4,55.38,0.4171,6402248.0,6402248,6402248,6402248,1,6713961,1226,51217984,13668320
EPI,38,0.252,8989200,0.250,size,47670,50000,1004.2,50.42,0.0000,6402248.0,6402248,6402248,6402248,1,6713961,1226,0,13668320
EPI,38,0.252,8989200,0.250,delta_star,50000,50000,403.6,23.76,0.0000,2589646.8,2092530,6383461,6713947,0,6713961,1226,0,13668320
EPI,38,0.252,13395600,0.375,members,8,8,2722744.5,54.38,0.4178,6516695.0,6516695,6516695,6516695,1,6713961,1226,52133560,13668320
EPI,38,0.252,13395600,0.375,size,48540,50000,1086.6,49.81,0.0000,6516695.0,6516695,6516695,6516695,1,6713961,1226,0,13668320
EPI,38,0.252,13395600,0.375,delta_star,50000,50000,398.6,23.75,0.0000,2596625.2,2106232,6372357,6713930,0,6713961,1226,0,13668320
EPI,38,0.252,17881200,0.500,members,8,8,2838336.0,49.75,0.4309,6587070.0,6587070,6587070,6587070,1,6713961,1226,52696560,13668320
EPI,38,0.252,17881200,0.500,size,49046,50000,953.8,49.46,0.0000,6587070.0,6587070,6587070,6587070,1,6713961,1226,0,13668320
EPI,38,0.252,17881200,0.500,delta_star,50000,50000,404.1,23.75,0.0000,2583215.4,2083165,6381947,6713912,0,6713961,1226,0,13668320
EPI,38,0.252,22287600,0.625,members,8,8,2806419.3,46.75,0.4229,6635358.0,6635358,6635358,6635358,1,6713961,1226,53082864,13668320
EPI,38,0.252,22287600,0.625,size,49435,50000,919.1,49.13,0.0000,6635358.0,6635358,6635358,6635358,1,6713961,1226,0,13668320
EPI,38,0.252,22287600,0.625,delta_star,50000,50000,396.6,23.76,0.0000,2582811.3,2088838,6377124,6713575,0,6713961,1226,0,13668320
EPI,38,0.252,27392400,0.750,members,8,8,2816782.4,47.00,0.4221,6672919.0,6672919,6672919,6672919,1,6713961,1226,53383352,13668320
EPI,38,0.252,27392400,0.750,size,49703,50000,903.6,49.04,0.0000,6672919.0,6672919,6672919,6672919,1,6713961,1226,0,13668320
EPI,38,0.252,27392400,0.750,delta_star,50000,50000,403.5,23.75,0.0000,2578434.8,2078252,6370641,6713920,0,6713961,1226,0,13668320
EPI,38,0.252,34470000,0.875,members,8,8,2832347.0,47.50,0.4229,6696863.0,6696863,6696863,6696863,1,6713961,1226,53574904,13668320
EPI,38,0.252,34470000,0.875,size,49887,50000,883.7,48.96,0.0000,6696863.0,6696863,6696863,6696863,1,6713961,1226,0,13668320
EPI,38,0.252,34470000,0.875,delta_star,50000,50000,400.8,23.76,0.0000,2580886.0,2092138,6368451,6713868,0,6713961,1226,0,13668320
EPI,38,0.252,43628400,1.000,members,8,8,2923332.0,47.25,0.4354,6713961.0,6713961,6713961,6713961,1,6713961,1226,53711688,13668320
EPI,38,0.252,43628400,1.000,size,50000,50000,841.6,49.28,0.0000,6713961.0,6713961,6713961,6713961,1,6713961,1226,0,13668320
EPI,38,0.252,43628400,1.000,delta_star,50000,50000,403.6,23.76,0.0000,2606636.8,2110931,6379598,6713952,0,6713961,1226,0,13668320
EPI,76,0.503,5958000,0.125,members,17,21,1231317.0,51.94,0.4082,3016379.0,3016379,3016379,3016379,1,3611024,1175,51278443,13668320
EPI,76,0.503,5958000,0.125,size,41636,50000,1087.2,50.44,0.0000,3016379.0,3016379,3016379,3016379,1,3611024,1175,0,13668320
EPI,76,0.503,5958000,0.125,delta_star,50000,50000,400.8,22.84,0.0000,1615481.0,1452235,3432977,3610979,0,3611024,1175,0,13668320
EPI,76,0.503,10191600,0.250,members,16,17,1866075.1,48.25,0.5661,3296350.0,3296350,3296350,3296350,1,3611024,1175,52741600,13668320
EPI,76,0.503,10191600,0.250,size,45683,50000,972.3,47.77,0.0000,3296350.0,3296350,3296350,3296350,1,3611024,1175,0,13668320
EPI,76,0.503,10191600,0.250,delta_star,50000,50000,391.3,22.84,0.0000,1608825.5,1441401,3430927,3610724,0,3611024,1175,0,13668320
EPI,76,0.503,14346000,0.375,members,15,15,1433574.1,45.87,0.4192,3419476.0,3419476,3419476,3419476,1,3611024,1175,51292140,13668320
EPI,76,0.503,14346000,0.375,size,47253,50000,935.0,46.80,0.0000,3419476.0,3419476,3419476,3419476,1,3611024,1175,0,13668320
EPI,76,0.503,14346000,0.375,delta_star,50000,50000,473.2,22.84,0.0000,1612188.5,1445582,3431060,3610916,0,3611024,1175,0,13668320
EPI,76,0.503,18579600,0.500,members,15,16,1416584.2,45.73,0.4051,3497110.0,3497110,3497110,3497110,1,3611024,1175,52456650,13668320
EPI,76,0.503,18579600,0.500,size,48484,50000,902.9,46.08,0.0000,3497110.0,3497110,3497110,3497110,1,3611024,1175,0,13668320
EPI,76,0.503,18579600,0.500,delta_star,50000,50000,351.9,22.84,0.0000,1612805.8,1447905,3426585,3611014,0,3611024,1175,0,13668320
EPI,76,0.503,22813200,0.625,members,15,15,1434988.3,44.80,0.4051,3542526.0,3542526,3542526,3542526,1,3611024,1175,53137890,13668320
EPI,76,0.503,22813200,0.625,size,49012,50000,964.7,45.76,0.0000,3542526.0,3542526,3542526,3542526,1,3611024,1175,0,13668320
EPI,76,0.503,22813200,0.625,delta_star,50000,50000,354.2,22.85,0.0000,1617056.4,1460338,3432992,3610993,0,3611024,1175,0,13668320
EPI,76,0.503,27997200,0.750,members,14,14,2130056.5,48.79,0.5954,3577367.0,3577367,3577367,3577367,1,3611024,1175,50083138,13668320
EPI,76,0.503,27997200,0.750,size,49521,50000,866.0,45.46,0.0000,3577367.0,3577367,3577367,3577367,1,3611024,1175,0,13668320
EPI,76,0.503,27997200,0.750,delta_star,50000,50000,350.2,22.84,0.0000,1611993.5,1447894,3428659,3610950,0,3611024,1175,0,13668320
EPI,76,0.503,34729200,0.875,members,14,14,1455881.6,44.64,0.4048,3596260.0,3596260,3596260,3596260,1,3611024,1175,50347640,13668320
EPI,76,0.503,34729200,0.875,size,49819,50000,1329.3,45.26,0.0000,3596260.0,3596260,3596260,3596260,1,3611024,1175,0,13668320
EPI,76,0.503,34729200,0.875,delta_star,50000,50000,353.6,22.84,0.0000,1618592.4,1456269,3438590,3610829,0,3611024,1175,0,13668320
EPI,76,0.503,43628400,1.000,members,14,14,1462168.6,44.29,0.4049,3611024.0,3611024,3611024,3611024,1,3611024,1175,50554336,13668320
EPI,76,0.503,43628400,1.000,size,50000,50000,820.7,45.56,0.0000,3611024.0,3611024,3611024,3611024,1,3611024,1175,0,13668320
EPI,76,0.503,43628400,1.000,delta_star,50000,50000,352.0,22.85,0.0000,1605264.5,1436543,3432404,3610941,0,3611024,1175,0,13668320
EPI,113,0.748,11577600,0.125,members,50,71,411818.1,49.82,0.4067,1012600.0,1012600,1012600,1012600,1,1448354,920,50630000,13668320
EPI,113,0.748,11577600,0.125,size,34899,50000,1051.8,50.27,0.0000,1012600.0,1012600,1012600,1012600,1,1448354,920,0,13668320
EPI,113,0.748,11577600,0.125,delta_star,50000,50000,383.4,21.56,0.0000,723356.7,724245,1377277,1448344,0,1448354,920,0,13668320
EPI,113,0.748,14864400,0.250,members,44,51,477077.8,44.41,0.4154,1148471.0,1148471,1148471,1148471,1,1448354,920,50532724,13668320
EPI,113,0.748,14864400,0.250,size,39607,50000,1723.1,46.62,0.0000,1148471.0,1148471,1148471,1148471,1,1448354,920,0,13668320
EPI,113,0.748,14864400,0.250,delta_star,50000,50000,312.4,21.55,0.0000,723865.5,721878,1374610,1448304,0,1448354,920,0,13668320
EPI,113,0.748,18226800,0.375,members,41,51,506702.4,46.24,0.4059,1248305.0,1248305,1248305,1248305,1,1448354,920,51180505,13668320
EPI,113,0.748,18226800,0.375,size,43067,50000,912.2,44.41,0.0000,1248305.0,1248305,1248305,1248305,1,1448354,920,0,13668320
EPI,113,0.748,18226800,0.375,delta_star,50000,50000,316.0,21.55,0.0000,723287.2,722444,1373986,1448311,0,1448354,920,0,13668320
EPI,113,0.748,21517200,0.500,members,38,40,537531.4,42.34,0.4079,1317956.0,1317956,1317956,1317956,1,1448354,920,50082328,13668320
EPI,113,0.748,21517200,0.500,size,45499,50000,1120.8,43.02,0.0000,1317956.0,1317956,1317956,1317956,1,1448354,920,0,13668320
EPI,113,0.748,21517200,0.500,delta_star,50000,50000,580.0,21.55,0.0000,723227.1,723830,1376444,1448288,0,1448354,920,0,13668320
EPI,113,0.748,24800400,0.625,members,37,38,561816.2,41.16,0.4146,1355029.0,1355029,1355029,1355029,1,1448354,920,50136073,13668320
EPI,113,0.748,24800400,0.625,size,46787,50000,861.4,42.31,0.0000,1355029.0,1355029,1355029,1355029,1,1448354,920,0,13668320
EPI,113,0.748,24800400,0.625,delta_star,50000,50000,311.7,21.55,0.0000,722530.7,721636,1375341,1448343,0,1448354,920,0,13668320
EPI,113,0.748,29635200,0.750,members,36,37,563948.4,41.33,0.4056,1390268.0,1390268,1390268,1390268,1,1448354,920,50049648,13668320
EPI,113,0.748,29635200,0.750,size,47972,50000,889.4,41.70,0.0000,1390268.0,1390268,1390268,1390268,1,1448354,920,0,13668320
EPI,113,0.748,29635200,0.750,delta_star,50000,50000,370.4,21.56,0.0000,723972.8,722498,1376689,1448349,0,1448354,920,0,13668320
EPI,113,0.748,36028800,0.875,members,36,37,594570.1,41.36,0.4190,1419095.0,1419095,1419095,1419095,1,1448354,920,51087420,13668320
EPI,113,0.748,36028800,0.875,size,48919,50000,795.1,41.20,0.0000,1419095.0,1419095,1419095,1419095,1,1448354,920,0,13668320
EPI,113,0.748,36028800,0.875,delta_star,50000,50000,317.1,21.55,0.0000,724579.0,726396,1375732,1448343,0,1448354,920,0,13668320
EPI,113,0.748,43628400,1.000,members,35,35,595910.7,41.31,0.4114,1448354.0,1448354,1448354,1448354,1,1448354,920,50692390,13668320
EPI,113,0.748,43628400,1.000,size,50000,50000,768.3,41.10,0.0000,1448354.0,1448354,1448354,1448354,1,1448354,920,0,13668320
EPI,113,0.748,43628400,1.000,delta_star,50000,50000,526.3,21.55,0.0000,726969.2,726868,1375105,1448342,0,1448354,920,0,13668320
EPI,151,1.000,20991600,0.125,members,1413,1443,15024.9,30.38,0.4245,35397.0,35397,35397,35397,1,36190,8,50015961,13668320
EPI,151,1.000,20991600,0.125,size,48862,50000,221.6,30.42,0.0000,35397.0,35397,35397,35397,1,36190,8,0,13668320
EPI,151,1.000,20991600,0.125,delta_star,50000,50000,99.8,16.24,0.0000,18073.2,18108,34370,36190,0,36190,8,0,13668320
EPI,151,1.000,21855600,0.250,members,1413,1446,14948.1,30.42,0.4223,35400.0,35400,35400,35400,1,36190,8,50020200,13668320
EPI,151,1.000,21855600,0.250,size,48891,50000,201.1,30.42,0.0000,35400.0,35400,35400,35400,1,36190,8,0,13668320
EPI,151,1.000,21855600,0.250,delta_star,50000,50000,97.4,16.24,0.0000,18100.8,18077,34408,36190,0,36190,8,0,13668320
EPI,151,1.000,22028400,0.375,members,1412,1445,15004.4,30.36,0.4236,35425.0,35425,35425,35425,1,36190,8,50020100,13668320
EPI,151,1.000,22028400,0.375,size,48967,50000,208.3,30.38,0.0000,35425.0,35425,35425,35425,1,36190,8,0,13668320
EPI,151,1.000,22028400,0.375,delta_star,50000,50000,96.8,16.23,0.0000,18123.8,18135,34381,36190,0,36190,8,0,13668320
EPI,151,1.000,22460400,0.500,members,1412,1437,14759.5,30.28,0.4166,35428.0,35428,35428,35428,1,36190,8,50024336,13668320
EPI,151,1.000,22460400,0.500,size,48908,50000,200.5,30.37,0.0000,35428.0,35428,35428,35428,1,36190,8,0,13668320
EPI,151,1.000,22460400,0.500,delta_star,50000,50000,98.5,16.24,0.0000,18084.8,18039,34428,36189,0,36190,8,0,13668320
EPI,151,1.000,22460400,0.625,members,1412,1444,15002.2,30.44,0.4235,35428.0,35428,35428,35428,1,36190,8,50024336,13668320
EPI,151,1.000,22460400,0.625,size,48938,50000,208.6,30.36,0.0000,35428.0,35428,35428,35428,1,36190,8,0,13668320
EPI,151,1.000,22460400,0.625,delta_star,50000,50000,101.6,16.24,0.0000,18072.5,18047,34417,36190,0,36190,8,0,13668320
EPI,151,1.000,22806000,0.750,members,1412,1448,15019.5,30.47,0.4239,35429.0,35429,35429,35429,1,36190,8,50025748,13668320
EPI,151,1.000,22806000,0.750,size,48947,50000,219.8,30.37,0.0000,35429.0,35429,35429,35429,1,36190,8,0,13668320
EPI,151,1.000,22806000,0.750,delta_star,50000,50000,102.5,16.24,0.0000,18038.9,18019,34382,36189,0,36190,8,0,13668320
EPI,151,1.000,22892400,0.875,members,1382,1382,15209.8,30.04,0.4203,36186.0,36186,36186,36186,1,36190,8,50009052,13668320
EPI,151,1.000,22892400,0.875,size,49995,50000,170.4,30.06,0.0000,36186.0,36186,36186,36186,1,36190,8,0,13668320
EPI,151,1.000,22892400,0.875,delta_star,50000,50000,102.3,16.24,0.0000,18068.8,18030,34386,36190,0,36190,8,0,13668320
EPI,151,1.000,23842800,1.000,members,1382,1382,15262.3,30.42,0.4217,36190.0,36190,36190,36190,1,36190,8,50014580,13668320
EPI,151,1.000,23842800,1.000,size,50000,50000,157.5,30.38,0.0000,36190.0,36190,36190,36190,1,36190,8,0,13668320
EPI,151,1.000,23842800,1.000,delta_star,50000,50000,103.1,16.26,0.0000,18032.8,18025,34346,36189,0,36190,8,0,13668320
HEPTH,1,0.002,10630800,0.125,members,23,23,885344.6,42.30,0.4047,2187394.7,2382384,2382384,2382384,3,2673133,1149,50310078,2673133
HEPTH,1,0.002,10630800,0.125,size,50000,50000,816.2,42.58,0.0000,2154505.6,2382384,2382384,2382384,95,2673133,1149,0,2673133
HEPTH,1,0.002,10630800,0.125,delta_star,50000,50000,454.6,22.84,0.0000,1060119.9,1041378,2245534,2672972,0,2673133,1149,0,2673133
HEPTH,1,0.002,20995200,0.250,members,25,25,853118.8,42.36,0.4168,2046808.3,2382384,2382384,2382384,2,2673133,1149,51170208,2673133
HEPTH,1,0.002,20995200,0.250,size,50000,50000,653.5,42.58,0.0000,2156599.4,2382384,2382384,2382384,60,2673133,1149,0,2673133
HEPTH,1,0.002,20995200,0.250,delta_star,50000,50000,301.9,22.80,0.0000,1063659.5,1045275,2252975,2672972,0,2673133,1149,0,2673133
HEPTH,1,0.002,34387200,0.375,members,21,21,996278.3,42.43,0.4182,2382384.0,2382384,2382384,2382384,1,2673133,1149,50030064,2673133
HEPTH,1,0.002,34387200,0.375,size,50000,50000,929.9,42.60,0.0000,2152777.8,2382384,2382384,2382384,27,2673133,1149,0,2673133
HEPTH,1,0.002,34387200,0.375,delta_star,50000,50000,306.7,22.81,0.0000,1064037.4,1044708,2249939,2672972,0,2673133,1149,0,2673133
HEPTH,1,0.002,49762800,0.500,members,21,21,963392.8,42.71,0.4044,2382384.0,2382384,2382384,2382384,1,2673133,1149,50030064,2673133
HEPTH,1,0.002,49762800,0.500,size,50000,50000,663.1,42.62,0.0000,2159388.2,2382384,2382384,2382384,12,2673133,1149,0,2673133
HEPTH,1,0.002,49762800,0.500,delta_star,50000,50000,335.6,22.80,0.0000,1054307.6,1037131,2240957,2672975,0,2673133,1149,0,2673133
HEPTH,1,0.002,68252400,0.625,members,25,25,840190.1,43.12,0.4103,2047556.0,2382384,2382384,2382384,2,2673133,1149,51188900,2673133
HEPTH,1,0.002,68252400,0.625,size,50000,50000,661.3,42.71,0.0000,2155326.9,2382384,2382384,2382384,16,2673133,1149,0,2673133
HEPTH,1,0.002,68252400,0.625,delta_star,50000,50000,305.8,22.80,0.0000,1069750.1,1056162,2251170,2672972,0,2673133,1149,0,2673133
HEPTH,1,0.002,87699601,0.750,members,19,19,1083276.6,43.16,0.4054,2672423.0,2672423,2672423,2672423,1,2673133,1149,50776037,2673133
HEPTH,1,0.002,87699601,0.750,size,50000,50000,705.4,43.54,0.0000,2671621.3,2672423,2672423,2672423,12,2673133,1149,0,2673133
HEPTH,1,0.002,87699601,0.750,delta_star,50000,50000,337.9,22.78,0.0000,1060391.0,1041040,2247432,2672566,0,2673133,1149,0,2673133
HEPTH,1,0.002,132192001,0.875,members,19,19,1081300.7,44.47,0.4046,2672598.0,2672598,2672598,2672598,1,2673133,1149,50779362,2673133
HEPTH,1,0.002,132192001,0.875,size,50000,50000,677.1,43.55,0.0000,2672116.9,2672598,2672598,2672598,5,2673133,1149,0,2673133
HEPTH,1,0.002,132192001,0.875,delta_star,50000,50000,313.2,22.80,0.0000,1065130.5,1054338,2247794,2672974,0,2673133,1149,0,2673133
HEPTH,1,0.002,266457601,1.000,members,19,19,1081424.8,44.42,0.4046,2672975.0,2672975,2672975,2672975,1,2673133,1149,50786525,2673133
HEPTH,1,0.002,266457601,1.000,size,50000,50000,650.7,43.99,0.0000,2672600.8,2672975,2672975,2672975,8,2673133,1149,0,2673133
HEPTH,1,0.002,266457601,1.000,delta_star,50000,50000,306.0,22.78,0.0000,1066991.3,1052810,2250589,2672768,0,2673133,1149,0,2673133
HEPTH,140,0.250,26438400,0.125,members,29,31,701595.7,43.34,0.4050,1732325.0,1732325,1732325,1732325,1,2004685,734,50237425,2673133
HEPTH,140,0.250,26438400,0.125,size,44107,50000,775.2,44.56,0.0000,1703298.3,1732325,1732325,1732325,2,2004685,734,0,2673133
HEPTH,140,0.250,26438400,0.125,delta_star,50000,50000,292.0,21.96,0.0000,940115.4,928486,1900671,2004677,0,2004685,734,0,2673133
HEPTH,140,0.250,42163200,0.250,members,29,33,723162.5,44.59,0.4175,1732325.0,1732325,1732325,1732325,1,2004685,734,50237425,2673133
HEPTH,140,0.250,42163200,0.250,size,44286,50000,873.5,44.41,0.0000,1685668.6,1732325,1732325,1732325,2,2004685,734,0,2673133
HEPTH,140,0.250,42163200,0.250,delta_star,50000,50000,377.4,21.96,0.0000,943819.3,934290,1905088,2004624,0,2004685,734,0,2673133
HEPTH,140,0.250,55119600,0.375,members,29,32,701385.7,44.41,0.4049,1732325.0,1732325,1732325,1732325,1,2004685,734,50237425,2673133
HEPTH,140,0.250,55119600,0.375,size,44645,50000,768.9,44.20,0.0000,1679518.4,1732325,1732325,1732325,2,2004685,734,0,2673133
HEPTH,140,0.250,55119600,0.375,delta_star,50000,50000,273.7,21.96,0.0000,938532.4,929918,1902997,2004652,0,2004685,734,0,2673133
HEPTH,140,0.250,71280001,0.500,members,28,28,735982.1,42.21,0.4048,1817981.0,1817981,1817981,1817981,1,2004685,734,50903468,2673133
HEPTH,140,0.250,71280001,0.500,size,45303,50000,748.0,44.52,0.0000,1817981.0,1817981,1817981,1817981,1,2004685,734,0,2673133
HEPTH,140,0.250,71280001,0.500,delta_star,50000,50000,275.9,21.96,0.0000,939221.1,930352,1903892,2004585,0,2004685,734,0,2673133
HEPTH,140,0.250,86572800,0.625,members,27,28,758790.6,42.22,0.4049,1874212.0,1874212,1874212,1874212,1,2004685,734,50603724,2673133
HEPTH,140,0.250,86572800,0.625,size,46692,50000,723.6,43.75,0.0000,1874212.0,1874212,1874212,1874212,1,2004685,734,0,2673133
HEPTH,140,0.250,86572800,0.625,delta_star,50000,50000,277.1,21.96,0.0000,937377.3,927825,1903827,2004685,0,2004685,734,0,2673133
HEPTH,140,0.250,107913600,0.750,members,26,27,791547.1,42.50,0.4097,1932161.0,1932161,1932161,1932161,1,2004685,734,50236186,2673133
HEPTH,140,0.250,107913600,0.750,size,48224,50000,699.8,42.95,0.0000,1932161.0,1932161,1932161,1932161,1,2004685,734,0,2673133
HEPTH,140,0.250,107913600,0.750,delta_star,50000,50000,316.7,21.96,0.0000,943195.0,930233,1905037,2004652,0,2004685,734,0,2673133
HEPTH,140,0.250,148093201,0.875,members,26,26,822419.7,41.35,0.4168,1973014.0,1973014,1973014,1973014,1,2004685,734,51298364,2673133
HEPTH,140,0.250,148093201,0.875,size,49208,50000,665.9,42.39,0.0000,1973014.0,1973014,1973014,1973014,1,2004685,734,0,2673133
HEPTH,140,0.250,148093201,0.875,delta_star,50000,50000,281.3,21.96,0.0000,940476.8,933824,1903630,2004652,0,2004685,734,0,2673133
HEPTH,140,0.250,266457601,1.000,members,25,25,819039.0,42.52,0.4086,2004685.0,2004685,2004685,2004685,1,2004685,734,50117125,2673133
HEPTH,140,0.250,266457601,1.000,size,50000,50000,592.0,42.39,0.0000,2004685.0,2004685,2004685,2004685,1,2004685,734,0,2673133
HEPTH,140,0.250,266457601,1.000,delta_star,50000,50000,430.4,21.96,0.0000,938770.6,930643,1904142,2004662,0,2004685,734,0,2673133
HEPTH,281,0.501,86655600,0.125,members,55,83,373324.2,51.02,0.4068,917720.0,917720,917720,917720,1,1188898,313,50474600,2673133
HEPTH,281,0.501,86655600,0.125,size,38655,50000,734.2,46.61,0.0000,917720.0,917720,917720,917720,1,1188898,313,0,2673133
HEPTH,281,0.501,86655600,0.125,delta_star,50000,50000,245.0,21.27,0.0000,593999.2,594887,1128712,1188885,0,1188898,313,0,2673133
HEPTH,281,0.501,94953600,0.250,members,53,67,402500.7,46.02,0.4200,958300.0,958300,958300,958300,1,1188898,313,50789900,2673133
HEPTH,281,0.501,94953600,0.250,size,40343,50000,782.7,45.45,0.0000,958300.0,958300,958300,958300,1,1188898,313,0,2673133
HEPTH,281,0.501,94953600,0.250,delta_star,50000,50000,260.9,21.27,0.0000,594389.1,597321,1127989,1188879,0,1188898,313,0,2673133
HEPTH,281,0.501,104889600,0.375,members,49,57,596286.5,43.92,0.5842,1020625.0,1020625,1020625,1020625,1,1188898,313,50010625,2673133
HEPTH,281,0.501,104889600,0.375,size,42956,50000,1025.1,43.82,0.0000,1020625.0,1020625,1020625,1020625,1,1188898,313,0,2673133
HEPTH,281,0.501,104889600,0.375,delta_star,50000,50000,247.4,21.27,0.0000,592303.6,592810,1130600,1188898,0,1188898,313,0,2673133
HEPTH,281,0.501,115772400,0.500,members,48,52,426608.5,42.23,0.4072,1047634.0,1047634,1047634,1047634,1,1188898,313,50286432,2673133
HEPTH,281,0.501,115772400,0.500,size,44092,50000,661.2,43.16,0.0000,1047634.0,1047634,1047634,1047634,1,1188898,313,0,2673133
HEPTH,281,0.501,115772400,0.500,delta_star,50000,50000,239.2,21.27,0.0000,591945.8,592174,1129680,1188879,0,1188898,313,0,2673133
HEPTH,281,0.501,134784001,0.625,members,45,45,457019.2,40.27,0.4102,1114100.0,1114100,1114100,1114100,1,1188898,313,50134500,2673133
HEPTH,281,0.501,134784001,0.625,size,46888,50000,621.3,41.65,0.0000,1114100.0,1114100,1114100,1114100,1,1188898,313,0,2673133
HEPTH,281,0.501,134784001,0.625,delta_star,50000,50000,236.7,21.26,0.0000,590517.1,587883,1125832,1188852,0,1188898,313,0,2673133
HEPTH,281,0.501,153450001,0.750,members,44,44,468029.3,40.05,0.4052,1155047.0,1155047,1155047,1155047,1,1188898,313,50822068,2673133
HEPTH,281,0.501,153450001,0.750,size,48566,50000,625.9,40.78,0.0000,1155047.0,1155047,1155047,1155047,1,1188898,313,0,2673133
HEPTH,281,0.501,153450001,0.750,delta_star,50000,50000,236.5,21.27,0.0000,593315.3,593288,1127862,1188881,0,1188898,313,0,2673133
HEPTH,281,0.501,184554001,0.875,members,43,43,478592.6,40.09,0.4050,1181761.0,1181761,1181761,1181761,1,1188898,313,50815723,2673133
HEPTH,281,0.501,184554001,0.875,size,49681,50000,674.3,40.22,0.0000,1181761.0,1181761,1181761,1181761,1,1188898,313,0,2673133
HEPTH,281,0.501,184554001,0.875,delta_star,50000,50000,257.7,21.28,0.0000,594010.9,594523,1128716,1188860,0,1188898,313,0,2673133
HEPTH,281,0.501,261187201,1.000,members,43,43,495937.4,40.60,0.4171,1188898.0,1188898,1188898,1188898,1,1188898,313,51122614,2673133
HEPTH,281,0.501,261187201,1.000,size,50000,50000,1037.0,40.47,0.0000,1188898.0,1188898,1188898,1188898,1,1188898,313,0,2673133
HEPTH,281,0.501,261187201,1.000,delta_star,50000,50000,243.1,21.27,0.0000,594712.4,595960,1130759,1188836,0,1188898,313,0,2673133
HEPTH,421,0.750,79750801,0.125,members,310,844,68283.0,70.91,0.4228,161501.0,161501,161501,161501,1,456498,179,50065310,2673133
HEPTH,421,0.750,79750801,0.125,size,17632,50000,867.0,73.05,0.0000,161501.0,161501,161501,161501,1,456498,179,0,2673133
HEPTH,421,0.750,79750801,0.125,delta_star,50000,50000,181.5,19.90,0.0000,228343.9,228394,434072,456489,0,456498,179,0,2673133
HEPTH,421,0.750,103161601,0.250,members,293,723,69949.8,66.13,0.4086,171202.0,171202,171202,171202,1,456498,179,50162186,2673133
HEPTH,421,0.750,103161601,0.250,size,18715,50000,782.7,69.96,0.0000,171202.0,171202,171202,171202,1,456498,179,0,2673133
HEPTH,421,0.750,103161601,0.250,delta_star,50000,50000,174.8,19.90,0.0000,228600.9,229255,433281,456496,0,456498,179,0,2673133
HEPTH,421,0.750,119149201,0.375,members,283,760,72318.6,70.12,0.4084,177061.0,177061,177061,177061,1,456498,179,50108263,2673133
HEPTH,421,0.750,119149201,0.375,size,19279,50000,770.8,68.46,0.0000,177061.0,177061,177061,177061,1,456498,179,0,2673133
HEPTH,421,0.750,119149201,0.375,delta_star,50000,50000,175.1,19.90,0.0000,228840.4,228326,433487,456480,0,456498,179,0,2673133
HEPTH,421,0.750,137462401,0.500,members,258,635,79080.3,65.93,0.4080,193815.0,193815,193815,193815,1,456498,179,50004270,2673133
HEPTH,421,0.750,137462401,0.500,size,21060,50000,736.5,64.30,0.0000,193815.0,193815,193815,193815,1,456498,179,0,2673133
HEPTH,421,0.750,137462401,0.500,delta_star,50000,50000,175.7,19.89,0.0000,229046.2,229461,434747,456496,0,456498,179,0,2673133
HEPTH,421,0.750,153363601,0.625,members,132,150,154979.6,40.30,0.4077,380097.0,380097,380097,380097,1,456498,179,50172804,2673133
HEPTH,421,0.750,153363601,0.625,size,41607,50000,530.0,41.61,0.0000,380097.0,380097,380097,380097,1,456498,179,0,2673133
HEPTH,421,0.750,153363601,0.625,delta_star,50000,50000,182.7,19.90,0.0000,228558.2,229157,433631,456489,0,456498,179,0,2673133
HEPTH,421,0.750,168998401,0.750,members,118,126,173146.5,38.84,0.4074,425055.0,425055,425055,425055,1,456498,179,50156490,2673133
HEPTH,421,0.750,168998401,0.750,size,46605,50000,480.0,38.95,0.0000,425055.0,425055,425055,425055,1,456498,179,0,2673133
HEPTH,421,0.750,168998401,0.750,delta_star,50000,50000,182.7,19.91,0.0000,227768.5,227720,433682,456482,0,456498,179,0,2673133
HEPTH,421,0.750,200534401,0.875,members,110,110,190643.7,37.49,0.4186,455378.0,455378,455378,455378,1,456498,179,50091580,2673133
HEPTH,421,0.750,200534401,0.875,size,49873,50000,438.9,37.36,0.0000,455378.0,455378,455378,455378,1,456498,179,0,2673133
HEPTH,421,0.750,200534401,0.875,delta_star,50000,50000,185.4,19.90,0.0000,228300.7,228862,433128,456480,0,456498,179,0,2673133
HEPTH,421,0.750,245466001,1.000,members,110,110,185967.7,37.45,0.4074,456498.0,456498,456498,456498,1,456498,179,50214780,2673133
HEPTH,421,0.750,245466001,1.000,size,50000,50000,367.3,37.72,0.0000,456498.0,456498,456498,456498,1,456498,179,0,2673133
HEPTH,421,0.750,245466001,1.000,delta_star,50000,50000,179.7,19.92,0.0000,228038.8,228701,433394,456489,0,456498,179,0,2673133
HEPTH,561,1.000,79664401,0.125,members,310,353,66668.3,37.64,0.4130,161430.0,161430,161430,161430,1,191419,170,50043300,2673133
HEPTH,561,1.000,79664401,0.125,size,42082,50000,403.3,38.59,0.0000,161430.0,161430,161430,161430,1,191419,170,0,2673133
HEPTH,561,1.000,79664401,0.125,delta_star,50000,50000,137.2,18.79,0.0000,95445.2,95531,181590,191417,0,191419,170,0,2673133
HEPTH,561,1.000,98064001,0.250,members,296,331,68711.2,37.23,0.4055,169462.0,169462,169462,169462,1,191419,170,50160752,2673133
HEPTH,561,1.000,98064001,0.250,size,44101,50000,357.3,37.56,0.0000,169462.0,169462,169462,169462,1,191419,170,0,2673133
HEPTH,561,1.000,98064001,0.250,delta_star,50000,50000,135.0,18.79,0.0000,94477.0,94170,181660,191416,0,191419,170,0,2673133
HEPTH,561,1.000,116470801,0.375,members,288,321,70490.5,37.11,0.4057,173748.0,173748,173748,173748,1,191419,170,50039424,2673133
HEPTH,561,1.000,116470801,0.375,size,45358,50000,353.8,36.95,0.0000,173748.0,173748,173748,173748,1,191419,170,0,2673133
HEPTH,561,1.000,116470801,0.375,delta_star,50000,50000,139.4,18.79,0.0000,95185.4,95038,181877,191411,0,191419,170,0,2673133
HEPTH,561,1.000,134956801,0.500,members,278,298,73530.1,36.37,0.4084,180039.0,180039,180039,180039,1,191419,170,50050842,2673133
HEPTH,561,1.000,134956801,0.500,size,47020,50000,336.9,36.16,0.0000,180039.0,180039,180039,180039,1,191419,170,0,2673133
HEPTH,561,1.000,134956801,0.500,delta_star,50000,50000,135.3,18.79,0.0000,95335.8,95393,181977,191419,0,191419,170,0,2673133
HEPTH,561,1.000,150685201,0.625,members,276,286,73583.6,35.84,0.4055,181472.0,181472,181472,181472,1,191419,170,50086272,2673133
HEPTH,561,1.000,150685201,0.625,size,47489,50000,335.2,35.97,0.0000,181472.0,181472,181472,181472,1,191419,170,0,2673133
HEPTH,561,1.000,150685201,0.625,delta_star,50000,50000,135.3,18.79,0.0000,95137.7,95105,182166,191417,0,191419,170,0,2673133
HEPTH,561,1.000,166665601,0.750,members,270,278,75179.8,35.44,0.4056,185372.0,185372,185372,185372,1,191419,170,50050440,2673133
HEPTH,561,1.000,166665601,0.750,size,48360,50000,344.1,35.56,0.0000,185372.0,185372,185372,185372,1,191419,170,0,2673133
HEPTH,561,1.000,166665601,0.750,delta_star,50000,50000,135.4,18.79,0.0000,95418.1,95443,181735,191411,0,191419,170,0,2673133
HEPTH,561,1.000,184899601,0.875,members,262,262,78014.9,34.93,0.4083,191089.0,191089,191089,191089,1,191419,170,50065318,2673133
HEPTH,561,1.000,184899601,0.875,size,49907,50000,312.2,34.85,0.0000,191089.0,191089,191089,191089,1,191419,170,0,2673133
HEPTH,561,1.000,184899601,0.875,delta_star,50000,50000,139.9,18.80,0.0000,95842.4,96003,182163,191419,0,191419,170,0,2673133
HEPTH,561,1.000,234748801,1.000,members,262,262,77402.2,35.04,0.4044,191419.0,191419,191419,191419,1,191419,170,50151778,2673133
HEPTH,561,1.000,234748801,1.000,size,50000,50000,293.5,35.27,0.0000,191419.0,191419,191419,191419,1,191419,170,0,2673133
HEPTH,561,1.000,234748801,1.000,delta_star,50000,50000,153.0,18.79,0.0000,95564.0,95659,181963,191419,0,191419,170,0,2673133
WT,1,0.001,163801,0.125,members,9,9,2439472.1,63.33,0.4188,5825461.0,5825461,5825461,5825461,1,6092321,1303032,52429149,6092321
WT,1,0.001,163801,0.125,size,50000,50000,1217.3,64.61,0.0000,5570203.8,5825461,5825461,5825461,1811,6092321,1303032,0,6092321
WT,1,0.001,163801,0.125,delta_star,50000,50000,683.0,28.65,0.0000,1605054.3,8789,5703174,6090019,0,6092321,1303032,0,6092321
WT,1,0.001,355135,0.250,members,9,9,2474583.2,51.22,0.4131,5990370.0,5990370,5990370,5990370,1,6092321,1303032,53913330,6092321
WT,1,0.001,355135,0.250,size,50000,50000,1436.0,65.30,0.0000,5892487.4,5990370,5990370,5990370,806,6092321,1303032,0,6092321
WT,1,0.001,355135,0.250,delta_star,50000,50000,670.1,28.65,0.0000,1610651.6,8515,5712453,6089963,0,6092321,1303032,0,6092321
WT,1,0.001,643919,0.375,members,9,9,2502273.8,74.22,0.4145,6036912.0,6036912,6036912,6036912,1,6092321,1303032,54332208,6092321
WT,1,0.001,643919,0.375,size,50000,50000,1159.0,65.33,0.0000,5984632.4,6036912,6036912,6036912,425,6092321,1303032,0,6092321
WT,1,0.001,643919,0.375,delta_star,50000,50000,667.7,28.69,0.0000,1599140.3,8152,5700925,6089850,0,6092321,1303032,0,6092321
WT,1,0.001,1196793,0.500,members,9,9,2547172.9,71.33,0.4202,6062037.0,6062037,6062037,6062037,1,6092321,1303032,54558333,6092321
WT,1,0.001,1196793,0.500,size,50000,50000,1137.6,65.38,0.0000,6034272.9,6062037,6062037,6062037,229,6092321,1303032,0,6092321
WT,1,0.001,1196793,0.500,delta_star,50000,50000,658.5,28.68,0.0000,1597747.4,8057,5703378,6089874,0,6092321,1303032,0,6092321
WT,1,0.001,2346743,0.625,members,9,9,2507212.2,64.56,0.4126,6076378.0,6076378,6076378,6076378,1,6092321,1303032,54687402,6092321
WT,1,0.001,2346743,0.625,size,50000,50000,1331.7,65.35,0.0000,6061065.5,6076378,6076378,6076378,126,6092321,1303032,0,6092321
WT,1,0.001,2346743,0.625,delta_star,50000,50000,649.0,28.67,0.0000,1598144.9,7607,5692727,6089555,0,6092321,1303032,0,6092321
WT,1,0.001,5184742,0.750,members,9,9,4001943.1,67.11,0.6577,6084429.0,6084429,6084429,6084429,1,6092321,1303032,54759861,6092321
WT,1,0.001,5184742,0.750,size,50000,50000,1107.8,65.36,0.0000,6075910.8,6084429,6084429,6084429,71,6092321,1303032,0,6092321
WT,1,0.001,5184742,0.750,delta_star,50000,50000,660.0,28.69,0.0000,1591938.8,7844,5701035,6089919,0,6092321,1303032,0,6092321
WT,1,0.001,13447243,0.875,members,9,9,2504280.3,68.89,0.4113,6088265.0,6088265,6088265,6088265,1,6092321,1303032,54794385,6092321
WT,1,0.001,13447243,0.875,size,50000,50000,1105.3,65.58,0.0000,6083881.5,6088265,6088265,6088265,34,6092321,1303032,0,6092321
WT,1,0.001,13447243,0.875,delta_star,50000,50000,673.3,28.69,0.0000,1582860.6,7369,5705078,6089693,0,6092321,1303032,0,6092321
WT,1,0.001,183991607,1.000,members,9,9,2508078.0,64.00,0.4118,6090020.0,6090020,6090020,6090020,1,6092321,1303032,54810180,6092321
WT,1,0.001,183991607,1.000,size,50000,50000,1075.8,66.00,0.0000,6088314.8,6090020,6090020,6090020,15,6092321,1303032,0,6092321
WT,1,0.001,183991607,1.000,delta_star,50000,50000,662.3,28.64,0.0000,1607937.2,9186,5700113,6089814,0,6092321,1303032,0,6092321
WT,396,0.250,15940769,0.125,members,214,1076,98315.4,123.38,0.4194,234422.0,234422,234422,234422,1,1160021,80291,50166308,6092321
WT,396,0.250,15940769,0.125,size,9975,50000,1626.5,122.93,0.0000,234422.0,234422,234422,234422,1,1160021,80291,0,6092321
WT,396,0.250,15940769,0.125,delta_star,50000,50000,247.8,21.29,0.0000,579275.7,579316,1104289,1160010,0,1160021,80291,0,6092321
WT,396,0.250,19939974,0.250,members,125,375,163764.2,82.16,0.4093,400065.0,400065,400065,400065,1,1160021,80291,50008125,6092321
WT,396,0.250,19939974,0.250,size,17204,50000,1797.6,80.02,0.0000,400065.0,400065,400065,400065,1,1160021,80291,0,6092321
WT,396,0.250,19939974,0.250,delta_star,50000,50000,220.0,21.30,0.0000,577949.4,579080,1100623,1159992,0,1160021,80291,0,6092321
WT,396,0.250,24120898,0.375,members,89,182,228712.1,62.64,0.4067,562327.0,562327,562327,562327,1,1160021,80291,50047103,6092321
WT,396,0.250,24120898,0.375,size,24262,50000,842.7,62.72,0.0000,562327.0,562327,562327,562327,1,1160021,80291,0,6092321
WT,396,0.250,24120898,0.375,delta_star,50000,50000,215.6,21.30,0.0000,577981.9,580062,1102829,1160001,0,1160021,80291,0,6092321
WT,396,0.250,29035372,0.500,members,74,120,275683.8,53.55,0.4060,679053.0,679053,679053,679053,1,1160021,80291,50249922,6092321
WT,396,0.250,29035372,0.500,size,29148,50000,756.7,55.55,0.0000,679053.0,679053,679053,679053,1,1160021,80291,0,6092321
WT,396,0.250,29035372,0.500,delta_star,50000,50000,213.6,21.29,0.0000,578677.8,579166,1100713,1160013,0,1160021,80291,0,6092321
WT,396,0.250,35221948,0.625,members,64,94,318822.4,50.55,0.4055,786197.0,786197,786197,786197,1,1160021,80291,50316608,6092321
WT,396,0.250,35221948,0.625,size,33822,50000,712.0,50.61,0.0000,786197.0,786197,786197,786197,1,1160021,80291,0,6092321
WT,396,0.250,35221948,0.625,delta_star,50000,50000,219.9,21.31,0.0000,578055.9,577569,1103252,1160007,0,1160021,80291,0,6092321
WT,396,0.250,43866939,0.750,members,55,64,371450.2,44.05,0.4052,916707.0,916707,916707,916707,1,1160021,80291,50418885,6092321
WT,396,0.250,43866939,0.750,size,39575,50000,652.5,46.07,0.0000,916707.0,916707,916707,916707,1,1160021,80291,0,6092321
WT,396,0.250,43866939,0.750,delta_star,50000,50000,212.5,21.30,0.0000,576349.5,575442,1104138,1160005,0,1160021,80291,0,6092321
WT,396,0.250,57462394,0.875,members,49,53,417306.3,42.35,0.4048,1030884.0,1030884,1030884,1030884,1,1160021,80291,50513316,6092321
WT,396,0.250,57462394,0.875,size,44349,50000,588.6,43.10,0.0000,1030884.0,1030884,1030884,1030884,1,1160021,80291,0,6092321
WT,396,0.250,57462394,0.875,delta_star,50000,50000,215.9,21.31,0.0000,577963.9,579706,1101012,1159992,0,1160021,80291,0,6092321
WT,396,0.250,160230618,1.000,members,44,44,469142.4,40.45,0.4044,1160021.0,1160021,1160021,1160021,1,1160021,80291,51040924,6092321
WT,396,0.250,160230618,1.000,size,50000,50000,426.2,40.54,0.0000,1160021.0,1160021,1160021,1160021,1,1160021,80291,0,6092321
WT,396,0.250,160230618,1.000,delta_star,50000,50000,216.2,21.29,0.0000,578402.7,582065,1100055,1160010,0,1160021,80291,0,6092321
WT,791,0.500,15569559,0.125,members,1780,50000,8679.5,533.50,1.0065,8623.0,9259,9259,9259,2,288151,4861,15348988,6092321
WT,791,0.500,15569559,0.125,size,1755,50000,4222.1,540.86,0.0000,8628.4,9259,9259,9259,2,288151,4861,0,6092321
WT,791,0.500,15569559,0.125,delta_star,50000,50000,197.8,19.40,0.0000,143307.8,143862,273470,288149,0,288151,4861,0,6092321
WT,791,0.500,21378606,0.250,members,3015,50000,7818.3,322.38,0.6030,12965.5,14840,14840,14840,3,288151,4861,39091004,6092321
WT,791,0.500,21378606,0.250,size,3058,50000,2470.2,317.88,0.0000,12973.9,14840,14840,14840,3,288151,4861,0,6092321
WT,791,0.500,21378606,0.250,delta_star,50000,50000,157.5,19.38,0.0000,143148.3,142996,273717,288146,0,288151,4861,0,6092321
WT,791,0.500,32383285,0.375,members,1558,14204,14511.1,187.42,0.4521,32096.0,32096,32096,32096,1,288151,4861,50005568,6092321
WT,791,0.500,32383285,0.375,size,5626,50000,1452.3,183.18,0.0000,32096.0,32096,32096,32096,1,288151,4861,0,6092321
WT,791,0.500,32383285,0.375,delta_star,50000,50000,149.4,19.37,0.0000,143562.8,143728,273660,288151,0,288151,4861,0,6092321
WT,791,0.500,40498145,0.500,members,888,4497,23885.1,112.58,0.4238,56355.0,56355,56355,56355,1,288151,4861,50043240,6092321
WT,791,0.500,40498145,0.500,size,9656,50000,958.6,114.64,0.0000,56355.0,56355,56355,56355,1,288151,4861,0,6092321
WT,791,0.500,40498145,0.500,delta_star,50000,50000,148.3,19.37,0.0000,143466.6,143798,273610,288151,0,288151,4861,0,6092321
WT,791,0.500,56700585,0.625,members,322,604,63484.9,53.45,0.4080,155617.0,155617,155617,155617,1,288151,4861,50108674,6092321
WT,791,0.500,56700585,0.625,size,27098,50000,502.8,52.80,0.0000,155617.0,155617,155617,155617,1,288151,4861,0,6092321
WT,791,0.500,56700585,0.625,delta_star,50000,50000,146.5,19.39,0.0000,143467.5,143852,273646,288150,0,288151,4861,0,6092321
WT,791,0.500,65974005,0.750,members,256,379,79592.6,45.83,0.4063,195889.0,195889,195889,195889,1,288151,4861,50147584,6092321
WT,791,0.500,65974005,0.750,size,34146,50000,447.0,45.59,0.0000,195889.0,195889,195889,195889,1,288151,4861,0,6092321
WT,791,0.500,65974005,0.750,delta_star,50000,50000,146.0,19.38,0.0000,143866.4,144278,273675,288151,0,288151,4861,0,6092321
WT,791,0.500,77181094,0.875,members,196,222,103804.6,38.85,0.4061,255598.0,255598,255598,255598,1,288151,4861,50097208,6092321
WT,791,0.500,77181094,0.875,size,44345,50000,365.5,38.97,0.0000,255598.0,255598,255598,255598,1,288151,4861,0,6092321
WT,791,0.500,77181094,0.875,delta_star,50000,50000,146.9,19.37,0.0000,143162.0,143831,273075,288145,0,288151,4861,0,6092321
WT,791,0.500,173427372,1.000,members,174,174,116736.5,36.94,0.4051,288151.0,288151,288151,288151,1,288151,4861,50138274,6092321
WT,791,0.500,173427372,1.000,size,50000,50000,231.5,36.66,0.0000,288151.0,288151,288151,288151,1,288151,4861,0,6092321
WT,791,0.500,173427372,1.000,delta_star,50000,50000,146.8,19.38,0.0000,143363.0,143281,273642,288149,0,288151,4861,0,6092321
WT,1187,0.750,10437857,0.125,members,9094,50000,1641.9,90.99,0.6231,2635.0,2635,2635,2635,1,14185,627,23962690,6092321
WT,1187,0.750,10437857,0.125,size,9355,50000,550.7,88.93,0.0000,2635.0,2635,2635,2635,1,14185,627,0,6092321
WT,1187,0.750,10437857,0.125,delta_star,50000,50000,90.4,16.45,0.0000,4834.6,2886,12083,12792,0,14185,627,0,6092321
WT,1187,0.750,11491126,0.250,members,14810,50000,1349.9,60.20,0.5727,2357.2,2850,2850,2850,2,14185,627,34909860,6092321
WT,1187,0.750,11491126,0.250,size,14907,50000,383.6,59.96,0.0000,2373.1,2850,2850,2850,2,14185,627,0,6092321
WT,1187,0.750,11491126,0.250,delta_star,50000,50000,89.2,16.45,0.0000,4890.2,4404,12079,12792,0,14185,627,0,6092321
WT,1187,0.750,18065261,0.375,members,11356,36160,2191.9,61.91,0.4978,4403.0,4403,4403,4403,1,14185,627,50000468,6092321
WT,1187,0.750,18065261,0.375,size,15558,50000,390.3,62.38,0.0000,4403.0,4403,4403,4403,1,14185,627,0,6092321
WT,1187,0.750,18065261,0.375,delta_star,50000,50000,89.6,16.42,0.0000,4876.5,4401,12073,12792,0,14185,627,0,6092321
WT,1187,0.750,25485326,0.500,members,6699,12652,3352.2,42.72,0.4491,7464.0,7464,7464,7464,1,14185,627,50001336,6092321
WT,1187,0.750,25485326,0.500,size,26497,50000,270.3,42.73,0.0000,7464.0,7464,7464,7464,1,14185,627,0,6092321
WT,1187,0.750,25485326,0.500,delta_star,50000,50000,91.8,16.43,0.0000,4882.2,4386,12082,12791,0,14185,627,0,6092321
WT,1187,0.750,32366005,0.625,members,7477,11841,2944.9,37.63,0.4404,6687.3,7608,7608,7608,2,14185,627,50001272,6092321
WT,1187,0.750,32366005,0.625,size,31792,50000,227.0,37.48,0.0000,6636.8,7608,7608,7608,2,14185,627,0,6092321
WT,1187,0.750,32366005,0.625,delta_star,50000,50000,89.9,16.40,0.0000,4911.4,4460,12074,12792,0,14185,627,0,6092321
WT,1187,0.750,36951910,0.750,members,4888,5451,4331.3,30.96,0.4234,10229.7,11284,11284,11284,2,14185,627,50002981,6092321
WT,1187,0.750,36951910,0.750,size,44862,50000,182.3,30.97,0.0000,10187.1,11284,11284,11284,2,14185,627,0,6092321
WT,1187,0.750,36951910,0.750,delta_star,50000,50000,91.7,16.42,0.0000,4877.3,4381,12067,12792,0,14185,627,0,6092321
WT,1187,0.750,40369345,0.875,members,4848,5367,4376.7,30.84,0.4243,10314.1,11430,11430,11430,2,14185,627,50002697,6092321
WT,1187,0.750,40369345,0.875,size,45231,50000,175.9,30.81,0.0000,10318.5,11430,11430,11430,2,14185,627,0,6092321
WT,1187,0.750,40369345,0.875,delta_star,50000,50000,90.3,16.44,0.0000,4914.3,4460,12097,12792,0,14185,627,0,6092321
WT,1187,0.750,63682645,1.000,members,4302,4302,4833.0,29.03,0.4158,11623.5,12792,12792,12792,2,14185,627,50004225,6092321
WT,1187,0.750,63682645,1.000,size,50000,50000,120.5,29.20,0.0000,11680.8,12792,12792,12792,2,14185,627,0,6092321
WT,1187,0.750,63682645,1.000,delta_star,50000,50000,90.0,16.45,0.0000,4871.2,2937,12062,12792,0,14185,627,0,6092321
WT,1582,1.000,88799810,0.125,members,19194,19194,1163.3,22.85,0.4466,2605.0,2605,2605,2605,1,2605,1,50000370,6092321
WT,1582,1.000,88799810,0.125,size,50000,50000,87.4,22.85,0.0000,2605.0,2605,2605,2605,1,2605,1,0,6092321
WT,1582,1.000,88799810,0.125,delta_star,50000,50000,68.0,13.20,0.0000,1305.3,1300,2479,2605,0,2605,1,0,6092321
WT,1582,1.000,88799810,0.250,members,19194,19194,1156.7,22.85,0.4440,2605.0,2605,2605,2605,1,2605,1,50000370,6092321
WT,1582,1.000,88799810,0.250,size,50000,50000,87.8,22.86,0.0000,2605.0,2605,2605,2605,1,2605,1,0,6092321
WT,1582,1.000,88799810,0.250,delta_star,50000,50000,68.7,13.21,0.0000,1299.4,1295,2474,2605,0,2605,1,0,6092321
WT,1582,1.000,88799810,0.375,members,19194,19194,1148.0,22.86,0.4407,2605.0,2605,2605,2605,1,2605,1,50000370,6092321
WT,1582,1.000,88799810,0.375,size,50000,50000,87.4,22.85,0.0000,2605.0,2605,2605,2605,1,2605,1,0,6092321
WT,1582,1.000,88799810,0.375,delta_star,50000,50000,68.6,13.21,0.0000,1302.9,1304,2477,2605,0,2605,1,0,6092321
WT,1582,1.000,88799810,0.500,members,19194,19194,1148.7,22.86,0.4410,2605.0,2605,2605,2605,1,2605,1,50000370,6092321
WT,1582,1.000,88799810,0.500,size,50000,50000,87.5,22.86,0.0000,2605.0,2605,2605,2605,1,2605,1,0,6092321
WT,1582,1.000,88799810,0.500,delta_star,50000,50000,68.2,13.22,0.0000,1304.1,1301,2474,2605,0,2605,1,0,6092321
WT,1582,1.000,88799810,0.625,members,19194,19194,1149.6,22.86,0.4413,2605.0,2605,2605,2605,1,2605,1,50000370,6092321
WT,1582,1.000,88799810,0.625,size,50000,50000,87.5,22.87,0.0000,2605.0,2605,2605,2605,1,2605,1,0,6092321
WT,1582,1.000,88799810,0.625,delta_star,50000,50000,68.4,13.20,0.0000,1303.0,1298,2473,2605,0,2605,1,0,6092321
WT,1582,1.000,88799810,0.750,members,19194,19194,1147.8,22.84,0.4406,2605.0,2605,2605,2605,1,2605,1,50000370,6092321
WT,1582,1.000,88799810,0.750,size,50000,50000,87.3,22.86,0.0000,2605.0,2605,2605,2605,1,2605,1,0,6092321
WT,1582,1.000,88799810,0.750,delta_star,50000,50000,67.9,13.19,0.0000,1303.7,1310,2472,2605,0,2605,1,0,6092321
WT,1582,1.000,88799810,0.875,members,19194,19194,1148.7,22.87,0.4410,2605.0,2605,2605,2605,1,2605,1,50000370,6092321
WT,1582,1.000,88799810,0.875,size,50000,50000,87.4,22.86,0.0000,2605.0,2605,2605,2605,1,2605,1,0,6092321
WT,1582,1.000,88799810,0.875,delta_star,50000,50000,68.5,13.21,0.0000,1303.5,1302,2477,2605,0,2605,1,0,6092321
WT,1582,1.000,88799810,1.000,members,19194,19194,1149.4,22.83,0.4412,2605.0,2605,2605,2605,1,2605,1,50000370,6092321
WT,1582,1.000,88799810,1.000,size,50000,50000,87.5,22.87,0.0000,2605.0,2605,2605,2605,1,2605,1,0,6092321
WT,1582,1.000,88799810,1.000,delta_star,50000,50000,68.1,13.16,0.0000,1296.9,1292,2473,2605,0,2605,1,0,6092321
BRIGHTKITE,1,0.000,131023,0.125,members,58,58,374546.1,40.05,0.4183,895473.4,173,1997509,1997509,33,4702731,1044844,51937460,4702731
BRIGHTKITE,1,0.000,131023,0.125,size,50000,50000,1387.8,38.96,0.0000,845456.9,177,1997509,1997509,23071,4702731,1044844,0,4702731
BRIGHTKITE,1,0.000,131023,0.125,delta_star,50000,50000,895.0,28.96,0.0000,1046549.1,236,4012693,4524222,0,4702731,1044844,0,4702731
BRIGHTKITE,1,0.000,271005,0.250,members,30,30,717804.8,43.20,0.4105,1748666.4,2914277,2914277,2914277,13,4702731,1044844,52459991,4702731
BRIGHTKITE,1,0.000,271005,0.250,size,50000,50000,1534.4,43.03,0.0000,1796553.6,2914277,2914277,2914277,13809,4702731,1044844,0,4702731
BRIGHTKITE,1,0.000,271005,0.250,delta_star,50000,50000,902.4,28.94,0.0000,1067733.0,248,4023756,4523985,0,4702731,1044844,0,4702731
BRIGHTKITE,1,0.000,461829,0.375,members,20,20,1046712.5,42.35,0.4089,2559706.8,3412874,3412874,3412874,6,4702731,1044844,51194136,4702731
BRIGHTKITE,1,0.000,461829,0.375,size,50000,50000,1544.7,45.16,0.0000,2468606.5,3412874,3412874,3412874,9186,4702731,1044844,0,4702731
BRIGHTKITE,1,0.000,461829,0.375,delta_star,50000,50000,924.4,28.92,0.0000,1060391.4,243,4019593,4523978,0,4702731,1044844,0,4702731
BRIGHTKITE,1,0.000,761425,0.500,members,17,17,1283177.9,53.41,0.4109,3122792.4,3791750,3791750,3791750,4,4702731,1044844,53087470,4702731
BRIGHTKITE,1,0.000,761425,0.500,size,50000,50000,1553.7,46.74,0.0000,3049775.9,3791750,3791750,3791750,5959,4702731,1044844,0,4702731
BRIGHTKITE,1,0.000,761425,0.500,delta_star,50000,50000,891.8,28.96,0.0000,1048826.8,232,3987442,4523644,0,4702731,1044844,0,4702731
BRIGHTKITE,1,0.000,1302363,0.625,members,17,17,1275051.2,44.06,0.4130,3087618.8,4037600,4037600,4037600,5,4702731,1044844,52489520,4702731
BRIGHTKITE,1,0.000,1302363,0.625,size,50000,50000,1526.4,47.49,0.0000,3457217.6,4037600,4037600,4037600,3980,4702731,1044844,0,4702731
BRIGHTKITE,1,0.000,1302363,0.625,delta_star,50000,50000,885.9,28.94,0.0000,1059004.4,236,4023445,4523579,0,4702731,1044844,0,4702731
BRIGHTKITE,1,0.000,2512412,0.750,members,14,14,1487747.1,46.43,0.4113,3616784.1,4219408,4219408,4219408,3,4702731,1044844,50634977,4702731
BRIGHTKITE,1,0.000,2512412,0.750,size,50000,50000,1562.3,48.08,0.0000,3778029.3,4219408,4219408,4219408,2535,4702731,1044844,0,4702731
BRIGHTKITE,1,0.000,2512412,0.750,delta_star,50000,50000,889.5,28.94,0.0000,1068059.4,249,4027595,4524225,0,4702731,1044844,0,4702731
BRIGHTKITE,1,0.000,6039623,0.875,members,13,13,1686382.6,47.38,0.4166,4047543.8,4384838,4384838,4384838,2,4702731,1044844,52618070,4702731
BRIGHTKITE,1,0.000,6039623,0.875,size,50000,50000,1526.7,48.86,0.0000,4096276.0,4384838,4384838,4384838,1379,4702731,1044844,0,4702731
BRIGHTKITE,1,0.000,6039623,0.875,delta_star,50000,50000,909.6,28.93,0.0000,1050928.3,241,4012713,4523899,0,4702731,1044844,0,4702731
BRIGHTKITE,1,0.000,76972528,1.000,members,12,12,1993148.1,49.75,0.4405,4524720.0,4524720,4524720,4524720,1,4702731,1044844,54296640,4702731
BRIGHTKITE,1,0.000,76972528,1.000,size,50000,50000,1494.8,49.64,0.0000,4353448.9,4524720,4524720,4524720,664,4702731,1044844,0,4702731
BRIGHTKITE,1,0.000,76972528,1.000,delta_star,50000,50000,882.7,28.94,0.0000,1050763.9,236,4006750,4523978,0,4702731,1044844,0,4702731
BRIGHTKITE,525,0.250,2341340,0.125,members,613,2947,35905.3,115.41,0.4401,81585.5,118016,118016,118016,42,890606,102056,50011917,4702731
BRIGHTKITE,525,0.250,2341340,0.125,size,9831,50000,1520.6,120.50,0.0000,80485.1,118016,118016,118016,43,890606,102056,0,4702731
BRIGHTKITE,525,0.250,2341340,0.125,delta_star,50000,50000,261.6,23.45,0.0000,82943.0,803,495025,634578,0,890606,102056,0,4702731
BRIGHTKITE,525,0.250,4690262,0.250,members,574,1630,36554.6,74.22,0.4191,87223.2,159804,159804,159804,104,890606,102056,50066141,4702731
BRIGHTKITE,525,0.250,4690262,0.250,size,17316,50000,1030.2,74.88,0.0000,83706.5,159804,159804,159804,128,890606,102056,0,4702731
BRIGHTKITE,525,0.250,4690262,0.250,delta_star,50000,50000,247.1,23.50,0.0000,85232.4,821,495632,634587,0,890606,102056,0,4702731
BRIGHTKITE,525,0.250,7443272,0.375,members,546,1145,38259.7,58.69,0.4177,91603.5,2100,192983,192983,130,890606,102056,50015508,4702731
BRIGHTKITE,525,0.250,7443272,0.375,size,23257,50000,815.5,59.57,0.0000,90483.1,2093,192983,192983,186,890606,102056,0,4702731
BRIGHTKITE,525,0.250,7443272,0.375,delta_star,50000,50000,228.2,23.54,0.0000,84847.0,829,494266,634581,0,890606,102056,0,4702731
BRIGHTKITE,525,0.250,10812998,0.500,members,409,697,50747.9,51.85,0.4144,122457.8,240495,240495,240495,132,890606,102056,50085237,4702731
BRIGHTKITE,525,0.250,10812998,0.500,size,29233,50000,724.9,51.08,0.0000,111858.5,2097,240495,240495,231,890606,102056,0,4702731
BRIGHTKITE,525,0.250,10812998,0.500,delta_star,50000,50000,242.8,23.54,0.0000,82935.9,800,493513,634592,0,890606,102056,0,4702731
BRIGHTKITE,525,0.250,14954795,0.625,members,308,425,68711.7,45.18,0.4225,162639.9,311651,311651,311651,106,890606,102056,50093077,4702731
BRIGHTKITE,525,0.250,14954795,0.625,size,35191,50000,681.5,46.06,0.0000,154673.6,3630,311651,311651,260,890606,102056,0,4702731
BRIGHTKITE,525,0.250,14954795,0.625,delta_star,50000,50000,237.3,23.53,0.0000,83550.8,795,488485,634554,0,890606,102056,0,4702731
BRIGHTKITE,525,0.250,19827428,0.750,members,224,291,92142.1,44.64,0.4109,224257.6,388298,388298,388298,75,890606,102056,50233713,4702731
BRIGHTKITE,525,0.250,19827428,0.750,size,40021,50000,632.9,43.41,0.0000,213390.5,388298,388298,388298,260,890606,102056,0,4702731
BRIGHTKITE,525,0.250,19827428,0.750,delta_star,50000,50000,236.3,23.50,0.0000,83952.5,816,494259,634538,0,890606,102056,0,4702731
BRIGHTKITE,525,0.250,27924414,0.875,members,158,180,129398.8,42.39,0.4078,317343.8,490734,490734,490734,50,890606,102056,50140315,4702731
BRIGHTKITE,525,0.250,27924414,0.875,size,45271,50000,569.3,41.14,0.0000,298524.1,490734,490734,490734,251,890606,102056,0,4702731
BRIGHTKITE,525,0.250,27924414,0.875,delta_star,50000,50000,241.7,23.45,0.0000,84020.8,818,490795,634592,0,890606,102056,0,4702731
BRIGHTKITE,525,0.250,76506131,1.000,members,120,120,175813.4,39.56,0.4203,418324.3,634599,634599,634599,40,890606,102056,50198917,4702731
BRIGHTKITE,525,0.250,76506131,1.000,size,50000,50000,505.7,40.39,0.0000,451094.8,634599,634599,634599,212,890606,102056,0,4702731
BRIGHTKITE,525,0.250,76506131,1.000,delta_star,50000,50000,249.3,23.45,0.0000,83640.0,805,495485,634561,0,890606,102056,0,4702731
BRIGHTKITE,1050,0.500,1581958,0.125,members,1145,5934,19639.4,116.09,0.4492,43721.4,65172,65172,65172,17,497855,43316,50061046,4702731
BRIGHTKITE,1050,0.500,1581958,0.125,size,9767,50000,1249.4,114.78,0.0000,44196.4,65172,65172,65172,17,497855,43316,0,4702731
BRIGHTKITE,1050,0.500,1581958,0.125,delta_star,50000,50000,208.6,22.02,0.0000,33854.5,1014,189195,297657,0,497855,43316,0,4702731
BRIGHTKITE,1050,0.500,5542811,0.250,members,643,1968,32676.0,75.47,0.4193,77934.1,113545,113545,113545,30,497855,43316,50111599,4702731
BRIGHTKITE,1050,0.500,5542811,0.250,size,16947,50000,782.4,73.34,0.0000,78280.9,113545,113545,113545,30,497855,43316,0,4702731
BRIGHTKITE,1050,0.500,5542811,0.250,delta_star,50000,50000,191.9,21.99,0.0000,33445.2,1007,185230,297661,0,497855,43316,0,4702731
BRIGHTKITE,1050,0.500,9017581,0.375,members,618,1289,33986.2,56.05,0.4198,80957.6,141236,141236,141236,59,497855,43316,50031783,4702731
BRIGHTKITE,1050,0.500,9017581,0.375,size,23448,50000,636.9,57.39,0.0000,85631.4,141236,141236,141236,59,497855,43316,0,4702731
BRIGHTKITE,1050,0.500,9017581,0.375,delta_star,50000,50000,186.8,21.92,0.0000,33704.5,1008,189371,297649,0,497855,43316,0,4702731
BRIGHTKITE,1050,0.500,13580940,0.500,members,559,940,37073.1,48.40,0.4145,89446.3,157928,157928,157928,81,497855,43316,50000479,4702731
BRIGHTKITE,1050,0.500,13580940,0.500,size,29480,50000,543.9,48.58,0.0000,86782.7,157928,157928,157928,86,497855,43316,0,4702731
BRIGHTKITE,1050,0.500,13580940,0.500,delta_star,50000,50000,200.4,22.01,0.0000,33742.5,1005,189451,297617,0,497855,43316,0,4702731
BRIGHTKITE,1050,0.500,18232816,0.625,members,606,854,34084.7,42.55,0.4130,82521.5,2100,171067,171067,96,497855,43316,50008001,4702731
BRIGHTKITE,1050,0.500,18232816,0.625,size,34168,50000,481.9,43.69,0.0000,85936.0,3497,171067,171067,104,497855,43316,0,4702731
BRIGHTKITE,1050,0.500,18232816,0.625,delta_star,50000,50000,183.1,21.95,0.0000,34240.3,1011,189784,297660,0,497855,43316,0,4702731
BRIGHTKITE,1050,0.500,25185191,0.750,members,471,592,43480.8,40.56,0.4095,106173.3,200085,200085,200085,102,497855,43316,50007615,4702731
BRIGHTKITE,1050,0.500,25185191,0.750,size,39900,50000,429.7,39.92,0.0000,101341.0,200085,200085,200085,122,497855,43316,0,4702731
BRIGHTKITE,1050,0.500,25185191,0.750,delta_star,50000,50000,184.6,21.97,0.0000,33992.1,1017,189212,297628,0,497855,43316,0,4702731
BRIGHTKITE,1050,0.500,34071285,0.875,members,466,515,44065.7,37.18,0.4105,107340.4,3325,225377,225377,115,497855,43316,50020625,4702731
BRIGHTKITE,1050,0.500,34071285,0.875,size,44753,50000,394.7,37.36,0.0000,113745.9,225377,225377,225377,136,497855,43316,0,4702731
BRIGHTKITE,1050,0.500,34071285,0.875,delta_star,50000,50000,196.0,21.94,0.0000,33752.9,1008,189334,297650,0,497855,43316,0,4702731
BRIGHTKITE,1050,0.500,74385979,1.000,members,280,280,73582.5,37.10,0.4103,179331.6,297664,297664,297664,65,497855,43316,50212855,4702731
BRIGHTKITE,1050,0.500,74385979,1.000,size,50000,50000,343.3,36.53,0.0000,179689.8,297664,297664,297664,123,497855,43316,0,4702731
BRIGHTKITE,1050,0.500,74385979,1.000,delta_star,50000,50000,191.7,21.98,0.0000,33360.3,1002,189162,297664,0,497855,43316,0,4702731
BRIGHTKITE,1575,0.750,1639150,0.125,members,2545,11699,9153.7,98.97,0.4658,19652.4,34228,34228,34228,14,291464,15889,50015429,4702731
BRIGHTKITE,1575,0.750,1639150,0.125,size,10606,50000,941.3,101.24,0.0000,19834.2,34228,34228,34228,14,291464,15889,0,4702731
BRIGHTKITE,1575,0.750,1639150,0.125,delta_star,50000,50000,189.3,20.62,0.0000,21058.2,1424,94358,161863,0,291464,15889,0,4702731
BRIGHTKITE,1575,0.750,3351538,0.250,members,1320,3839,16277.6,68.50,0.4297,37880.1,59904,59904,59904,19,291464,15889,50001666,4702731
BRIGHTKITE,1575,0.750,3351538,0.250,size,16702,50000,666.8,70.04,0.0000,37301.2,59904,59904,59904,19,291464,15889,0,4702731
BRIGHTKITE,1575,0.750,3351538,0.250,delta_star,50000,50000,169.0,20.58,0.0000,20977.5,1428,94175,161858,0,291464,15889,0,4702731
BRIGHTKITE,1575,0.750,8055116,0.375,members,849,1665,24569.1,51.02,0.4166,58975.8,90384,90384,90384,27,291464,15889,50070473,4702731
BRIGHTKITE,1575,0.750,8055116,0.375,size,24526,50000,512.1,52.38,0.0000,57944.2,90384,90384,90384,27,291464,15889,0,4702731
BRIGHTKITE,1575,0.750,8055116,0.375,delta_star,50000,50000,164.0,20.61,0.0000,20844.2,1424,93460,161853,0,291464,15889,0,4702731
BRIGHTKITE,1575,0.750,11656721,0.500,members,895,1534,23643.3,45.92,0.4227,55935.0,98530,98530,98530,37,291464,15889,50061864,4702731
BRIGHTKITE,1575,0.750,11656721,0.500,size,29959,50000,439.8,45.14,0.0000,56451.2,98530,98530,98530,37,291464,15889,0,4702731
BRIGHTKITE,1575,0.750,11656721,0.500,delta_star,50000,50000,161.7,20.59,0.0000,20938.8,1431,94109,163539,0,291464,15889,0,4702731
BRIGHTKITE,1575,0.750,17760792,0.625,members,774,1137,26827.0,42.12,0.4151,64622.0,113298,113298,113298,43,291464,15889,50017444,4702731
BRIGHTKITE,1575,0.750,17760792,0.625,size,34703,50000,396.5,41.43,0.0000,64558.1,113298,113298,113298,43,291464,15889,0,4702731
BRIGHTKITE,1575,0.750,17760792,0.625,delta_star,50000,50000,162.5,20.60,0.0000,20890.5,1420,93816,163539,0,291464,15889,0,4702731
BRIGHTKITE,1575,0.750,24622185,0.750,members,823,1022,25143.2,37.53,0.4137,60781.5,117013,117013,117013,58,291464,15889,50023215,4702731
BRIGHTKITE,1575,0.750,24622185,0.750,size,40365,50000,347.1,37.30,0.0000,59570.1,4010,117013,117013,58,291464,15889,0,4702731
BRIGHTKITE,1575,0.750,24622185,0.750,delta_star,50000,50000,163.8,20.59,0.0000,21313.0,1446,94396,163539,0,291464,15889,0,4702731
BRIGHTKITE,1575,0.750,35704785,0.875,members,614,689,33436.1,36.33,0.4101,81523.8,144726,144726,144726,60,291464,15889,50055635,4702731
BRIGHTKITE,1575,0.750,35704785,0.875,size,45121,50000,318.3,35.67,0.0000,80286.5,144726,144726,144726,60,291464,15889,0,4702731
BRIGHTKITE,1575,0.750,35704785,0.875,delta_star,50000,50000,165.6,20.59,0.0000,21092.5,1430,94211,163538,0,291464,15889,0,4702731
BRIGHTKITE,1575,0.750,70899072,1.000,members,532,532,38701.6,34.35,0.4116,94023.1,163541,163541,163541,63,291464,15889,50020307,4702731
BRIGHTKITE,1575,0.750,70899072,1.000,size,50000,50000,300.2,34.11,0.0000,92786.3,163541,163541,163541,65,291464,15889,0,4702731
BRIGHTKITE,1575,0.750,70899072,1.000,delta_star,50000,50000,164.0,20.59,0.0000,21006.5,1423,93956,161853,0,291464,15889,0,4702731
BRIGHTKITE,2100,1.000,3641366,0.125,members,7937,33711,3102.5,79.62,0.4925,6300.0,6300,6300,6300,1,27300,13,50003100,4702731
BRIGHTKITE,2100,1.000,3641366,0.125,size,11673,50000,479.8,80.18,0.0000,6300.0,6300,6300,6300,1,27300,13,0,4702731
BRIGHTKITE,2100,1.000,3641366,0.125,delta_star,50000,50000,95.3,16.78,0.0000,1459.7,1078,6140,8400,0,27300,13,0,4702731
BRIGHTKITE,2100,1.000,13302544,0.250,members,5953,19351,3784.7,64.95,0.4506,8400.0,8400,8400,8400,1,27300,13,50005200,4702731
BRIGHTKITE,2100,1.000,13302544,0.250,size,15352,50000,355.9,65.10,0.0000,8400.0,8400,8400,8400,1,27300,13,0,4702731
BRIGHTKITE,2100,1.000,13302544,0.250,delta_star,50000,50000,94.8,16.79,0.0000,1447.9,1071,6070,8400,0,27300,13,0,4702731
BRIGHTKITE,2100,1.000,28389335,0.375,members,7975,17170,2836.2,46.80,0.4523,6270.2,8400,8400,8400,3,27300,13,50005200,4702731
BRIGHTKITE,2100,1.000,28389335,0.375,size,23182,50000,249.8,46.87,0.0000,6321.8,8400,8400,8400,3,27300,13,0,4702731
BRIGHTKITE,2100,1.000,28389335,0.375,delta_star,50000,50000,94.9,16.77,0.0000,1456.9,1076,6121,8400,0,27300,13,0,4702731
BRIGHTKITE,2100,1.000,30684120,0.500,members,8757,16285,2555.9,41.83,0.4476,5710.1,8400,8400,8400,4,27300,13,50003100,4702731
BRIGHTKITE,2100,1.000,30684120,0.500,size,26899,50000,222.3,41.90,0.0000,5700.7,8400,8400,8400,4,27300,13,0,4702731
BRIGHTKITE,2100,1.000,30684120,0.500,delta_star,50000,50000,94.5,16.71,0.0000,1442.2,1063,6073,8400,0,27300,13,0,4702731
BRIGHTKITE,2100,1.000,32938682,0.625,members,10157,14614,2182.6,34.91,0.4434,4922.8,2100,8400,8400,6,27300,13,50001000,4702731
BRIGHTKITE,2100,1.000,32938682,0.625,size,34770,50000,179.2,34.89,0.0000,4896.3,2100,8400,8400,6,27300,13,0,4702731
BRIGHTKITE,2100,1.000,32938682,0.625,delta_star,50000,50000,95.4,16.75,0.0000,1449.9,1072,6104,8400,0,27300,13,0,4702731
BRIGHTKITE,2100,1.000,36054457,0.750,members,10857,14175,2047.1,32.55,0.4445,4605.6,2100,8400,8400,7,27300,13,50003100,4702731
BRIGHTKITE,2100,1.000,36054457,0.750,size,38512,50000,158.8,32.59,0.0000,4637.9,2100,8400,8400,7,27300,13,0,4702731
BRIGHTKITE,2100,1.000,36054457,0.750,delta_star,50000,50000,95.0,16.71,0.0000,1452.2,1081,6084,8400,0,27300,13,0,4702731
BRIGHTKITE,2100,1.000,53258921,0.875,members,11944,12927,1870.7,28.92,0.4468,4186.6,2100,8400,8400,9,27300,13,50005200,4702731
BRIGHTKITE,2100,1.000,53258921,0.875,size,46149,50000,137.8,29.02,0.0000,4205.9,2100,8400,8400,9,27300,13,0,4702731
BRIGHTKITE,2100,1.000,53258921,0.875,delta_star,50000,50000,95.2,16.72,0.0000,1452.2,1070,6092,8400,0,27300,13,0,4702731
BRIGHTKITE,2100,1.000,54827932,1.000,members,12293,12293,1823.2,27.63,0.4482,4067.4,2100,8400,8400,10,27300,13,50001000,4702731
BRIGHTKITE,2100,1.000,54827932,1.000,size,50000,50000,127.0,27.61,0.0000,4023.8,2100,8400,8400,10,27300,13,0,4702731
BRIGHTKITE,2100,1.000,54827932,1.000,delta_star,50000,50000,96.4,16.76,0.0000,1441.8,1063,6085,8400,0,27300,13,0,4702731
HEPPH,1,0.001,12877200,0.125,members,22,22,994735.3,50.14,0.4329,2297979.0,2321477,2321477,2321477,2,4596803,3568,50555538,4596803
HEPPH,1,0.001,12877200,0.125,size,50000,50000,4803.7,49.47,0.0000,2297944.4,2321477,2321477,2321477,8,4596803,3568,0,4596803
HEPPH,1,0.001,12877200,0.125,delta_star,50000,50000,413.5,25.94,0.0000,591541.0,43421,2096555,2322189,0,4596803,3568,0,4596803
HEPPH,1,0.001,25747200,0.250,members,22,22,979266.8,48.36,0.4265,2296122.8,2274481,2322093,2322093,2,4596803,3568,50514702,4596803
HEPPH,1,0.001,25747200,0.250,size,50000,50000,822.4,49.56,0.0000,2298432.0,2322093,2322093,2322093,3,4596803,3568,0,4596803
HEPPH,1,0.001,25747200,0.250,delta_star,50000,50000,410.4,26.03,0.0000,585702.8,37519,2087084,4596721,0,4596803,3568,0,4596803
HEPPH,1,0.001,40435200,0.375,members,22,22,979937.5,49.59,0.4260,2300493.2,2322170,2322170,2322170,2,4596803,3568,50610850,4596803
HEPPH,1,0.001,40435200,0.375,size,50000,50000,806.9,49.38,0.0000,2298413.8,2322170,2322170,2322170,4,4596803,3568,0,4596803
HEPPH,1,0.001,40435200,0.375,delta_star,50000,50000,406.5,25.94,0.0000,591243.8,43687,2089805,4596713,0,4596803,3568,0,4596803
HEPPH,1,0.001,55555200,0.500,members,22,22,988145.7,49.82,0.4287,2304845.7,2322197,2322197,2322197,2,4596803,3568,50706606,4596803
HEPPH,1,0.001,55555200,0.500,size,50000,50000,806.0,49.51,0.0000,2298504.7,2322197,2322197,2322197,4,4596803,3568,0,4596803
HEPPH,1,0.001,55555200,0.500,delta_star,50000,50000,405.8,25.92,0.0000,589498.4,56574,2080843,4596741,0,4596803,3568,0,4596803
HEPPH,1,0.001,77072401,0.625,members,11,11,1908071.8,50.55,0.4151,4596710.0,4596710,4596710,4596710,1,4596803,3568,50563810,4596803
HEPPH,1,0.001,77072401,0.625,size,50000,50000,824.2,52.37,0.0000,4596526.1,4596710,4596710,4596710,3,4596803,3568,0,4596803
HEPPH,1,0.001,77072401,0.625,delta_star,50000,50000,405.3,26.01,0.0000,588139.9,37343,2089136,4596741,0,4596803,3568,0,4596803
HEPPH,1,0.001,98064001,0.750,members,11,11,1957792.9,50.45,0.4259,4596745.0,4596745,4596745,4596745,1,4596803,3568,50564195,4596803
HEPPH,1,0.001,98064001,0.750,size,50000,50000,823.6,52.57,0.0000,4596653.1,4596745,4596745,4596745,2,4596803,3568,0,4596803
HEPPH,1,0.001,98064001,0.750,delta_star,50000,50000,401.2,25.93,0.0000,585663.3,36684,2087016,4596744,0,4596803,3568,0,4596803
HEPPH,1,0.001,131673601,0.875,members,11,11,1967280.9,51.82,0.4280,4596760.0,4596760,4596760,4596760,1,4596803,3568,50564360,4596803
HEPPH,1,0.001,131673601,0.875,size,50000,50000,815.2,52.38,0.0000,4596668.1,4596760,4596760,4596760,2,4596803,3568,0,4596803
HEPPH,1,0.001,131673601,0.875,delta_star,50000,50000,406.2,25.95,0.0000,592292.3,53600,2088986,4596748,0,4596803,3568,0,4596803
HEPPH,1,0.001,285206401,1.000,members,11,11,1948127.1,55.73,0.4238,4596766.0,4596766,4596766,4596766,1,4596803,3568,50564426,4596803
HEPPH,1,0.001,285206401,1.000,size,50000,50000,819.0,53.31,0.0000,4596582.1,4596766,4596766,4596766,3,4596803,3568,0,4596803
HEPPH,1,0.001,285206401,1.000,delta_star,50000,50000,407.7,25.98,0.0000,591725.2,42447,2089902,4596725,0,4596803,3568,0,4596803
HEPPH,173,0.250,23158800,0.125,members,51,83,406660.0,57.65,0.4146,980875.7,1157157,1157157,1157157,2,3493653,5784,50024663,4596803
HEPPH,173,0.250,23158800,0.125,size,27249,50000,1184.8,62.36,0.0000,997754.4,1157157,1157157,1157157,2,3493653,5784,0,4596803
HEPPH,173,0.250,23158800,0.125,delta_star,50000,50000,370.5,22.83,0.0000,1261497.7,877173,3316984,3493513,0,3493653,5784,0,4596803
HEPPH,173,0.250,45270000,0.250,members,42,61,491683.1,54.07,0.4077,1206125.6,1242852,1242852,1242852,2,3493653,5784,50657274,4596803
HEPPH,173,0.250,45270000,0.250,size,34567,50000,1073.9,53.68,0.0000,1201748.5,1242852,1242852,1242852,2,3493653,5784,0,4596803
HEPPH,173,0.250,45270000,0.250,delta_star,50000,50000,345.8,22.83,0.0000,1246027.6,869735,3320936,3493521,0,3493653,5784,0,4596803
HEPPH,173,0.250,69120000,0.375,members,38,50,545961.9,50.58,0.4100,1331629.4,1472869,1472869,1472869,2,3493653,5784,50601918,4596803
HEPPH,173,0.250,69120000,0.375,size,37594,50000,1037.6,51.04,0.0000,1334244.3,1472869,1472869,1472869,2,3493653,5784,0,4596803
HEPPH,173,0.250,69120000,0.375,delta_star,50000,50000,348.2,22.83,0.0000,1262066.9,879710,3319643,3493610,0,3493653,5784,0,4596803
HEPPH,173,0.250,85885201,0.500,members,18,21,1193565.2,56.56,0.4080,2925756.0,2925756,2925756,2925756,1,3493653,5784,52663608,4596803
HEPPH,173,0.250,85885201,0.500,size,41801,50000,1001.4,55.78,0.0000,2925756.0,2925756,2925756,2925756,1,3493653,5784,0,4596803
HEPPH,173,0.250,85885201,0.500,delta_star,50000,50000,349.7,22.83,0.0000,1253844.5,870029,3322264,3493649,0,3493653,5784,0,4596803
HEPPH,173,0.250,106614000,0.625,members,16,16,1302679.6,52.81,0.4115,3165391.0,3165391,3165391,3165391,1,3493653,5784,50646256,4596803
HEPPH,173,0.250,106614000,0.625,size,45170,50000,956.0,53.15,0.0000,3165391.0,3165391,3165391,3165391,1,3493653,5784,0,4596803
HEPPH,173,0.250,106614000,0.625,delta_star,50000,50000,345.2,22.82,0.0000,1255099.6,869719,3318573,3493644,0,3493653,5784,0,4596803
HEPPH,173,0.250,131760000,0.750,members,16,17,1365394.3,52.38,0.4132,3304619.0,3304619,3304619,3304619,1,3493653,5784,52873904,4596803
HEPPH,173,0.250,131760000,0.750,size,47347,50000,893.7,51.59,0.0000,3304619.0,3304619,3304619,3304619,1,3493653,5784,0,4596803
HEPPH,173,0.250,131760000,0.750,delta_star,50000,50000,347.8,22.82,0.0000,1250317.1,871149,3315756,3493628,0,3493653,5784,0,4596803
HEPPH,173,0.250,172630800,0.875,members,15,15,1411386.5,46.67,0.4115,3429722.0,3429722,3429722,3429722,1,3493653,5784,51445830,4596803
HEPPH,173,0.250,172630800,0.875,size,49135,50000,810.2,50.75,0.0000,3429722.0,3429722,3429722,3429722,1,3493653,5784,0,4596803
HEPPH,173,0.250,172630800,0.875,delta_star,50000,50000,341.1,22.82,0.0000,1247394.4,868269,3312184,3493626,0,3493653,5784,0,4596803
HEPPH,173,0.250,294883201,1.000,members,15,15,1439609.5,52.73,0.4121,3493653.0,3493653,3493653,3493653,1,3493653,5784,52404795,4596803
HEPPH,173,0.250,294883201,1.000,size,50000,50000,729.8,50.38,0.0000,3493653.0,3493653,3493653,3493653,1,3493653,5784,0,4596803
HEPPH,173,0.250,294883201,1.000,delta_star,50000,50000,337.5,22.84,0.0000,1247235.9,868684,3313573,3493653,0,3493653,5784,0,4596803
HEPPH,347,0.501,45795600,0.125,members,198,828,107927.1,110.10,0.4262,253205.9,312499,312499,312499,2,2032746,4565,50134778,4596803
HEPPH,347,0.501,45795600,0.125,size,11535,50000,1697.5,113.09,0.0000,260190.8,312499,312499,312499,2,2032746,4565,0,4596803
HEPPH,347,0.501,45795600,0.125,delta_star,50000,50000,309.9,21.98,0.0000,964035.2,1014819,1929498,2032689,0,2032746,4565,0,4596803
HEPPH,347,0.501,65840400,0.250,members,102,263,203279.8,75.58,0.4120,493420.3,585654,585654,585654,2,2032746,4565,50328870,4596803
HEPPH,347,0.501,65840400,0.250,size,18331,50000,1978.9,79.11,0.0000,494580.8,585654,585654,585654,2,2032746,4565,0,4596803
HEPPH,347,0.501,65840400,0.250,delta_star,50000,50000,296.5,21.97,0.0000,959433.8,1010655,1926711,2032707,0,2032746,4565,0,4596803
HEPPH,347,0.501,81558000,0.375,members,55,103,376155.0,64.62,0.4096,918444.0,918444,918444,918444,1,2032746,4565,50514420,4596803
HEPPH,347,0.501,81558000,0.375,size,22840,50000,1176.7,71.55,0.0000,918444.0,918444,918444,918444,1,2032746,4565,0,4596803
HEPPH,347,0.501,81558000,0.375,delta_star,50000,50000,293.4,21.98,0.0000,958307.0,1007547,1930575,2032723,0,2032746,4565,0,4596803
HEPPH,347,0.501,99100800,0.500,members,40,73,515591.2,61.85,0.4120,1251301.0,1251301,1251301,1251301,1,2032746,4565,50052040,4596803
HEPPH,347,0.501,99100800,0.500,size,30717,50000,1011.4,58.37,0.0000,1251301.0,1251301,1251301,1251301,1,2032746,4565,0,4596803
HEPPH,347,0.501,99100800,0.500,delta_star,50000,50000,291.9,21.97,0.0000,967553.9,1020439,1934265,2032741,0,2032746,4565,0,4596803
HEPPH,347,0.501,118198801,0.625,members,35,43,596904.1,49.34,0.4112,1451693.0,1451693,1451693,1451693,1,2032746,4565,50809255,4596803
HEPPH,347,0.501,118198801,0.625,size,35879,50000,936.8,52.94,0.0000,1451693.0,1451693,1451693,1451693,1,2032746,4565,0,4596803
HEPPH,347,0.501,118198801,0.625,delta_star,50000,50000,292.5,21.98,0.0000,965862.9,1019538,1928249,2032636,0,2032746,4565,0,4596803
HEPPH,347,0.501,145501201,0.750,members,29,33,730486.2,45.31,0.4115,1775355.0,1775355,1775355,1775355,1,2032746,4565,51485295,4596803
HEPPH,347,0.501,145501201,0.750,size,43588,50000,822.5,47.00,0.0000,1775355.0,1775355,1775355,1775355,1,2032746,4565,0,4596803
HEPPH,347,0.501,145501201,0.750,delta_star,50000,50000,290.0,21.97,0.0000,968528.8,1021503,1929308,2032739,0,2032746,4565,0,4596803
HEPPH,347,0.501,185072401,0.875,members,26,28,790958.5,47.92,0.4084,1936869.0,1936869,1936869,1936869,1,2032746,4565,50358594,4596803
HEPPH,347,0.501,185072401,0.875,size,47605,50000,742.2,44.60,0.0000,1936869.0,1936869,1936869,1936869,1,2032746,4565,0,4596803
HEPPH,347,0.501,185072401,0.875,delta_star,50000,50000,287.0,21.98,0.0000,968069.8,1025328,1929051,2032701,0,2032746,4565,0,4596803
HEPPH,347,0.501,298602001,1.000,members,25,25,834521.4,44.72,0.4105,2032746.0,2032746,2032746,2032746,1,2032746,4565,50818650,4596803
HEPPH,347,0.501,298602001,1.000,size,50000,50000,594.4,43.75,0.0000,2032746.0,2032746,2032746,2032746,1,2032746,4565,0,4596803
HEPPH,347,0.501,298602001,1.000,delta_star,50000,50000,273.6,21.98,0.0000,967385.9,1023214,1931546,2032716,0,2032746,4565,0,4596803
HEPPH,520,0.750,88729200,0.125,members,347,2218,60883.5,150.95,0.4220,144259.0,144259,144259,144259,1,848782,1799,50057873,4596803
HEPPH,520,0.750,88729200,0.125,size,8595,50000,1624.7,138.78,0.0000,144259.0,144259,144259,144259,1,848782,1799,0,4596803
HEPPH,520,0.750,88729200,0.125,delta_star,50000,50000,225.7,20.77,0.0000,422440.9,421704,806319,848775,0,848782,1799,0,4596803
HEPPH,520,0.750,104886000,0.250,members,260,1165,79965.3,111.15,0.4153,192554.0,192554,192554,192554,1,848782,1799,50064040,4596803
HEPPH,520,0.750,104886000,0.250,size,11427,50000,1256.6,109.49,0.0000,192554.0,192554,192554,192554,1,848782,1799,0,4596803
HEPPH,520,0.750,104886000,0.250,delta_star,50000,50000,217.5,20.78,0.0000,423213.6,424175,806111,848782,0,848782,1799,0,4596803
HEPPH,520,0.750,117244800,0.375,members,136,315,152632.2,67.49,0.4136,369070.0,369070,369070,369070,1,848782,1799,50193520,4596803
HEPPH,520,0.750,117244800,0.375,size,21608,50000,890.2,67.41,0.0000,369070.0,369070,369070,369070,1,848782,1799,0,4596803
HEPPH,520,0.750,117244800,0.375,delta_star,50000,50000,215.9,20.77,0.0000,422452.5,423462,807061,848740,0,848782,1799,0,4596803
HEPPH,520,0.750,130719600,0.500,members,103,193,203877.3,57.92,0.4168,489192.0,489192,489192,489192,1,848782,1799,50386776,4596803
HEPPH,520,0.750,130719600,0.500,size,28820,50000,793.7,55.46,0.0000,489192.0,489192,489192,489192,1,848782,1799,0,4596803
HEPPH,520,0.750,130719600,0.500,delta_star,50000,50000,223.5,20.77,0.0000,423148.3,423882,807595,848769,0,848782,1799,0,4596803
HEPPH,520,0.750,146192401,0.625,members,86,126,242228.9,49.41,0.4130,586477.0,586477,586477,586477,1,848782,1799,50437022,4596803
HEPPH,520,0.750,146192401,0.625,size,34714,50000,741.2,49.35,0.0000,586477.0,586477,586477,586477,1,848782,1799,0,4596803
HEPPH,520,0.750,146192401,0.625,delta_star,50000,50000,214.8,20.77,0.0000,421963.6,422330,806392,848770,0,848782,1799,0,4596803
HEPPH,520,0.750,167011201,0.750,members,70,81,297200.0,43.47,0.4106,723752.0,723752,723752,723752,1,848782,1799,50662640,4596803
HEPPH,520,0.750,167011201,0.750,size,42731,50000,649.1,43.59,0.0000,723752.0,723752,723752,723752,1,848782,1799,0,4596803
HEPPH,520,0.750,167011201,0.750,delta_star,50000,50000,222.0,20.77,0.0000,425481.7,428090,806106,848778,0,848782,1799,0,4596803
HEPPH,520,0.750,199584001,0.875,members,62,62,334053.4,39.65,0.4091,816652.0,816652,816652,816652,1,848782,1799,50632424,4596803
HEPPH,520,0.750,199584001,0.875,size,48079,50000,546.8,40.64,0.0000,816652.0,816652,816652,816652,1,848782,1799,0,4596803
HEPPH,520,0.750,199584001,0.875,delta_star,50000,50000,218.4,20.77,0.0000,424035.7,426585,805350,848776,0,848782,1799,0,4596803
HEPPH,520,0.750,285984001,1.000,members,59,59,346975.1,39.97,0.4088,848782.0,848782,848782,848782,1,848782,1799,50078138,4596803
HEPPH,520,0.750,285984001,1.000,size,50000,50000,459.5,40.09,0.0000,848782.0,848782,848782,848782,1,848782,1799,0,4596803
HEPPH,520,0.750,285984001,1.000,delta_star,50000,50000,218.1,20.77,0.0000,424676.7,425369,807395,848778,0,848782,1799,0,4596803
HEPPH,693,1.000,222912001,0.125,members,697,714,29620.0,32.53,0.4127,71775.0,71775,71775,71775,1,73944,20,50027175,4596803
HEPPH,693,1.000,222912001,0.125,size,48513,50000,264.4,32.67,0.0000,71775.0,71775,71775,71775,1,73944,20,0,4596803
HEPPH,693,1.000,222912001,0.125,delta_star,50000,50000,110.3,17.25,0.0000,36951.9,37088,70315,73944,0,73944,20,0,4596803
HEPPH,693,1.000,226022401,0.250,members,697,720,29738.6,32.74,0.4142,71795.0,71795,71795,71795,1,73944,20,50041115,4596803
HEPPH,693,1.000,226022401,0.250,size,48614,50000,245.7,32.62,0.0000,71795.0,71795,71795,71795,1,73944,20,0,4596803
HEPPH,693,1.000,226022401,0.250,delta_star,50000,50000,111.0,17.25,0.0000,36870.0,36823,70144,73943,0,73944,20,0,4596803
HEPPH,693,1.000,229392001,0.375,members,697,717,29457.2,32.65,0.4103,71798.0,71798,71798,71798,1,73944,20,50043206,4596803
HEPPH,693,1.000,229392001,0.375,size,48593,50000,243.6,32.63,0.0000,71798.0,71798,71798,71798,1,73944,20,0,4596803
HEPPH,693,1.000,229392001,0.375,delta_star,50000,50000,108.1,17.25,0.0000,36860.2,36854,70205,73944,0,73944,20,0,4596803
HEPPH,693,1.000,236998801,0.500,members,690,708,30321.8,32.59,0.4182,72498.0,72498,72498,72498,1,73944,20,50023620,4596803
HEPPH,693,1.000,236998801,0.500,size,49039,50000,243.8,32.44,0.0000,72498.0,72498,72498,72498,1,73944,20,0,4596803
HEPPH,693,1.000,236998801,0.500,delta_star,50000,50000,110.8,17.26,0.0000,37004.6,36941,70167,73944,0,73944,20,0,4596803
HEPPH,693,1.000,238035601,0.625,members,690,707,29860.3,32.55,0.4118,72503.0,72503,72503,72503,1,73944,20,50027070,4596803
HEPPH,693,1.000,238035601,0.625,size,49067,50000,240.9,32.43,0.0000,72503.0,72503,72503,72503,1,73944,20,0,4596803
HEPPH,693,1.000,238035601,0.625,delta_star,50000,50000,108.4,17.25,0.0000,37010.5,36907,70262,73942,0,73944,20,0,4596803
HEPPH,693,1.000,240282001,0.750,members,690,702,29767.2,32.38,0.4105,72513.0,72513,72513,72513,1,73944,20,50033970,4596803
HEPPH,693,1.000,240282001,0.750,size,49011,50000,243.1,32.46,0.0000,72513.0,72513,72513,72513,1,73944,20,0,4596803
HEPPH,693,1.000,240282001,0.750,delta_star,50000,50000,111.3,17.25,0.0000,37042.8,37220,70306,73944,0,73944,20,0,4596803
HEPPH,693,1.000,247712401,0.875,members,683,689,30142.3,32.14,0.4117,73214.0,73214,73214,73214,1,73944,20,50005162,4596803
HEPPH,693,1.000,247712401,0.875,size,49500,50000,232.4,32.24,0.0000,73214.0,73214,73214,73214,1,73944,20,0,4596803
HEPPH,693,1.000,247712401,0.875,delta_star,50000,50000,108.4,17.25,0.0000,36934.6,36921,70288,73943,0,73944,20,0,4596803
HEPPH,693,1.000,257731201,1.000,members,677,677,30645.4,32.38,0.4144,73944.0,73944,73944,73944,1,73944,20,50060088,4596803
HEPPH,693,1.000,257731201,1.000,size,50000,50000,178.6,32.46,0.0000,73944.0,73944,73944,73944,1,73944,20,0,4596803
HEPPH,693,1.000,257731201,1.000,delta_star,50000,50000,109.6,17.25,0.0000,36988.5,37084,70215,73942,0,73944,20,0,4596803
FL,1,0.002,1810800,0.125,members,5,5,6347635.0,52.80,0.5080,12496294.0,13784258,13784258,13784258,2,24697443,325,62481470,24697443
FL,1,0.002,1810800,0.125,size,50000,50000,1732695.3,54.24,0.0000,12202892.3,13784258,13784258,13784258,731,24697443,325,0,24697443
FL,1,0.002,1810800,0.125,delta_star,50000,50000,10714.7,26.08,0.0000,3590071.3,2183996,10863785,24587236,0,24697443,325,0,24697443
FL,1,0.002,3538800,0.250,members,5,5,5887390.4,62.00,0.4948,11898895.4,10632735,13798136,13798136,2,24697443,325,59494477,24697443
FL,1,0.002,3538800,0.250,size,50000,50000,6327.8,54.33,0.0000,12291907.7,13798136,13798136,13798136,512,24697443,325,0,24697443
FL,1,0.002,3538800,0.250,delta_star,50000,50000,1463.9,26.11,0.0000,3570671.9,2167737,10870157,24586317,0,24697443,325,0,24697443
FL,1,0.002,5616000,0.375,members,3,3,12288644.7,82.00,0.5022,24469539.0,24469539,24469539,24469539,1,24697443,325,73408617,24697443
FL,1,0.002,5616000,0.375,size,50000,50000,1494.3,61.95,0.0000,24237567.9,24469539,24469539,24469539,469,24697443,325,0,24697443
FL,1,0.002,5616000,0.375,delta_star,50000,50000,580.9,26.08,0.0000,3573685.0,2187887,10870937,24586626,0,24697443,325,0,24697443
FL,1,0.002,7344000,0.500,members,3,3,41241751.7,59.33,1.6837,24495100.0,24495100,24495100,24495100,1,24697443,325,73485300,24697443
FL,1,0.002,7344000,0.500,size,50000,50000,1898399.7,61.95,0.0000,24306487.8,24495100,24495100,24495100,380,24697443,325,0,24697443
FL,1,0.002,7344000,0.500,delta_star,50000,50000,3362.2,26.09,0.0000,3589152.3,2200799,10862852,24586988,0,24697443,325,0,24697443
FL,1,0.002,9244800,0.625,members,3,3,13766095.0,74.33,0.5607,24549474.0,24549474,24549474,24549474,1,24697443,325,73648422,24697443
FL,1,0.002,9244800,0.625,size,50000,50000,2073.8,62.05,0.0000,24401195.3,24549474,24549474,24549474,300,24697443,325,0,24697443
FL,1,0.002,9244800,0.625,delta_star,50000,50000,737.7,26.09,0.0000,3622855.4,2218664,10911144,24587091,0,24697443,325,0,24697443
FL,1,0.002,11228400,0.750,members,3,3,13831383.0,51.00,0.5632,24559674.0,24559674,24559674,24559674,1,24697443,325,73679022,24697443
FL,1,0.002,11228400,0.750,size,50000,50000,1469.4,61.65,0.0000,24434419.7,24559674,24559674,24559674,253,24697443,325,0,24697443
FL,1,0.002,11228400,0.750,delta_star,50000,50000,702.9,26.09,0.0000,3563151.4,2159226,10890742,24585980,0,24697443,325,0,24697443
FL,1,0.002,13561200,0.875,members,3,3,13986523.0,47.33,0.5691,24575066.0,24575066,24575066,24575066,1,24697443,325,73725198,24697443
FL,1,0.002,13561200,0.875,size,50000,50000,1521.6,62.09,0.0000,24474799.8,24575066,24575066,24575066,202,24697443,325,0,24697443
FL,1,0.002,13561200,0.875,delta_star,50000,50000,721.6,26.09,0.0000,3562862.7,2131347,10857974,24586211,0,24697443,325,0,24697443
FL,1,0.002,17017200,1.000,members,3,3,16739929.3,56.33,0.6808,24587261.0,24587261,24587261,24587261,1,24697443,325,73761783,24697443
FL,1,0.002,17017200,1.000,size,50000,50000,1441.8,62.38,0.0000,24486453.3,24587261,24587261,24587261,205,24697443,325,0,24697443
FL,1,0.002,17017200,1.000,delta_star,50000,50000,696.6,26.09,0.0000,3579022.3,2165580,10851517,24586223,0,24697443,325,0,24697443
FL,161,0.251,2678400,0.125,members,14,17,1848099.9,51.64,0.4689,3941257.4,5212607,5212607,5212607,2,11176698,301,55177603,24697443
FL,161,0.251,2678400,0.125,size,30809,50000,107957.2,61.22,0.0000,4358740.7,5212607,5212607,5212607,2,11176698,301,0,24697443
FL,161,0.251,2678400,0.125,delta_star,50000,50000,15054.1,24.50,0.0000,4370893.5,2956653,10617889,11176516,0,11176698,301,0,24697443
FL,161,0.251,4316400,0.250,members,11,17,2366383.3,59.82,0.5037,4697951.4,5212607,5212607,5212607,2,11176698,301,51677465,24697443
FL,161,0.251,4316400,0.250,size,34063,50000,1956.9,57.30,0.0000,4329263.1,5212607,5212607,5212607,2,11176698,301,0,24697443
FL,161,0.251,4316400,0.250,delta_star,50000,50000,609.9,24.50,0.0000,4363691.5,2956158,10613164,11176554,0,11176698,301,0,24697443
FL,161,0.251,6303600,0.375,members,7,9,4194445.0,54.29,0.5191,8079635.0,8079635,8079635,8079635,1,11176698,301,56557445,24697443
FL,161,0.251,6303600,0.375,size,36090,50000,1850.8,62.87,0.0000,8079635.0,8079635,8079635,8079635,1,11176698,301,0,24697443
FL,161,0.251,6303600,0.375,delta_star,50000,50000,612.1,24.50,0.0000,4363161.2,2946191,10636984,11176683,0,11176698,301,0,24697443
FL,161,0.251,7862400,0.500,members,6,7,4892195.7,56.83,0.5774,8472706.0,8472706,8472706,8472706,1,11176698,301,50836236,24697443
FL,161,0.251,7862400,0.500,size,37889,50000,1827.2,60.70,0.0000,8472706.0,8472706,8472706,8472706,1,11176698,301,0,24697443
FL,161,0.251,7862400,0.500,delta_star,50000,50000,574.5,24.50,0.0000,4360235.3,2966445,10613578,11176172,0,11176698,301,0,24697443
FL,161,0.251,9849600,0.625,members,5,7,5589530.8,68.80,0.5578,10019857.0,10019857,10019857,10019857,1,11176698,301,50099285,24697443
FL,161,0.251,9849600,0.625,size,44834,50000,1530.4,54.80,0.0000,10019857.0,10019857,10019857,10019857,1,11176698,301,0,24697443
FL,161,0.251,9849600,0.625,delta_star,50000,50000,579.1,24.50,0.0000,4367788.4,2972081,10613011,11176645,0,11176698,301,0,24697443
FL,161,0.251,11487600,0.750,members,5,5,5525934.2,55.80,0.5380,10270999.0,10270999,10270999,10270999,1,11176698,301,51354995,24697443
FL,161,0.251,11487600,0.750,size,45901,50000,1520.8,54.11,0.0000,10270999.0,10270999,10270999,10270999,1,11176698,301,0,24697443
FL,161,0.251,11487600,0.750,delta_star,50000,50000,581.0,24.50,0.0000,4386384.3,2982524,10609539,11176674,0,11176698,301,0,24697443
FL,161,0.251,13820400,0.875,members,5,5,5866167.2,51.20,0.5499,10668431.0,10668431,10668431,10668431,1,11176698,301,53342155,24697443
FL,161,0.251,13820400,0.875,size,47763,50000,1423.9,52.78,0.0000,10668431.0,10668431,10668431,10668431,1,11176698,301,0,24697443
FL,161,0.251,13820400,0.875,delta_star,50000,50000,589.1,24.50,0.0000,4352504.9,2960123,10614091,11176599,0,11176698,301,0,24697443
FL,161,0.251,17017200,1.000,members,5,5,6260708.6,51.80,0.5602,11176698.0,11176698,11176698,11176698,1,11176698,301,55883490,24697443
FL,161,0.251,17017200,1.000,size,50000,50000,1261.5,51.66,0.0000,11176698.0,11176698,11176698,11176698,1,11176698,301,0,24697443
FL,161,0.251,17017200,1.000,delta_star,50000,50000,578.4,24.50,0.0000,4373499.1,2984169,10598581,11176660,0,11176698,301,0,24697443
FL,321,0.500,2592000,0.125,members,20,39,1028211.3,67.15,0.4064,2530317.0,2530317,2530317,2530317,1,5790960,242,50606340,24697443
FL,321,0.500,2592000,0.125,size,22020,50000,12996.0,74.22,0.0000,2530317.0,2530317,2530317,2530317,1,5790960,242,0,24697443
FL,321,0.500,2592000,0.125,delta_star,50000,50000,10889.2,23.55,0.0000,2726743.0,2516535,5498685,5790648,0,5790960,242,0,24697443
FL,321,0.500,6562800,0.250,members,14,18,1563108.2,53.14,0.4122,3792245.0,3792245,3792245,3792245,1,5790960,242,53091430,24697443
FL,321,0.500,6562800,0.250,size,32739,50000,1558.2,58.92,0.0000,3792245.0,3792245,3792245,3792245,1,5790960,242,0,24697443
FL,321,0.500,6562800,0.250,delta_star,50000,50000,468.1,23.56,0.0000,2740971.7,2547356,5504376,5790850,0,5790960,242,0,24697443
FL,321,0.500,7858800,0.375,members,12,17,1814358.3,57.83,0.4219,4300747.0,4300747,4300747,4300747,1,5790960,242,51608964,24697443
FL,321,0.500,7858800,0.375,size,37107,50000,1423.8,54.56,0.0000,4300747.0,4300747,4300747,4300747,1,5790960,242,0,24697443
FL,321,0.500,7858800,0.375,delta_star,50000,50000,468.5,23.55,0.0000,2715613.4,2500453,5499596,5790844,0,5790960,242,0,24697443
FL,321,0.500,9331200,0.500,members,10,11,2302615.7,49.20,0.4359,5281859.0,5281859,5281859,5281859,1,5790960,242,52818590,24697443
FL,321,0.500,9331200,0.500,size,45580,50000,1204.1,48.36,0.0000,5281859.0,5281859,5281859,5281859,1,5790960,242,0,24697443
FL,321,0.500,9331200,0.500,delta_star,50000,50000,476.6,23.55,0.0000,2742284.4,2546576,5501553,5790567,0,5790960,242,0,24697443
FL,321,0.500,10800000,0.625,members,10,11,2443882.9,47.60,0.4530,5394856.0,5394856,5394856,5394856,1,5790960,242,53948560,24697443
FL,321,0.500,10800000,0.625,size,46590,50000,1187.0,47.67,0.0000,5394856.0,5394856,5394856,5394856,1,5790960,242,0,24697443
FL,321,0.500,10800000,0.625,delta_star,50000,50000,470.4,23.55,0.0000,2740867.8,2539380,5507510,5790747,0,5790960,242,0,24697443
FL,321,0.500,12096000,0.750,members,10,11,2353579.5,52.40,0.4260,5525045.0,5525045,5525045,5525045,1,5790960,242,55250450,24697443
FL,321,0.500,12096000,0.750,size,47792,50000,1127.9,47.01,0.0000,5525045.0,5525045,5525045,5525045,1,5790960,242,0,24697443
FL,321,0.500,12096000,0.750,delta_star,50000,50000,459.9,23.55,0.0000,2732193.7,2520660,5501457,5790937,0,5790960,242,0,24697443
FL,321,0.500,14425200,0.875,members,9,9,2674677.4,45.11,0.4717,5670022.0,5670022,5670022,5670022,1,5790960,242,51030198,24697443
FL,321,0.500,14425200,0.875,size,48955,50000,1117.3,46.36,0.0000,5670022.0,5670022,5670022,5670022,1,5790960,242,0,24697443
FL,321,0.500,14425200,0.875,delta_star,50000,50000,469.5,23.55,0.0000,2749570.5,2547255,5505724,5790944,0,5790960,242,0,24697443
FL,321,0.500,17017200,1.000,members,9,9,2571506.3,44.56,0.4441,5790960.0,5790960,5790960,5790960,1,5790960,242,52118640,24697443
FL,321,0.500,17017200,1.000,size,50000,50000,1008.1,46.18,0.0000,5790960.0,5790960,5790960,5790960,1,5790960,242,0,24697443
FL,321,0.500,17017200,1.000,delta_star,50000,50000,475.4,23.55,0.0000,2746924.5,2546667,5499747,5790934,0,5790960,242,0,24697443
FL,482,0.751,5961600,0.125,members,47,166,447589.7,100.09,0.4186,1069229.0,1069229,1069229,1069229,1,3855549,194,50253763,24697443
FL,482,0.751,5961600,0.125,size,13902,50000,4268.5,101.54,0.0000,1069229.0,1069229,1069229,1069229,1,3855549,194,0,24697443
FL,482,0.751,5961600,0.125,delta_star,50000,50000,11370.4,22.92,0.0000,1926242.7,1928095,3662788,3855340,0,3855549,194,0,24697443
FL,482,0.751,8035200,0.250,members,27,50,783679.6,63.19,0.4087,1917640.0,1917640,1917640,1917640,1,3855549,194,51776280,24697443
FL,482,0.751,8035200,0.250,size,25062,50000,1555.3,66.22,0.0000,1917640.0,1917640,1917640,1917640,1,3855549,194,0,24697443
FL,482,0.751,8035200,0.250,delta_star,50000,50000,417.7,22.91,0.0000,1925819.8,1920056,3667231,3855545,0,3855549,194,0,24697443
FL,482,0.751,9244800,0.375,members,26,46,798362.9,61.31,0.4105,1944735.0,1944735,1944735,1944735,1,3855549,194,50563110,24697443
FL,482,0.751,9244800,0.375,size,25257,50000,1520.8,65.87,0.0000,1944735.0,1944735,1944735,1944735,1,3855549,194,0,24697443
FL,482,0.751,9244800,0.375,delta_star,50000,50000,418.9,22.91,0.0000,1921625.1,1917191,3659337,3855342,0,3855549,194,0,24697443
FL,482,0.751,10540800,0.500,members,26,46,822087.3,61.19,0.4177,1968060.0,1968060,1968060,1968060,1,3855549,194,51169560,24697443
FL,482,0.751,10540800,0.500,size,25362,50000,1588.5,65.69,0.0000,1968060.0,1968060,1968060,1968060,1,3855549,194,0,24697443
FL,482,0.751,10540800,0.500,delta_star,50000,50000,420.6,22.91,0.0000,1932658.8,1941583,3660057,3855509,0,3855549,194,0,24697443
FL,482,0.751,11577600,0.625,members,16,16,1351904.7,44.06,0.4212,3209959.0,3209959,3209959,3209959,1,3855549,194,51359344,24697443
FL,482,0.751,11577600,0.625,size,41688,50000,1200.4,48.29,0.0000,3209959.0,3209959,3209959,3209959,1,3855549,194,0,24697443
FL,482,0.751,11577600,0.625,delta_star,50000,50000,412.4,22.91,0.0000,1925694.4,1915347,3670887,3855520,0,3855549,194,0,24697443
FL,482,0.751,12870000,0.750,members,15,24,1440095.5,57.40,0.4241,3396020.0,3396020,3396020,3396020,1,3855549,194,50940300,24697443
FL,482,0.751,12870000,0.750,size,44075,50000,1138.4,46.77,0.0000,3396020.0,3396020,3396020,3396020,1,3855549,194,0,24697443
FL,482,0.751,12870000,0.750,delta_star,50000,50000,417.1,22.91,0.0000,1924955.8,1923311,3659966,3855458,0,3855549,194,0,24697443
FL,482,0.751,14943600,0.875,members,14,14,1532951.1,43.86,0.4163,3682637.0,3682637,3682637,3682637,1,3855549,194,51556918,24697443
FL,482,0.751,14943600,0.875,size,47820,50000,1049.2,44.62,0.0000,3682637.0,3682637,3682637,3682637,1,3855549,194,0,24697443
FL,482,0.751,14943600,0.875,delta_star,50000,50000,409.6,22.91,0.0000,1921354.6,1914384,3669460,3855532,0,3855549,194,0,24697443
FL,482,0.751,17017200,1.000,members,13,13,1606987.7,43.85,0.4168,3855549.0,3855549,3855549,3855549,1,3855549,194,50122137,24697443
FL,482,0.751,17017200,1.000,size,50000,50000,925.4,43.83,0.0000,3855549.0,3855549,3855549,3855549,1,3855549,194,0,24697443
FL,482,0.751,17017200,1.000,delta_star,50000,50000,415.8,22.92,0.0000,1920326.8,1918631,3666053,3855507,0,3855549,194,0,24697443
FL,642,1.000,15030000,0.125,members,56,56,367797.5,39.23,0.4113,894195.0,894195,894195,894195,1,903363,27,50074920,24697443
FL,642,1.000,15030000,0.125,size,49490,50000,532.5,39.52,0.0000,894195.0,894195,894195,894195,1,903363,27,0,24697443
FL,642,1.000,15030000,0.125,delta_star,50000,50000,216.4,20.84,0.0000,450635.7,449042,858115,903321,0,903363,27,0,24697443
FL,642,1.000,15375600,0.250,members,56,56,366142.4,39.34,0.4081,897138.0,897138,897138,897138,1,903363,27,50239728,24697443
FL,642,1.000,15375600,0.250,size,49689,50000,501.8,39.43,0.0000,897138.0,897138,897138,897138,1,903363,27,0,24697443
FL,642,1.000,15375600,0.250,delta_star,50000,50000,212.3,20.84,0.0000,451368.3,449194,859183,903361,0,903363,27,0,24697443
FL,642,1.000,15634800,0.375,members,56,56,370687.4,39.20,0.4127,898095.0,898095,898095,898095,1,903363,27,50293320,24697443
FL,642,1.000,15634800,0.375,size,49699,50000,497.6,39.40,0.0000,898095.0,898095,898095,898095,1,903363,27,0,24697443
FL,642,1.000,15634800,0.375,delta_star,50000,50000,212.2,20.84,0.0000,450756.5,451399,857451,903362,0,903363,27,0,24697443
FL,642,1.000,15894000,0.500,members,56,56,370323.8,38.61,0.4122,898448.0,898448,898448,898448,1,903363,27,50313088,24697443
FL,642,1.000,15894000,0.500,size,49731,50000,501.7,39.40,0.0000,898448.0,898448,898448,898448,1,903363,27,0,24697443
FL,642,1.000,15894000,0.500,delta_star,50000,50000,212.9,20.84,0.0000,450417.0,447891,857352,903335,0,903363,27,0,24697443
FL,642,1.000,16153200,0.625,members,56,57,365781.2,39.84,0.4067,899366.0,899366,899366,899366,1,903363,27,50364496,24697443
FL,642,1.000,16153200,0.625,size,49793,50000,500.2,39.35,0.0000,899366.0,899366,899366,899366,1,903363,27,0,24697443
FL,642,1.000,16153200,0.625,delta_star,50000,50000,219.5,20.84,0.0000,451742.7,449214,858866,903332,0,903363,27,0,24697443
FL,642,1.000,16498800,0.750,members,56,57,366676.9,39.80,0.4076,899672.0,899672,899672,899672,1,903363,27,50381632,24697443
FL,642,1.000,16498800,0.750,size,49794,50000,493.3,39.36,0.0000,899672.0,899672,899672,899672,1,903363,27,0,24697443
FL,642,1.000,16498800,0.750,delta_star,50000,50000,214.8,20.84,0.0000,451529.7,450241,857592,903359,0,903363,27,0,24697443
FL,642,1.000,16758000,0.875,members,56,56,368484.1,39.30,0.4095,899816.0,899816,899816,899816,1,903363,27,50389696,24697443
FL,642,1.000,16758000,0.875,size,49810,50000,498.1,39.34,0.0000,899816.0,899816,899816,899816,1,903363,27,0,24697443
FL,642,1.000,16758000,0.875,delta_star,50000,50000,221.6,20.84,0.0000,451661.4,451420,856996,903356,0,903363,27,0,24697443
FL,642,1.000,17017200,1.000,members,56,56,375310.4,39.73,0.4155,903363.0,903363,903363,903363,1,903363,27,50588328,24697443
FL,642,1.000,17017200,1.000,size,50000,50000,466.9,39.66,0.0000,903363.0,903363,903363,903363,1,903363,27,0,24697443
FL,642,1.000,17017200,1.000,delta_star,50000,50000,222.6,20.84,0.0000,452033.5,451633,857266,903341,0,903363,27,0,24697443
