label,m,C0,kappa_max,MT,U_pairs,dedup,csr_bytes,tree_bytes,size_ratio,k,delta,delta_q,n_active,queries,exact,mean_C,mean_scan,mean_onset,mean_amp,p95_amp,max_amp,mean_tree_probe,gexact,mean_gscan,mean_gonset,mean_gamp,g_over_u
BTCA,16863,179650,25,179620,43711,4.1093,484600,5748200,11.8617,1,0,0.125,16863,60,60,6.1,32.3,32.3,5.1456,9.3333,13.0000,12.0,60,395.8,396.8,119.1823,12.2407
BTCA,16863,179650,25,179620,43711,4.1093,484600,5748200,11.8617,1,0,0.250,16863,60,60,3.8,20.9,22.0,4.9656,7.0000,8.2500,12.0,60,363.9,364.9,134.9248,17.3976
BTCA,16863,179650,25,179620,43711,4.1093,484600,5748200,11.8617,1,0,0.375,16863,60,60,6.8,36.9,35.1,5.4649,12.0000,14.0000,12.0,60,385.0,386.0,136.2363,10.4482
BTCA,16863,179650,25,179620,43711,4.1093,484600,5748200,11.8617,1,86400,0.500,16863,60,60,160.2,830.4,608.4,5.1922,7.0000,9.1111,12.0,60,2470.2,2471.2,65.4161,2.9749
BTCA,16863,179650,25,179620,43711,4.1093,484600,5748200,11.8617,1,86400,0.625,16863,60,60,142.6,740.4,538.9,4.8537,7.0000,10.0000,12.0,60,2044.8,2045.8,67.1721,2.7616
BTCA,16863,179650,25,179620,43711,4.1093,484600,5748200,11.8617,1,172800,0.750,16863,60,60,331.9,1745.3,1197.6,5.0508,7.0000,7.0435,12.0,60,4353.8,4354.8,57.0391,2.4946
BTCA,16863,179650,25,179620,43711,4.1093,484600,5748200,11.8617,1,345600,0.875,16863,60,60,7040.0,37677.0,22087.1,5.2783,6.8000,9.0000,12.0,60,21037.9,21038.9,22.4277,0.5584
BTCA,16863,179650,25,179620,43711,4.1093,484600,5748200,11.8617,5,2332800,0.125,11886,5,5,870.2,6374.2,3989.8,7.3688,7.7548,7.7548,12.0,5,8225.0,8226.0,9.9407,1.2904
BTCA,16863,179650,25,179620,43711,4.1093,484600,5748200,11.8617,5,2851200,0.250,11886,14,14,1515.4,11379.7,6840.5,7.4586,7.7116,7.7116,12.0,14,11413.9,11414.9,7.4044,1.0030
BTCA,16863,179650,25,179620,43711,4.1093,484600,5748200,11.8617,5,3542400,0.375,11886,15,15,4056.2,30013.5,16834.9,7.3477,7.4009,7.4009,12.0,15,19907.0,19908.0,5.3668,0.6633
BTCA,16863,179650,25,179620,43711,4.1093,484600,5748200,11.8617,5,4665600,0.500,11886,24,24,5999.0,43524.0,22660.9,7.2552,7.2552,7.2552,12.0,24,24106.0,24107.0,4.0183,0.5539
BTCA,16863,179650,25,179620,43711,4.1093,484600,5748200,11.8617,5,6742800,0.625,11886,37,37,7439.0,52595.0,25089.5,7.0702,7.0702,7.0702,12.0,37,25105.0,25106.0,3.3748,0.4773
BTCA,16863,179650,25,179620,43711,4.1093,484600,5748200,11.8617,5,10882800,0.750,11886,47,47,8930.0,60625.0,27171.2,6.7889,6.7889,6.7889,12.0,47,26388.0,26389.0,2.9550,0.4353
BTCA,16863,179650,25,179620,43711,4.1093,484600,5748200,11.8617,5,20736000,0.875,11886,55,55,10401.0,67493.0,28517.4,6.4891,6.4891,6.4891,12.0,55,27383.0,27384.0,2.6327,0.4057
BTCA,16863,179650,25,179620,43711,4.1093,484600,5748200,11.8617,10,9504000,0.125,7939,8,8,1039.0,8794.0,5470.6,8.4639,8.4639,8.4639,12.0,8,9778.0,9779.0,9.4110,1.1119
BTCA,16863,179650,25,179620,43711,4.1093,484600,5748200,11.8617,10,12438000,0.250,7939,15,15,1846.0,15083.0,8523.0,8.1706,8.1706,8.1706,12.0,15,12093.0,12094.0,6.5509,0.8018
BTCA,16863,179650,25,179620,43711,4.1093,484600,5748200,11.8617,10,13910400,0.375,7939,21,21,3002.0,24462.0,13530.9,8.1486,8.1486,8.1486,12.0,21,15970.0,15971.0,5.3198,0.6528
BTCA,16863,179650,25,179620,43711,4.1093,484600,5748200,11.8617,10,17110800,0.500,7939,33,33,3982.0,31602.0,16325.0,7.9362,7.9362,7.9362,12.0,33,17316.0,17317.0,4.3486,0.5479
BTCA,16863,179650,25,179620,43711,4.1093,484600,5748200,11.8617,10,21776400,0.625,7939,34,34,5012.0,38765.0,19461.7,7.7344,7.7344,7.7344,12.0,34,19226.0,19227.0,3.8360,0.4960
BTCA,16863,179650,25,179620,43711,4.1093,484600,5748200,11.8617,10,28252800,0.750,7939,46,46,5955.0,44632.0,21690.3,7.4949,7.4949,7.4949,12.0,46,20751.0,20752.0,3.4846,0.4649
BTCA,16863,179650,25,179620,43711,4.1093,484600,5748200,11.8617,10,46832400,0.875,7939,54,54,6948.0,50005.0,23282.0,7.1970,7.1970,7.1970,12.0,54,21768.0,21769.0,3.1330,0.4353
BTCA,16863,179650,25,179620,43711,4.1093,484600,5748200,11.8617,15,19094400,0.125,4935,18,18,872.0,7885.0,5397.0,9.0424,9.0424,9.0424,12.0,18,7702.0,7703.0,8.8326,0.9768
BTCA,16863,179650,25,179620,43711,4.1093,484600,5748200,11.8617,15,21427200,0.250,4935,18,18,1253.0,10786.0,6828.0,8.6081,8.6081,8.6081,12.0,18,8992.0,8993.0,7.1764,0.8337
BTCA,16863,179650,25,179620,43711,4.1093,484600,5748200,11.8617,15,24451200,0.375,4935,22,22,1853.0,15973.0,9699.0,8.6201,8.6201,8.6201,12.0,22,11813.0,11814.0,6.3751,0.7396
BTCA,16863,179650,25,179620,43711,4.1093,484600,5748200,11.8617,15,26352000,0.500,4935,33,33,2493.0,21167.0,12455.0,8.4906,8.4906,8.4906,12.0,33,13916.0,13917.0,5.5820,0.6574
BTCA,16863,179650,25,179620,43711,4.1093,484600,5748200,11.8617,15,29894400,0.625,4935,35,35,3085.0,25676.0,14498.0,8.3229,8.3229,8.3229,12.0,35,15064.0,15065.0,4.8830,0.5867
BTCA,16863,179650,25,179620,43711,4.1093,484600,5748200,11.8617,15,37666800,0.750,4935,45,45,3725.0,30154.0,16336.0,8.0950,8.0950,8.0950,12.0,45,16129.0,16130.0,4.3299,0.5349
BTCA,16863,179650,25,179620,43711,4.1093,484600,5748200,11.8617,15,50115600,0.875,4935,50,50,4318.0,33865.0,17607.0,7.8428,7.8428,7.8428,12.0,50,16825.0,16826.0,3.8965,0.4968
BTCA,16863,179650,25,179620,43711,4.1093,484600,5748200,11.8617,20,35942400,0.125,3432,13,13,763.0,7128.0,5150.0,9.3421,9.3421,9.3421,12.0,13,6897.0,6898.0,9.0393,0.9676
BTCA,16863,179650,25,179620,43711,4.1093,484600,5748200,11.8617,20,38793600,0.250,3432,12,12,942.0,8763.0,6225.0,9.3025,9.3025,9.3025,12.0,12,7719.0,7720.0,8.1943,0.8809
BTCA,16863,179650,25,179620,43711,4.1093,484600,5748200,11.8617,20,42339600,0.375,3432,23,23,1288.0,11720.0,7908.0,9.0994,9.0994,9.0994,12.0,23,9744.0,9745.0,7.5652,0.8314
BTCA,16863,179650,25,179620,43711,4.1093,484600,5748200,11.8617,20,46911600,0.500,3432,28,28,1717.0,15358.0,9882.0,8.9447,8.9447,8.9447,12.0,28,10891.0,10892.0,6.3430,0.7091
BTCA,16863,179650,25,179620,43711,4.1093,484600,5748200,11.8617,20,52614000,0.625,3432,38,38,2380.0,20229.0,12295.0,8.4996,8.4996,8.4996,12.0,38,12539.0,12540.0,5.2685,0.6199
BTCA,16863,179650,25,179620,43711,4.1093,484600,5748200,11.8617,20,58060800,0.750,3432,40,40,2605.0,21990.0,12986.0,8.4415,8.4415,8.4415,12.0,40,12975.0,12976.0,4.9808,0.5900
BTCA,16863,179650,25,179620,43711,4.1093,484600,5748200,11.8617,20,76032000,0.875,3432,54,54,3026.0,25011.0,14319.0,8.2654,8.2654,8.2654,12.0,54,13937.0,13938.0,4.6058,0.5572
BTCA,16863,179650,25,179620,43711,4.1093,484600,5748200,11.8617,25,79059600,0.125,1663,55,55,1507.0,13705.0,9239.0,9.0942,9.0942,9.0942,12.0,55,10146.0,10147.0,6.7326,0.7403
BTCA,16863,179650,25,179620,43711,4.1093,484600,5748200,11.8617,25,79059600,0.250,1663,54,54,1507.0,13705.0,9239.0,9.0942,9.0942,9.0942,12.0,54,10146.0,10147.0,6.7326,0.7403
BTCA,16863,179650,25,179620,43711,4.1093,484600,5748200,11.8617,25,79059600,0.375,1663,58,58,1507.0,13705.0,9239.0,9.0942,9.0942,9.0942,12.0,58,10146.0,10147.0,6.7326,0.7403
BTCA,16863,179650,25,179620,43711,4.1093,484600,5748200,11.8617,25,79059600,0.500,1663,51,51,1507.0,13705.0,9239.0,9.0942,9.0942,9.0942,12.0,51,10146.0,10147.0,6.7326,0.7403
BTCA,16863,179650,25,179620,43711,4.1093,484600,5748200,11.8617,25,79059600,0.625,1663,52,52,1507.0,13705.0,9239.0,9.0942,9.0942,9.0942,12.0,52,10146.0,10147.0,6.7326,0.7403
BTCA,16863,179650,25,179620,43711,4.1093,484600,5748200,11.8617,25,79059600,0.750,1663,56,56,1507.0,13705.0,9239.0,9.0942,9.0942,9.0942,12.0,56,10146.0,10147.0,6.7326,0.7403
BTCA,16863,179650,25,179620,43711,4.1093,484600,5748200,11.8617,25,79059600,0.875,1663,56,56,1507.0,13705.0,9239.0,9.0942,9.0942,9.0942,12.0,56,10146.0,10147.0,6.7326,0.7403
ASTOPO,154841,6399436,147,6399289,359048,17.8229,4111120,204779012,49.8110,1,0,0.125,154841,60,60,16440.3,49537.7,38810.9,4.8032,8.0000,17.0000,12.0,60,127204.8,127205.8,557.9745,2.5678
ASTOPO,154841,6399436,147,6399289,359048,17.8229,4111120,204779012,49.8110,1,0,0.250,154841,60,60,20732.8,61594.4,48263.9,4.8475,11.0000,16.0000,12.0,60,128217.1,128218.1,592.9399,2.0816
ASTOPO,154841,6399436,147,6399289,359048,17.8229,4111120,204779012,49.8110,1,0,0.375,154841,60,60,16355.9,49067.4,38480.5,4.7981,9.0000,12.0000,12.0,60,118338.7,118339.7,505.5707,2.4118
ASTOPO,154841,6399436,147,6399289,359048,17.8229,4111120,204779012,49.8110,1,0,0.500,154841,60,60,24567.3,73085.4,57286.7,4.5206,8.5000,14.0000,12.0,60,157021.5,157022.5,411.1196,2.1485
ASTOPO,154841,6399436,147,6399289,359048,17.8229,4111120,204779012,49.8110,1,0,0.625,154841,60,60,16191.9,48336.6,37891.5,4.2672,9.0000,16.0000,12.0,60,109672.1,109673.1,438.7311,2.2689
ASTOPO,154841,6399436,147,6399289,359048,17.8229,4111120,204779012,49.8110,1,1,0.750,154841,60,60,24138.1,78065.8,57461.3,4.7260,8.0000,14.0000,12.0,60,159954.1,159955.1,459.8434,2.0490
ASTOPO,154841,6399436,147,6399289,359048,17.8229,4111120,204779012,49.8110,1,63,0.875,154841,60,60,30844.8,105518.9,72890.4,4.4332,7.3248,8.1739,12.0,60,202673.9,202674.9,119.3565,1.9207
ASTOPO,154841,6399436,147,6399289,359048,17.8229,4111120,204779012,49.8110,30,3833,0.125,60174,4,4,4433.5,31520.5,14598.0,7.0469,7.1849,7.1849,12.0,4,96978.0,96979.0,21.6798,3.0767
ASTOPO,154841,6399436,147,6399289,359048,17.8229,4111120,204779012,49.8110,30,12907,0.250,60174,15,15,7671.2,59367.5,28026.9,7.8153,8.1520,8.1520,12.0,15,109749.1,109750.1,14.5011,1.8486
ASTOPO,154841,6399436,147,6399289,359048,17.8229,4111120,204779012,49.8110,30,22901,0.375,60174,19,19,22585.0,185558.0,79641.6,8.2160,8.2160,8.2160,12.0,19,151434.0,151435.0,6.7051,0.8161
ASTOPO,154841,6399436,147,6399289,359048,17.8229,4111120,204779012,49.8110,30,28795,0.500,60174,30,30,30134.0,231118.0,92782.9,7.6697,7.6697,7.6697,12.0,30,159535.0,159536.0,5.2942,0.6903
ASTOPO,154841,6399436,147,6399289,359048,17.8229,4111120,204779012,49.8110,30,52225,0.625,60174,42,42,37624.0,273792.0,104732.3,7.2771,7.2771,7.2771,12.0,42,169554.0,169555.0,4.5065,0.6193
ASTOPO,154841,6399436,147,6399289,359048,17.8229,4111120,204779012,49.8110,30,105431,0.750,60174,46,46,45132.0,312344.0,117592.0,6.9207,6.9207,6.9207,12.0,46,174999.0,175000.0,3.8775,0.5603
ASTOPO,154841,6399436,147,6399289,359048,17.8229,4111120,204779012,49.8110,30,609017,0.875,60174,50,50,52652.0,356595.0,134403.0,6.7727,6.7727,6.7727,12.0,50,181377.0,181378.0,3.4448,0.5086
ASTOPO,154841,6399436,147,6399289,359048,17.8229,4111120,204779012,49.8110,59,24748,0.125,46811,11,11,5899.0,49719.0,25293.0,8.4284,8.4284,8.4284,12.0,11,102788.0,102789.0,17.4246,2.0674
ASTOPO,154841,6399436,147,6399289,359048,17.8229,4111120,204779012,49.8110,59,31636,0.250,46811,15,15,11841.0,103569.0,54335.0,8.7466,8.7466,8.7466,12.0,15,120954.0,120955.0,10.2148,1.1679
ASTOPO,154841,6399436,147,6399289,359048,17.8229,4111120,204779012,49.8110,59,47716,0.375,46811,21,21,17627.0,154649.0,71663.0,8.7734,8.7734,8.7734,12.0,21,132162.0,132163.0,7.4977,0.8546
ASTOPO,154841,6399436,147,6399289,359048,17.8229,4111120,204779012,49.8110,59,69244,0.500,46811,32,32,23410.0,196183.0,83125.0,8.3803,8.3803,8.3803,12.0,32,140477.0,140478.0,6.0007,0.7161
ASTOPO,154841,6399436,147,6399289,359048,17.8229,4111120,204779012,49.8110,59,96716,0.625,46811,32,32,29259.0,231229.0,93189.0,7.9028,7.9028,7.9028,12.0,32,147529.0,147530.0,5.0422,0.6380
ASTOPO,154841,6399436,147,6399289,359048,17.8229,4111120,204779012,49.8110,59,117506,0.750,46811,47,47,35108.0,261919.0,102973.0,7.4604,7.4604,7.4604,12.0,47,156318.0,156319.0,4.4525,0.5968
ASTOPO,154841,6399436,147,6399289,359048,17.8229,4111120,204779012,49.8110,59,696442,0.875,46811,53,53,40959.0,300145.0,116989.0,7.3279,7.3279,7.3279,12.0,53,162225.0,162226.0,3.9607,0.5405
ASTOPO,154841,6399436,147,6399289,359048,17.8229,4111120,204779012,49.8110,88,56943,0.125,32861,12,12,4173.0,41438.0,25948.0,9.9300,9.9300,9.9300,12.0,12,76688.0,76689.0,18.3772,1.8507
ASTOPO,154841,6399436,147,6399289,359048,17.8229,4111120,204779012,49.8110,88,77567,0.250,32861,17,17,8820.0,90481.0,50663.0,10.2586,10.2586,10.2586,12.0,17,96104.0,96105.0,10.8961,1.0621
ASTOPO,154841,6399436,147,6399289,359048,17.8229,4111120,204779012,49.8110,88,85234,0.375,32861,16,16,12543.0,120744.0,62046.0,9.6264,9.6264,9.6264,12.0,16,103982.0,103983.0,8.2900,0.8612
ASTOPO,154841,6399436,147,6399289,359048,17.8229,4111120,204779012,49.8110,88,86949,0.500,32861,34,34,16470.0,148870.0,70610.0,9.0389,9.0389,9.0389,12.0,34,121638.0,121639.0,7.3854,0.8171
ASTOPO,154841,6399436,147,6399289,359048,17.8229,4111120,204779012,49.8110,88,114942,0.625,32861,38,38,20538.0,176633.0,79079.0,8.6003,8.6003,8.6003,12.0,38,129712.0,129713.0,6.3157,0.7344
ASTOPO,154841,6399436,147,6399289,359048,17.8229,4111120,204779012,49.8110,88,274558,0.750,32861,46,46,24646.0,203894.0,89254.0,8.2729,8.2729,8.2729,12.0,46,136746.0,136747.0,5.5484,0.6707
ASTOPO,154841,6399436,147,6399289,359048,17.8229,4111120,204779012,49.8110,88,922912,0.875,32861,54,54,28753.0,233746.0,100848.0,8.1294,8.1294,8.1294,12.0,54,141046.0,141047.0,4.9054,0.6034
ASTOPO,154841,6399436,147,6399289,359048,17.8229,4111120,204779012,49.8110,117,114280,0.125,22020,26,26,10018.0,99493.0,56007.0,9.9314,9.9314,9.9314,12.0,26,95506.0,95507.0,9.5334,0.9599
ASTOPO,154841,6399436,147,6399289,359048,17.8229,4111120,204779012,49.8110,117,114280,0.250,22020,23,23,10018.0,99493.0,56007.0,9.9314,9.9314,9.9314,12.0,23,95506.0,95507.0,9.5334,0.9599
ASTOPO,154841,6399436,147,6399289,359048,17.8229,4111120,204779012,49.8110,117,114280,0.375,22020,26,26,10018.0,99493.0,56007.0,9.9314,9.9314,9.9314,12.0,26,95506.0,95507.0,9.5334,0.9599
ASTOPO,154841,6399436,147,6399289,359048,17.8229,4111120,204779012,49.8110,117,115177,0.500,22020,30,30,11234.0,109224.0,59508.0,9.7226,9.7226,9.7226,12.0,30,98248.0,98249.0,8.7456,0.8995
ASTOPO,154841,6399436,147,6399289,359048,17.8229,4111120,204779012,49.8110,117,123007,0.625,22020,38,38,13766.0,128222.0,66574.0,9.3144,9.3144,9.3144,12.0,38,104177.0,104178.0,7.5677,0.8125
ASTOPO,154841,6399436,147,6399289,359048,17.8229,4111120,204779012,49.8110,117,443787,0.750,22020,47,47,16536.0,150656.0,75474.0,9.1108,9.1108,9.1108,12.0,47,108721.0,108722.0,6.5748,0.7217
ASTOPO,154841,6399436,147,6399289,359048,17.8229,4111120,204779012,49.8110,117,1314631,0.875,22020,50,50,19319.0,174100.0,85786.0,9.0119,9.0119,9.0119,12.0,50,112986.0,112987.0,5.8484,0.6490
ASTOPO,154841,6399436,147,6399289,359048,17.8229,4111120,204779012,49.8110,147,1708112,0.125,11606,60,60,11516.0,113568.0,67256.0,9.8618,9.8618,9.8618,12.0,60,92802.0,92803.0,8.0585,0.8171
ASTOPO,154841,6399436,147,6399289,359048,17.8229,4111120,204779012,49.8110,147,1708112,0.250,11606,60,60,11516.0,113568.0,67256.0,9.8618,9.8618,9.8618,12.0,60,92802.0,92803.0,8.0585,0.8171
ASTOPO,154841,6399436,147,6399289,359048,17.8229,4111120,204779012,49.8110,147,1708112,0.375,11606,59,59,11516.0,113568.0,67256.0,9.8618,9.8618,9.8618,12.0,59,92802.0,92803.0,8.0585,0.8171
ASTOPO,154841,6399436,147,6399289,359048,17.8229,4111120,204779012,49.8110,147,1708112,0.500,11606,60,60,11516.0,113568.0,67256.0,9.8618,9.8618,9.8618,12.0,60,92802.0,92803.0,8.0585,0.8171
ASTOPO,154841,6399436,147,6399289,359048,17.8229,4111120,204779012,49.8110,147,1708112,0.625,11606,60,60,11516.0,113568.0,67256.0,9.8618,9.8618,9.8618,12.0,60,92802.0,92803.0,8.0585,0.8171
ASTOPO,154841,6399436,147,6399289,359048,17.8229,4111120,204779012,49.8110,147,1708112,0.750,11606,60,60,11516.0,113568.0,67256.0,9.8618,9.8618,9.8618,12.0,60,92802.0,92803.0,8.0585,0.8171
ASTOPO,154841,6399436,147,6399289,359048,17.8229,4111120,204779012,49.8110,147,1708112,0.875,11606,60,60,11516.0,113568.0,67256.0,9.8618,9.8618,9.8618,12.0,60,92802.0,92803.0,8.0585,0.8171
AMZELEC,7824482,23952451,15,23887920,14238054,1.6778,176500296,765187812,4.3353,1,0,0.125,7824482,60,60,432.9,1957.2,1791.9,3.4942,6.5185,9.0000,12.0,60,112970.6,112971.6,237.8654,57.7205
AMZELEC,7824482,23952451,15,23887920,14238054,1.6778,176500296,765187812,4.3353,1,0,0.250,7824482,60,60,45.3,211.9,199.1,3.6650,8.5000,11.0000,12.0,60,13413.9,13414.9,273.9738,63.3129
AMZELEC,7824482,23952451,15,23887920,14238054,1.6778,176500296,765187812,4.3353,1,0,0.375,7824482,60,60,173.1,774.3,718.4,3.8652,7.0000,10.0000,12.0,60,50417.6,50418.6,337.8665,65.1109
AMZELEC,7824482,23952451,15,23887920,14238054,1.6778,176500296,765187812,4.3353,1,86400,0.500,7824482,60,60,898793.7,3910339.2,2969231.3,3.4763,5.3333,10.0000,12.0,60,3788467.8,3788468.8,95.2236,0.9688
AMZELEC,7824482,23952451,15,23887920,14238054,1.6778,176500296,765187812,4.3353,1,259200,0.625,7824482,60,60,1438768.6,6045252.4,4382941.8,3.7153,6.1429,8.0000,12.0,60,4616449.7,4616450.7,51.4414,0.7636
AMZELEC,7824482,23952451,15,23887920,14238054,1.6778,176500296,765187812,4.3353,1,604800,0.750,7824482,60,60,2756043.8,11267348.2,7787374.6,3.4731,4.0882,6.3333,12.0,60,7440593.8,7440594.8,20.0567,0.6604
AMZELEC,7824482,23952451,15,23887920,14238054,1.6778,176500296,765187812,4.3353,1,2160000,0.875,7824482,60,60,5674211.3,22275455.0,14261473.1,3.7415,3.9257,4.5000,12.0,60,12887199.7,12887200.7,2.8257,0.5785
AMZELEC,7824482,23952451,15,23887920,14238054,1.6778,176500296,765187812,4.3353,3,2505600,0.125,3212607,8,8,412002.0,3302894.0,2193740.6,8.0167,8.0167,8.0167,12.0,8,4916816.0,4916817.0,11.9340,1.4886
AMZELEC,7824482,23952451,15,23887920,14238054,1.6778,176500296,765187812,4.3353,3,5270400,0.250,3212607,11,11,806772.0,6048927.0,3728787.3,7.4977,7.4977,7.4977,12.0,11,6397598.0,6397599.0,7.9299,1.0576
AMZELEC,7824482,23952451,15,23887920,14238054,1.6778,176500296,765187812,4.3353,3,9417600,0.375,3212607,24,24,1206691.0,8607813.0,5067428.4,7.1334,7.1334,7.1334,12.0,24,7504841.0,7504842.0,6.2194,0.8719
AMZELEC,7824482,23952451,15,23887920,14238054,1.6778,176500296,765187812,4.3353,3,15638400,0.500,3212607,32,32,1607949.0,10944733.0,6237568.2,6.8066,6.8066,6.8066,12.0,32,8372631.0,8372632.0,5.2070,0.7650
AMZELEC,7824482,23952451,15,23887920,14238054,1.6778,176500296,765187812,4.3353,3,25401600,0.625,3212607,35,35,2010484.0,13080405.0,7263142.0,6.5061,6.5061,6.5061,12.0,35,9058253.0,9058254.0,4.5055,0.6925
AMZELEC,7824482,23952451,15,23887920,14238054,1.6778,176500296,765187812,4.3353,3,40780800,0.750,3212607,46,46,2410902.0,15009160.0,8151739.6,6.2255,6.2255,6.2255,12.0,46,9602366.0,9602367.0,3.9829,0.6398
AMZELEC,7824482,23952451,15,23887920,14238054,1.6778,176500296,765187812,4.3353,3,75772800,0.875,3212607,51,51,2811619.0,16801201.0,8951419.6,5.9756,5.9756,5.9756,12.0,51,10072276.0,10072277.0,3.5824,0.5995
AMZELEC,7824482,23952451,15,23887920,14238054,1.6778,176500296,765187812,4.3353,6,15120000,0.125,1251163,7,7,156768.0,1565087.0,1020563.1,9.9835,9.9835,9.9835,12.0,7,3051476.0,3051477.0,19.4649,1.9497
AMZELEC,7824482,23952451,15,23887920,14238054,1.6778,176500296,765187812,4.3353,6,22464000,0.250,1251163,12,12,314272.0,2896749.0,1792101.2,9.2173,9.2173,9.2173,12.0,12,4133990.0,4133991.0,13.1542,1.4271
AMZELEC,7824482,23952451,15,23887920,14238054,1.6778,176500296,765187812,4.3353,6,30758400,0.375,1251163,20,20,469423.0,4112437.0,2472753.0,8.7606,8.7606,8.7606,12.0,20,4885590.0,4885591.0,10.4076,1.1880
AMZELEC,7824482,23952451,15,23887920,14238054,1.6778,176500296,765187812,4.3353,6,41212800,0.500,1251163,30,30,626037.0,5253786.0,3103640.9,8.3921,8.3921,8.3921,12.0,30,5491254.0,5491255.0,8.7715,1.0452
AMZELEC,7824482,23952451,15,23887920,14238054,1.6778,176500296,765187812,4.3353,6,57542400,0.625,1251163,37,37,782181.0,6354218.0,3715426.6,8.1237,8.1237,8.1237,12.0,37,6044204.0,6044205.0,7.7274,0.9512
AMZELEC,7824482,23952451,15,23887920,14238054,1.6778,176500296,765187812,4.3353,6,81388800,0.750,1251163,47,47,938382.0,7405881.0,4298980.2,7.8922,7.8922,7.8922,12.0,47,6539217.0,6539218.0,6.9686,0.8830
AMZELEC,7824482,23952451,15,23887920,14238054,1.6778,176500296,765187812,4.3353,6,124156800,0.875,1251163,55,55,1094918.0,8405980.0,4853106.9,7.6773,7.6773,7.6773,12.0,55,6964676.0,6964677.0,6.3609,0.8285
AMZELEC,7824482,23952451,15,23887920,14238054,1.6778,176500296,765187812,4.3353,9,31795200,0.125,490276,10,10,61499.0,656420.0,439565.2,10.6737,10.6737,10.6737,12.0,10,1826352.0,1826353.0,29.6973,2.7823
AMZELEC,7824482,23952451,15,23887920,14238054,1.6778,176500296,765187812,4.3353,9,39484800,0.250,490276,14,14,123033.0,1279559.0,839261.2,10.4001,10.4001,10.4001,12.0,14,2616468.0,2616469.0,21.2664,2.0448
AMZELEC,7824482,23952451,15,23887920,14238054,1.6778,176500296,765187812,4.3353,9,49075200,0.375,490276,16,16,184860.0,1853270.0,1190473.3,10.0253,10.0253,10.0253,12.0,16,3167235.0,3167236.0,17.1332,1.7090
AMZELEC,7824482,23952451,15,23887920,14238054,1.6778,176500296,765187812,4.3353,9,62553600,0.500,490276,29,29,245392.0,2391772.0,1515030.7,9.7467,9.7467,9.7467,12.0,29,3618271.0,3618272.0,14.7449,1.5128
AMZELEC,7824482,23952451,15,23887920,14238054,1.6778,176500296,765187812,4.3353,9,79574400,0.625,490276,36,36,306618.0,2914092.0,1831742.3,9.5040,9.5040,9.5040,12.0,36,4017230.0,4017231.0,13.1017,1.3786
AMZELEC,7824482,23952451,15,23887920,14238054,1.6778,176500296,765187812,4.3353,9,104371200,0.750,490276,50,50,367922.0,3422850.0,2144531.3,9.3032,9.3032,9.3032,12.0,50,4396110.0,4396111.0,11.9485,1.2843
AMZELEC,7824482,23952451,15,23887920,14238054,1.6778,176500296,765187812,4.3353,9,147571200,0.875,490276,56,56,428994.0,3914397.0,2447656.6,9.1246,9.1246,9.1246,12.0,56,4729289.0,4729290.0,11.0241,1.2082
AMZELEC,7824482,23952451,15,23887920,14238054,1.6778,176500296,765187812,4.3353,12,52876800,0.125,147247,12,12,18553.0,170846.0,105594.0,9.2085,9.2085,9.2085,12.0,12,486703.0,486704.0,26.2331,2.8488
AMZELEC,7824482,23952451,15,23887920,14238054,1.6778,176500296,765187812,4.3353,12,72921600,0.250,147247,15,15,38252.0,382887.0,244203.0,10.0096,10.0096,10.0096,12.0,15,1144365.0,1144366.0,29.9165,2.9888
AMZELEC,7824482,23952451,15,23887920,14238054,1.6778,176500296,765187812,4.3353,12,79920000,0.375,147247,21,21,55369.0,573953.0,373297.0,10.3660,10.3660,10.3660,12.0,21,1558951.0,1558952.0,28.1557,2.7162
AMZELEC,7824482,23952451,15,23887920,14238054,1.6778,176500296,765187812,4.3353,12,93830400,0.500,147247,35,35,73699.0,767072.0,500319.0,10.4082,10.4082,10.4082,12.0,35,1894152.0,1894153.0,25.7012,2.4693
AMZELEC,7824482,23952451,15,23887920,14238054,1.6778,176500296,765187812,4.3353,12,109036800,0.625,147247,40,40,92040.0,957563.0,626795.0,10.4038,10.4038,10.4038,12.0,40,2184935.0,2184936.0,23.7390,2.2818
AMZELEC,7824482,23952451,15,23887920,14238054,1.6778,176500296,765187812,4.3353,12,134611200,0.750,147247,44,44,110436.0,1141988.0,749906.0,10.3407,10.3407,10.3407,12.0,44,2404802.0,2404803.0,21.7755,2.1058
AMZELEC,7824482,23952451,15,23887920,14238054,1.6778,176500296,765187812,4.3353,12,165974400,0.875,147247,47,47,129463.0,1333671.0,879789.0,10.3016,10.3016,10.3016,12.0,47,2647644.0,2647645.0,20.4510,1.9852
AMZELEC,7824482,23952451,15,23887920,14238054,1.6778,176500296,765187812,4.3353,15,140227200,0.125,22697,28,28,11154.0,115235.0,81559.0,10.3313,10.3313,10.3313,12.0,28,387208.0,387209.0,34.7147,3.3602
AMZELEC,7824482,23952451,15,23887920,14238054,1.6778,176500296,765187812,4.3353,15,140227200,0.250,22697,25,25,11154.0,115235.0,81559.0,10.3313,10.3313,10.3313,12.0,25,387208.0,387209.0,34.7147,3.3602
AMZELEC,7824482,23952451,15,23887920,14238054,1.6778,176500296,765187812,4.3353,15,140227200,0.375,22697,35,35,11154.0,115235.0,81559.0,10.3313,10.3313,10.3313,12.0,35,387208.0,387209.0,34.7147,3.3602
AMZELEC,7824482,23952451,15,23887920,14238054,1.6778,176500296,765187812,4.3353,15,144547200,0.500,22697,24,24,11367.0,117345.0,82947.0,10.3233,10.3233,10.3233,12.0,24,389700.0,389701.0,34.2835,3.3210
AMZELEC,7824482,23952451,15,23887920,14238054,1.6778,176500296,765187812,4.3353,15,147484800,0.625,22697,43,43,14995.0,152483.0,103719.0,10.1689,10.1689,10.1689,12.0,43,481854.0,481855.0,32.1343,3.1601
AMZELEC,7824482,23952451,15,23887920,14238054,1.6778,176500296,765187812,4.3353,15,149904000,0.750,22697,48,48,18193.0,182085.0,120091.0,10.0085,10.0085,10.0085,12.0,48,541639.0,541640.0,29.7718,2.9746
AMZELEC,7824482,23952451,15,23887920,14238054,1.6778,176500296,765187812,4.3353,15,158457600,0.875,22697,56,56,20039.0,200764.0,131530.0,10.0187,10.0187,10.0187,12.0,56,598011.0,598012.0,29.8424,2.9787
AMZRAT,5776674,25645610,28,25445627,10548622,2.4122,130602376,816659860,6.2530,1,0,0.125,5776674,60,60,2.9,15.1,16.5,3.6782,8.1538,11.0000,12.0,60,355.4,356.4,121.0187,23.4824
AMZRAT,5776674,25645610,28,25445627,10548622,2.4122,130602376,816659860,6.2530,1,0,0.250,5776674,60,60,2.6,12.3,13.7,3.6596,7.6000,11.2500,12.0,60,372.7,373.7,186.9141,30.1808
AMZRAT,5776674,25645610,28,25445627,10548622,2.4122,130602376,816659860,6.2530,1,86400,0.375,5776674,60,60,7466.3,39068.4,32238.2,3.3975,6.0000,6.7529,12.0,60,151305.3,151306.3,57.7978,3.8728
AMZRAT,5776674,25645610,28,25445627,10548622,2.4122,130602376,816659860,6.2530,1,259200,0.500,5776674,60,60,345648.7,1791778.7,1350275.6,3.8874,6.6667,7.2500,12.0,60,1630812.9,1630813.9,34.5481,0.9102
AMZRAT,5776674,25645610,28,25445627,10548622,2.4122,130602376,816659860,6.2530,1,691200,0.625,5776674,60,60,814540.6,3964726.9,2740865.9,3.4312,4.8674,5.0000,12.0,60,2645461.0,2645462.0,19.4397,0.6672
AMZRAT,5776674,25645610,28,25445627,10548622,2.4122,130602376,816659860,6.2530,1,1814400,0.750,5776674,60,60,1379498.9,6274485.0,4003308.1,3.2567,4.5484,5.0000,12.0,60,3592535.1,3592536.1,10.2980,0.5726
AMZRAT,5776674,25645610,28,25445627,10548622,2.4122,130602376,816659860,6.2530,1,6570000,0.875,5776674,60,60,3586206.0,15054137.0,8767430.1,3.6923,4.1978,4.1978,12.0,60,7962874.8,7962875.8,3.7427,0.5289
AMZRAT,5776674,25645610,28,25445627,10548622,2.4122,130602376,816659860,6.2530,6,9766800,0.125,1416684,5,5,177891.0,1716673.0,1000466.4,9.6501,9.6501,9.6501,12.0,5,1804972.0,1804973.0,10.1465,1.0514
AMZRAT,5776674,25645610,28,25445627,10548622,2.4122,130602376,816659860,6.2530,6,15206400,0.250,1416684,15,15,354023.0,3154952.0,1740619.6,8.9117,8.9117,8.9117,12.0,15,2566935.0,2566936.0,7.2508,0.8136
AMZRAT,5776674,25645610,28,25445627,10548622,2.4122,130602376,816659860,6.2530,6,22122000,0.375,1416684,21,21,531005.0,4443202.0,2367035.2,8.3675,8.3675,8.3675,12.0,21,3145031.0,3145032.0,5.9228,0.7078
AMZRAT,5776674,25645610,28,25445627,10548622,2.4122,130602376,816659860,6.2530,6,31536000,0.500,1416684,27,27,708157.0,5623080.0,2925113.2,7.9404,7.9404,7.9404,12.0,27,3623819.0,3623820.0,5.1173,0.6445
AMZRAT,5776674,25645610,28,25445627,10548622,2.4122,130602376,816659860,6.2530,6,44665200,0.625,1416684,38,38,885288.0,6722036.0,3440215.0,7.5930,7.5930,7.5930,12.0,38,4050434.0,4050435.0,4.5753,0.6026
AMZRAT,5776674,25645610,28,25445627,10548622,2.4122,130602376,816659860,6.2530,6,65232000,0.750,1416684,44,44,1062568.0,7751716.0,3919784.7,7.2953,7.2953,7.2953,12.0,44,4430883.0,4430884.0,4.1700,0.5716
AMZRAT,5776674,25645610,28,25445627,10548622,2.4122,130602376,816659860,6.2530,6,100227600,0.875,1416684,54,54,1239411.0,8715605.0,4369757.5,7.0321,7.0321,7.0321,12.0,54,4780835.0,4780836.0,3.8573,0.5485
AMZRAT,5776674,25645610,28,25445627,10548622,2.4122,130602376,816659860,6.2530,11,23500800,0.125,666512,5,5,83279.0,864482.0,514629.8,10.3806,10.3806,10.3806,12.0,5,1001010.0,1001011.0,12.0200,1.1579
AMZRAT,5776674,25645610,28,25445627,10548622,2.4122,130602376,816659860,6.2530,11,32054400,0.250,666512,17,17,166780.0,1650436.0,948936.2,9.8959,9.8959,9.8959,12.0,17,1528384.0,1528385.0,9.1641,0.9260
AMZRAT,5776674,25645610,28,25445627,10548622,2.4122,130602376,816659860,6.2530,11,40950000,0.375,666512,20,20,250229.0,2374371.0,1335229.6,9.4888,9.4888,9.4888,12.0,20,1927918.0,1927919.0,7.7046,0.8120
AMZRAT,5776674,25645610,28,25445627,10548622,2.4122,130602376,816659860,6.2530,11,52444800,0.500,666512,32,32,333201.0,3035562.0,1673405.8,9.1103,9.1103,9.1103,12.0,32,2250628.0,2250629.0,6.7546,0.7414
AMZRAT,5776674,25645610,28,25445627,10548622,2.4122,130602376,816659860,6.2530,11,68425200,0.625,666512,38,38,416554.0,3652931.0,1983517.4,8.7694,8.7694,8.7694,12.0,38,2519503.0,2519504.0,6.0484,0.6897
AMZRAT,5776674,25645610,28,25445627,10548622,2.4122,130602376,816659860,6.2530,11,90374400,0.750,666512,46,46,499880.0,4238978.0,2277221.6,8.4800,8.4800,8.4800,12.0,46,2768763.0,2768764.0,5.5389,0.6532
AMZRAT,5776674,25645610,28,25445627,10548622,2.4122,130602376,816659860,6.2530,11,123120000,0.875,666512,50,50,583173.0,4793395.0,2556447.3,8.2195,8.2195,8.2195,12.0,50,2998976.0,2998977.0,5.1425,0.6256
AMZRAT,5776674,25645610,28,25445627,10548622,2.4122,130602376,816659860,6.2530,17,43030800,0.125,296153,8,8,38647.0,432287.0,276109.9,11.1855,11.1855,11.1855,12.0,8,566383.0,566384.0,14.6553,1.3102
AMZRAT,5776674,25645610,28,25445627,10548622,2.4122,130602376,816659860,6.2530,17,55040400,0.250,296153,16,16,73951.0,790207.0,482071.0,10.6855,10.6855,10.6855,12.0,16,844712.0,844713.0,11.4226,1.0690
AMZRAT,5776674,25645610,28,25445627,10548622,2.4122,130602376,816659860,6.2530,17,67136400,0.375,296153,20,20,110997.0,1152983.0,691758.8,10.3875,10.3875,10.3875,12.0,20,1129962.0,1129963.0,10.1801,0.9800
AMZRAT,5776674,25645610,28,25445627,10548622,2.4122,130602376,816659860,6.2530,17,79664400,0.500,296153,29,29,147995.0,1497722.0,886621.5,10.1201,10.1201,10.1201,12.0,29,1346117.0,1346118.0,9.0957,0.8988
AMZRAT,5776674,25645610,28,25445627,10548622,2.4122,130602376,816659860,6.2530,17,96336000,0.625,296153,37,37,185027.0,1823997.0,1069019.0,9.8580,9.8580,9.8580,12.0,37,1527442.0,1527443.0,8.2552,0.8374
AMZRAT,5776674,25645610,28,25445627,10548622,2.4122,130602376,816659860,6.2530,17,114130800,0.750,296153,43,43,222013.0,2137662.0,1243310.0,9.6285,9.6285,9.6285,12.0,43,1703189.0,1703190.0,7.6716,0.7968
AMZRAT,5776674,25645610,28,25445627,10548622,2.4122,130602376,816659860,6.2530,17,143506800,0.875,296153,51,51,259060.0,2435079.0,1406977.0,9.3997,9.3997,9.3997,12.0,51,1853824.0,1853825.0,7.1560,0.7613
AMZRAT,5776674,25645610,28,25445627,10548622,2.4122,130602376,816659860,6.2530,22,76374000,0.125,134284,12,12,17195.0,199298.0,137320.0,11.5905,11.5905,11.5905,12.0,12,304465.0,304466.0,17.7066,1.5277
AMZRAT,5776674,25645610,28,25445627,10548622,2.4122,130602376,816659860,6.2530,22,84585600,0.250,134284,14,14,41082.0,464555.0,303387.0,11.3080,11.3080,11.3080,12.0,14,567924.0,567925.0,13.8242,1.2225
AMZRAT,5776674,25645610,28,25445627,10548622,2.4122,130602376,816659860,6.2530,22,94172400,0.375,134284,21,21,50366.0,561654.0,361818.0,11.1515,11.1515,11.1515,12.0,21,651394.0,651395.0,12.9332,1.1598
AMZRAT,5776674,25645610,28,25445627,10548622,2.4122,130602376,816659860,6.2530,22,106534800,0.500,134284,28,28,67237.0,733336.0,464582.0,10.9067,10.9067,10.9067,12.0,28,782128.0,782129.0,11.6324,1.0665
AMZRAT,5776674,25645610,28,25445627,10548622,2.4122,130602376,816659860,6.2530,22,123465600,0.625,134284,38,38,84087.0,898059.0,561929.0,10.6801,10.6801,10.6801,12.0,38,897384.0,897385.0,10.6721,0.9992
AMZRAT,5776674,25645610,28,25445627,10548622,2.4122,130602376,816659860,6.2530,22,142650000,0.750,134284,49,49,101017.0,1055720.0,655028.0,10.4509,10.4509,10.4509,12.0,49,1006825.0,1006826.0,9.9669,0.9537
AMZRAT,5776674,25645610,28,25445627,10548622,2.4122,130602376,816659860,6.2530,22,168908400,0.875,134284,56,56,121015.0,1243757.0,768823.0,10.2777,10.2777,10.2777,12.0,56,1151771.0,1151772.0,9.5176,0.9260
AMZRAT,5776674,25645610,28,25445627,10548622,2.4122,130602376,816659860,6.2530,28,7513200,0.125,28,60,60,28.0,144.0,146.0,5.1429,5.1429,5.1429,12.0,60,644.0,645.0,23.0000,4.4722
AMZRAT,5776674,25645610,28,25445627,10548622,2.4122,130602376,816659860,6.2530,28,7513200,0.250,28,60,60,28.0,144.0,146.0,5.1429,5.1429,5.1429,12.0,60,644.0,645.0,23.0000,4.4722
AMZRAT,5776674,25645610,28,25445627,10548622,2.4122,130602376,816659860,6.2530,28,7513200,0.375,28,60,60,28.0,144.0,146.0,5.1429,5.1429,5.1429,12.0,60,644.0,645.0,23.0000,4.4722
AMZRAT,5776674,25645610,28,25445627,10548622,2.4122,130602376,816659860,6.2530,28,7513200,0.500,28,60,60,28.0,144.0,146.0,5.1429,5.1429,5.1429,12.0,60,644.0,645.0,23.0000,4.4722
AMZRAT,5776674,25645610,28,25445627,10548622,2.4122,130602376,816659860,6.2530,28,7513200,0.625,28,60,60,28.0,144.0,146.0,5.1429,5.1429,5.1429,12.0,60,644.0,645.0,23.0000,4.4722
AMZRAT,5776674,25645610,28,25445627,10548622,2.4122,130602376,816659860,6.2530,28,7513200,0.750,28,60,60,28.0,144.0,146.0,5.1429,5.1429,5.1429,12.0,60,644.0,645.0,23.0000,4.4722
AMZRAT,5776674,25645610,28,25445627,10548622,2.4122,130602376,816659860,6.2530,28,7513200,0.875,28,60,60,28.0,144.0,146.0,5.1429,5.1429,5.1429,12.0,60,644.0,645.0,23.0000,4.4722
SUPERUSER,1108715,35770033,241,35767777,2827075,12.6519,31486328,1144595936,36.3522,1,165,0.125,1108715,60,60,1.4,8.0,9.9,5.6644,11.0000,29.0000,12.0,60,3256.1,3257.1,2213.5950,407.8643
SUPERUSER,1108715,35770033,241,35767777,2827075,12.6519,31486328,1144595936,36.3522,1,391,0.250,1108715,60,60,2.6,13.6,14.7,4.6274,10.0000,13.0000,12.0,60,4263.6,4264.6,1583.7606,312.7323
SUPERUSER,1108715,35770033,241,35767777,2827075,12.6519,31486328,1144595936,36.3522,1,813,0.375,1108715,60,60,3.0,18.7,19.6,5.7733,11.0000,12.5000,12.0,60,5768.2,5769.2,2440.9992,308.1843
SUPERUSER,1108715,35770033,241,35767777,2827075,12.6519,31486328,1144595936,36.3522,1,1773,0.500,1108715,60,60,8.3,48.2,42.9,5.1397,9.3333,11.5000,12.0,60,7455.1,7456.1,1346.9125,154.7768
SUPERUSER,1108715,35770033,241,35767777,2827075,12.6519,31486328,1144595936,36.3522,1,4381,0.625,1108715,60,60,45.0,261.6,215.9,5.4130,9.0000,9.6667,12.0,60,29337.4,29338.4,1161.2623,112.1317
SUPERUSER,1108715,35770033,241,35767777,2827075,12.6519,31486328,1144595936,36.3522,1,13572,0.750,1108715,60,60,727.7,4470.3,2952.8,4.9638,6.5600,9.0000,12.0,60,112528.1,112529.1,499.1037,25.1723
SUPERUSER,1108715,35770033,241,35767777,2827075,12.6519,31486328,1144595936,36.3522,1,92203,0.875,1108715,60,60,652215.3,3580327.8,1859690.5,4.8272,5.4895,5.4895,12.0,60,1519900.4,1519901.4,40.7225,0.4245
SUPERUSER,1108715,35770033,241,35767777,2827075,12.6519,31486328,1144595936,36.3522,49,10302754,0.125,227996,8,8,28531.0,308966.0,197963.1,10.8291,10.8291,10.8291,12.0,8,406431.0,406432.0,14.2452,1.3155
SUPERUSER,1108715,35770033,241,35767777,2827075,12.6519,31486328,1144595936,36.3522,49,15796025,0.250,227996,12,12,57028.0,586716.0,361836.7,10.2882,10.2882,10.2882,12.0,12,610181.0,610182.0,10.6997,1.0400
SUPERUSER,1108715,35770033,241,35767777,2827075,12.6519,31486328,1144595936,36.3522,49,22991371,0.375,227996,20,20,85624.0,851066.0,514037.8,9.9396,9.9396,9.9396,12.0,20,735215.0,735216.0,8.5866,0.8639
SUPERUSER,1108715,35770033,241,35767777,2827075,12.6519,31486328,1144595936,36.3522,49,30393335,0.500,227996,30,30,113999.0,1084217.0,638421.4,9.5108,9.5108,9.5108,12.0,30,829038.0,829039.0,7.2723,0.7646
SUPERUSER,1108715,35770033,241,35767777,2827075,12.6519,31486328,1144595936,36.3522,49,43029039,0.625,227996,39,39,142508.0,1304179.0,750155.6,9.1516,9.1516,9.1516,12.0,39,893974.0,893975.0,6.2731,0.6855
SUPERUSER,1108715,35770033,241,35767777,2827075,12.6519,31486328,1144595936,36.3522,49,60922969,0.750,227996,47,47,171040.0,1510402.0,853148.1,8.8307,8.8307,8.8307,12.0,47,947916.0,947917.0,5.5421,0.6276
SUPERUSER,1108715,35770033,241,35767777,2827075,12.6519,31486328,1144595936,36.3522,49,93043861,0.875,227996,52,52,199569.0,1707732.0,952806.0,8.5571,8.5571,8.5571,12.0,52,998178.0,998179.0,5.0017,0.5845
SUPERUSER,1108715,35770033,241,35767777,2827075,12.6519,31486328,1144595936,36.3522,97,22513476,0.125,102977,6,6,13100.0,157188.0,110760.0,11.9991,11.9991,11.9991,12.0,6,273911.0,273912.0,20.9092,1.7426
SUPERUSER,1108715,35770033,241,35767777,2827075,12.6519,31486328,1144595936,36.3522,97,31899828,0.250,102977,13,13,25749.0,294021.0,198471.0,11.4187,11.4187,11.4187,12.0,13,402813.0,402814.0,15.6438,1.3700
SUPERUSER,1108715,35770033,241,35767777,2827075,12.6519,31486328,1144595936,36.3522,97,41813971,0.375,102977,25,25,38911.0,425716.0,281980.0,10.9408,10.9408,10.9408,12.0,25,472693.0,472694.0,12.1481,1.1103
SUPERUSER,1108715,35770033,241,35767777,2827075,12.6519,31486328,1144595936,36.3522,97,55728648,0.500,102977,27,27,51489.0,558292.0,368358.0,10.8429,10.8429,10.8429,12.0,27,555260.0,555261.0,10.7841,0.9946
SUPERUSER,1108715,35770033,241,35767777,2827075,12.6519,31486328,1144595936,36.3522,97,67093559,0.625,102977,35,35,64361.0,675922.0,437900.0,10.5020,10.5020,10.5020,12.0,35,604069.0,604070.0,9.3856,0.8937
SUPERUSER,1108715,35770033,241,35767777,2827075,12.6519,31486328,1144595936,36.3522,97,87504012,0.750,102977,45,45,77902.0,794143.0,508121.0,10.1941,10.1941,10.1941,12.0,45,652205.0,652206.0,8.3721,0.8213
SUPERUSER,1108715,35770033,241,35767777,2827075,12.6519,31486328,1144595936,36.3522,97,120743888,0.875,102977,47,47,90135.0,895647.0,566621.0,9.9367,9.9367,9.9367,12.0,47,689981.0,689982.0,7.6550,0.7704
SUPERUSER,1108715,35770033,241,35767777,2827075,12.6519,31486328,1144595936,36.3522,145,33405226,0.125,43649,12,12,5759.0,71998.0,53126.0,12.5018,12.5018,12.5018,12.0,12,173426.0,173427.0,30.1139,2.4088
SUPERUSER,1108715,35770033,241,35767777,2827075,12.6519,31486328,1144595936,36.3522,145,37270462,0.250,43649,23,23,10914.0,134035.0,95955.0,12.2810,12.2810,12.2810,12.0,23,239756.0,239757.0,21.9677,1.7888
SUPERUSER,1108715,35770033,241,35767777,2827075,12.6519,31486328,1144595936,36.3522,145,46200139,0.375,43649,21,21,16742.0,203035.0,143233.0,12.1273,12.1273,12.1273,12.0,21,322574.0,322575.0,19.2674,1.5888
SUPERUSER,1108715,35770033,241,35767777,2827075,12.6519,31486328,1144595936,36.3522,145,55148550,0.500,43649,25,25,21849.0,258659.0,180555.0,11.8385,11.8385,11.8385,12.0,25,357143.0,357144.0,16.3460,1.3807
SUPERUSER,1108715,35770033,241,35767777,2827075,12.6519,31486328,1144595936,36.3522,145,76496757,0.625,43649,35,35,29110.0,338920.0,236630.0,11.6427,11.6427,11.6427,12.0,35,416909.0,416910.0,14.3218,1.2301
SUPERUSER,1108715,35770033,241,35767777,2827075,12.6519,31486328,1144595936,36.3522,145,87174165,0.750,43649,41,41,33026.0,381270.0,265538.0,11.5445,11.5445,11.5445,12.0,41,447119.0,447120.0,13.5384,1.1727
SUPERUSER,1108715,35770033,241,35767777,2827075,12.6519,31486328,1144595936,36.3522,145,115341812,0.875,43649,56,56,38503.0,439388.0,304768.0,11.4118,11.4118,11.4118,12.0,56,479652.0,479653.0,12.4575,1.0916
SUPERUSER,1108715,35770033,241,35767777,2827075,12.6519,31486328,1144595936,36.3522,193,56316540,0.125,24834,11,11,4499.0,57044.0,44320.0,12.6793,12.6793,12.6793,12.0,11,158461.0,158462.0,35.2214,2.7779
SUPERUSER,1108715,35770033,241,35767777,2827075,12.6519,31486328,1144595936,36.3522,193,61072279,0.250,24834,15,15,6375.0,82909.0,63747.0,13.0053,13.0053,13.0053,12.0,15,211230.0,211231.0,33.1341,2.5477
SUPERUSER,1108715,35770033,241,35767777,2827075,12.6519,31486328,1144595936,36.3522,193,67720761,0.375,24834,18,18,9453.0,120309.0,90363.0,12.7271,12.7271,12.7271,12.0,18,245440.0,245441.0,25.9642,2.0401
SUPERUSER,1108715,35770033,241,35767777,2827075,12.6519,31486328,1144595936,36.3522,193,90611274,0.500,24834,34,34,14220.0,178315.0,132369.0,12.5397,12.5397,12.5397,12.0,34,292892.0,292893.0,20.5972,1.6426
SUPERUSER,1108715,35770033,241,35767777,2827075,12.6519,31486328,1144595936,36.3522,193,108890989,0.625,24834,34,34,16286.0,203130.0,150404.0,12.4727,12.4727,12.4727,12.0,34,308541.0,308542.0,18.9452,1.5189
SUPERUSER,1108715,35770033,241,35767777,2827075,12.6519,31486328,1144595936,36.3522,193,123200731,0.750,24834,51,51,22595.0,275882.0,200456.0,12.2099,12.2099,12.2099,12.0,51,371592.0,371593.0,16.4458,1.3469
SUPERUSER,1108715,35770033,241,35767777,2827075,12.6519,31486328,1144595936,36.3522,193,123200731,0.875,24834,55,55,22595.0,275882.0,200456.0,12.2099,12.2099,12.2099,12.0,55,371592.0,371593.0,16.4458,1.3469
SUPERUSER,1108715,35770033,241,35767777,2827075,12.6519,31486328,1144595936,36.3522,241,147551670,0.125,7593,60,60,7572.0,100559.0,78627.0,13.2804,13.2804,13.2804,12.0,60,213540.0,213541.0,28.2013,2.1235
SUPERUSER,1108715,35770033,241,35767777,2827075,12.6519,31486328,1144595936,36.3522,241,147551670,0.250,7593,60,60,7572.0,100559.0,78627.0,13.2804,13.2804,13.2804,12.0,60,213540.0,213541.0,28.2013,2.1235
SUPERUSER,1108715,35770033,241,35767777,2827075,12.6519,31486328,1144595936,36.3522,241,147551670,0.375,7593,60,60,7572.0,100559.0,78627.0,13.2804,13.2804,13.2804,12.0,60,213540.0,213541.0,28.2013,2.1235
SUPERUSER,1108715,35770033,241,35767777,2827075,12.6519,31486328,1144595936,36.3522,241,147551670,0.500,7593,60,60,7572.0,100559.0,78627.0,13.2804,13.2804,13.2804,12.0,60,213540.0,213541.0,28.2013,2.1235
SUPERUSER,1108715,35770033,241,35767777,2827075,12.6519,31486328,1144595936,36.3522,241,147551670,0.625,7593,60,60,7572.0,100559.0,78627.0,13.2804,13.2804,13.2804,12.0,60,213540.0,213541.0,28.2013,2.1235
SUPERUSER,1108715,35770033,241,35767777,2827075,12.6519,31486328,1144595936,36.3522,241,147551670,0.750,7593,60,60,7572.0,100559.0,78627.0,13.2804,13.2804,13.2804,12.0,60,213540.0,213541.0,28.2013,2.1235
SUPERUSER,1108715,35770033,241,35767777,2827075,12.6519,31486328,1144595936,36.3522,241,147551670,0.875,7593,60,60,7572.0,100559.0,78627.0,13.2804,13.2804,13.2804,12.0,60,213540.0,213541.0,28.2013,2.1235
GOWALLA,6442291,115552059,523,115508922,15485492,7.4592,175422272,3696803148,21.0737,1,28,0.125,6442291,60,60,1.9,9.4,11.1,5.0465,8.0000,16.0000,12.0,60,602.0,603.0,461.9837,63.9257
GOWALLA,6442291,115552059,523,115508922,15485492,7.4592,175422272,3696803148,21.0737,1,544,0.250,6442291,60,60,4.9,23.2,22.6,5.0190,9.0000,12.0000,12.0,60,638.5,639.5,272.4233,27.4996
GOWALLA,6442291,115552059,523,115508922,15485492,7.4592,175422272,3696803148,21.0737,1,3526,0.375,6442291,60,60,16.0,90.2,77.1,5.3520,10.0000,13.0000,12.0,60,1704.7,1705.7,195.0322,18.8885
GOWALLA,6442291,115552059,523,115508922,15485492,7.4592,175422272,3696803148,21.0737,1,10417,0.500,6442291,60,60,24.0,152.5,133.5,4.3270,6.5000,7.2873,12.0,60,4011.5,4012.5,147.2330,26.3047
GOWALLA,6442291,115552059,523,115508922,15485492,7.4592,175422272,3696803148,21.0737,1,28206,0.625,6442291,60,60,56357.1,337210.6,245083.3,4.5373,6.1667,6.5000,12.0,60,753640.7,753641.7,113.6633,2.2349
GOWALLA,6442291,115552059,523,115508922,15485492,7.4592,175422272,3696803148,21.0737,1,65958,0.750,6442291,60,60,590592.8,3281102.7,2172564.9,4.8223,5.8571,6.5000,12.0,60,2795780.3,2795781.3,46.4520,0.8521
GOWALLA,6442291,115552059,523,115508922,15485492,7.4592,175422272,3696803148,21.0737,1,117088,0.875,6442291,60,60,2609784.8,13585970.6,8147686.4,4.7787,5.2058,5.8750,12.0,60,7567307.5,7567308.5,18.4054,0.5570
GOWALLA,6442291,115552059,523,115508922,15485492,7.4592,175422272,3696803148,21.0737,105,6979597,0.125,84480,10,10,348.9,1824.4,1422.0,4.7432,5.5638,6.0881,12.0,10,2320.0,2321.0,6.3291,1.2717
GOWALLA,6442291,115552059,523,115508922,15485492,7.4592,175422272,3696803148,21.0737,105,8969329,0.250,84480,12,12,450.3,2762.9,2173.4,5.1168,6.2718,7.4695,12.0,12,3131.8,3132.8,6.0234,1.1335
GOWALLA,6442291,115552059,523,115508922,15485492,7.4592,175422272,3696803148,21.0737,105,10686814,0.375,84480,28,28,330.6,1792.2,1378.6,4.8489,6.0133,6.6157,12.0,28,1783.1,1784.1,6.2300,0.9949
GOWALLA,6442291,115552059,523,115508922,15485492,7.4592,175422272,3696803148,21.0737,105,12797653,0.500,84480,39,39,779.9,4731.3,3619.2,5.0217,6.9126,6.9126,12.0,39,4885.9,4886.9,5.9955,1.0327
GOWALLA,6442291,115552059,523,115508922,15485492,7.4592,175422272,3696803148,21.0737,105,14432521,0.625,84480,33,33,2327.8,15479.9,12061.6,5.1465,6.8165,6.8165,12.0,33,17472.1,17473.1,5.7830,1.1287
GOWALLA,6442291,115552059,523,115508922,15485492,7.4592,175422272,3696803148,21.0737,105,16675828,0.750,84480,52,52,5225.4,33881.2,26043.4,5.3021,6.5489,6.5771,12.0,52,35205.9,35206.9,5.8690,1.0391
GOWALLA,6442291,115552059,523,115508922,15485492,7.4592,175422272,3696803148,21.0737,105,19435514,0.875,84480,50,50,9350.0,60312.6,46725.2,5.3307,6.5185,6.5185,12.0,50,62821.7,62822.7,5.8408,1.0416
GOWALLA,6442291,115552059,523,115508922,15485492,7.4592,175422272,3696803148,21.0737,209,12143305,0.125,11825,11,11,256.7,1080.9,1058.4,4.2451,4.7276,4.7768,12.0,11,1913.2,1914.2,7.6600,1.7700
GOWALLA,6442291,115552059,523,115508922,15485492,7.4592,175422272,3696803148,21.0737,209,15025122,0.250,11825,19,19,377.6,2197.7,1825.8,5.3584,7.1742,7.1742,12.0,19,2606.6,2607.6,7.2480,1.1861
GOWALLA,6442291,115552059,523,115508922,15485492,7.4592,175422272,3696803148,21.0737,209,16587269,0.375,11825,20,20,350.8,1567.2,1405.0,4.4019,7.1041,7.1041,12.0,20,1802.8,1803.8,5.7554,1.1503
GOWALLA,6442291,115552059,523,115508922,15485492,7.4592,175422272,3696803148,21.0737,209,18490351,0.500,11825,31,31,540.6,3053.6,2227.5,4.9175,6.6489,6.6489,12.0,31,2406.4,2407.4,4.6719,0.7880
GOWALLA,6442291,115552059,523,115508922,15485492,7.4592,175422272,3696803148,21.0737,209,20135649,0.625,11825,45,45,574.1,3250.3,2427.5,5.0495,6.6135,7.4420,12.0,45,2831.2,2832.2,5.2710,0.8710
GOWALLA,6442291,115552059,523,115508922,15485492,7.4592,175422272,3696803148,21.0737,209,21877401,0.750,11825,48,48,613.4,3466.2,2785.0,4.9101,7.1249,7.1249,12.0,48,3449.5,3450.5,5.1824,0.9952
GOWALLA,6442291,115552059,523,115508922,15485492,7.4592,175422272,3696803148,21.0737,209,24345759,0.875,11825,52,52,759.8,4895.3,3827.2,5.4813,7.6892,7.6892,12.0,52,4653.7,4654.7,5.3911,0.9506
GOWALLA,6442291,115552059,523,115508922,15485492,7.4592,175422272,3696803148,21.0737,314,16751704,0.125,2065,7,7,314.0,851.0,839.0,2.7102,2.7102,2.7102,12.0,7,1379.0,1380.0,4.3917,1.6204
GOWALLA,6442291,115552059,523,115508922,15485492,7.4592,175422272,3696803148,21.0737,314,18947143,0.250,2065,13,13,522.0,1529.0,1469.0,2.9291,2.9291,2.9291,12.0,13,1379.0,1380.0,2.6418,0.9019
GOWALLA,6442291,115552059,523,115508922,15485492,7.4592,175422272,3696803148,21.0737,314,20059201,0.375,2065,25,25,439.4,1423.8,1383.0,3.3653,4.0223,4.0223,12.0,25,1543.0,1544.0,3.8610,1.0837
GOWALLA,6442291,115552059,523,115508922,15485492,7.4592,175422272,3696803148,21.0737,314,20923208,0.500,2065,40,40,377.4,1453.3,1418.4,4.0353,4.7293,4.7293,12.0,40,1763.8,1764.8,5.0787,1.2136
GOWALLA,6442291,115552059,523,115508922,15485492,7.4592,175422272,3696803148,21.0737,314,25412965,0.625,2065,58,58,615.4,3348.0,2542.1,4.9143,6.9673,6.9673,12.0,58,2858.9,2859.9,4.5706,0.8539
GOWALLA,6442291,115552059,523,115508922,15485492,7.4592,175422272,3696803148,21.0737,314,25412965,0.750,2065,60,60,621.2,3442.7,2598.6,5.0129,6.9673,6.9673,12.0,60,2933.0,2934.0,4.6561,0.8520
GOWALLA,6442291,115552059,523,115508922,15485492,7.4592,175422272,3696803148,21.0737,314,25412965,0.875,2065,60,60,615.2,3638.1,2705.0,5.3225,6.9673,6.9673,12.0,60,3143.6,3144.6,5.1266,0.8641
GOWALLA,6442291,115552059,523,115508922,15485492,7.4592,175422272,3696803148,21.0737,418,23707701,0.125,523,44,44,418.0,1257.0,1203.0,3.0072,3.0072,3.0072,12.0,44,1379.0,1380.0,3.2990,1.0971
GOWALLA,6442291,115552059,523,115508922,15485492,7.4592,175422272,3696803148,21.0737,418,23707701,0.250,523,47,47,418.0,1257.0,1203.0,3.0072,3.0072,3.0072,12.0,47,1379.0,1380.0,3.2990,1.0971
GOWALLA,6442291,115552059,523,115508922,15485492,7.4592,175422272,3696803148,21.0737,418,23707701,0.375,523,45,45,418.0,1257.0,1203.0,3.0072,3.0072,3.0072,12.0,45,1379.0,1380.0,3.2990,1.0971
GOWALLA,6442291,115552059,523,115508922,15485492,7.4592,175422272,3696803148,21.0737,418,23707701,0.500,523,47,47,418.0,1257.0,1203.0,3.0072,3.0072,3.0072,12.0,47,1379.0,1380.0,3.2990,1.0971
GOWALLA,6442291,115552059,523,115508922,15485492,7.4592,175422272,3696803148,21.0737,418,23707701,0.625,523,57,57,418.0,1257.0,1203.0,3.0072,3.0072,3.0072,12.0,57,1379.0,1380.0,3.2990,1.0971
GOWALLA,6442291,115552059,523,115508922,15485492,7.4592,175422272,3696803148,21.0737,418,23707701,0.750,523,48,48,418.0,1257.0,1203.0,3.0072,3.0072,3.0072,12.0,48,1379.0,1380.0,3.2990,1.0971
GOWALLA,6442291,115552059,523,115508922,15485492,7.4592,175422272,3696803148,21.0737,418,24088786,0.875,523,56,56,461.0,1365.0,1307.0,2.9610,2.9610,2.9610,12.0,56,1379.0,1380.0,2.9913,1.0103
GOWALLA,6442291,115552059,523,115508922,15485492,7.4592,175422272,3696803148,21.0737,523,29719776,0.125,523,60,60,523.0,1531.0,1471.0,2.9273,2.9273,2.9273,12.0,60,1379.0,1380.0,2.6367,0.9007
GOWALLA,6442291,115552059,523,115508922,15485492,7.4592,175422272,3696803148,21.0737,523,29719776,0.250,523,60,60,523.0,1531.0,1471.0,2.9273,2.9273,2.9273,12.0,60,1379.0,1380.0,2.6367,0.9007
GOWALLA,6442291,115552059,523,115508922,15485492,7.4592,175422272,3696803148,21.0737,523,29719776,0.375,523,60,60,523.0,1531.0,1471.0,2.9273,2.9273,2.9273,12.0,60,1379.0,1380.0,2.6367,0.9007
GOWALLA,6442291,115552059,523,115508922,15485492,7.4592,175422272,3696803148,21.0737,523,29719776,0.500,523,60,60,523.0,1531.0,1471.0,2.9273,2.9273,2.9273,12.0,60,1379.0,1380.0,2.6367,0.9007
GOWALLA,6442291,115552059,523,115508922,15485492,7.4592,175422272,3696803148,21.0737,523,29719776,0.625,523,60,60,523.0,1531.0,1471.0,2.9273,2.9273,2.9273,12.0,60,1379.0,1380.0,2.6367,0.9007
GOWALLA,6442291,115552059,523,115508922,15485492,7.4592,175422272,3696803148,21.0737,523,29719776,0.750,523,60,60,523.0,1531.0,1471.0,2.9273,2.9273,2.9273,12.0,60,1379.0,1380.0,2.6367,0.9007
GOWALLA,6442291,115552059,523,115508922,15485492,7.4592,175422272,3696803148,21.0737,523,29719776,0.875,523,60,60,523.0,1531.0,1471.0,2.9273,2.9273,2.9273,12.0,60,1379.0,1380.0,2.6367,0.9007
DIGG,1726173,123159090,209,123151202,5314041,23.1747,56321720,3940933120,69.9718,1,1,0.125,1726173,60,60,1.5,9.9,11.8,6.1208,12.0000,13.0000,12.0,60,1639.3,1640.3,1251.3389,166.1470
DIGG,1726173,123159090,209,123151202,5314041,23.1747,56321720,3940933120,69.9718,1,3,0.250,1726173,60,60,2.6,17.3,18.1,6.0587,12.0000,13.0000,12.0,60,1386.5,1387.5,626.2049,80.0674
DIGG,1726173,123159090,209,123151202,5314041,23.1747,56321720,3940933120,69.9718,1,6,0.375,1726173,60,60,3.3,22.7,23.6,6.1827,12.0000,15.5000,12.0,60,1675.6,1676.6,715.8999,73.8699
DIGG,1726173,123159090,209,123151202,5314041,23.1747,56321720,3940933120,69.9718,1,23,0.500,1726173,60,60,10.1,73.0,67.0,6.7498,11.0000,17.0000,12.0,60,5608.7,5609.7,652.4778,76.8839
DIGG,1726173,123159090,209,123151202,5314041,23.1747,56321720,3940933120,69.9718,1,182,0.625,1726173,60,60,22.8,135.2,117.0,5.5096,9.2143,11.0000,12.0,60,8288.4,8289.4,477.1202,61.2817
DIGG,1726173,123159090,209,123151202,5314041,23.1747,56321720,3940933120,69.9718,1,1912,0.750,1726173,60,60,195.2,1426.0,1085.0,6.0766,11.3333,12.4000,12.0,60,71841.9,71842.9,625.1343,50.3812
DIGG,1726173,123159090,209,123151202,5314041,23.1747,56321720,3940933120,69.9718,1,19012,0.875,1726173,60,60,620315.8,4253239.1,2074869.2,6.0527,6.8627,7.1657,12.0,60,2099770.4,2099771.4,45.8400,0.4937
DIGG,1726173,123159090,209,123151202,5314041,23.1747,56321720,3940933120,69.9718,42,1469185,0.125,882884,8,8,110458.0,1067857.0,451832.0,9.6675,9.6675,9.6675,12.0,8,667232.0,667233.0,6.0406,0.6248
DIGG,1726173,123159090,209,123151202,5314041,23.1747,56321720,3940933120,69.9718,42,2162027,0.250,882884,15,15,220726.0,2115054.0,828533.9,9.5823,9.5823,9.5823,12.0,15,1020465.0,1020466.0,4.6232,0.4825
DIGG,1726173,123159090,209,123151202,5314041,23.1747,56321720,3940933120,69.9718,42,2949710,0.375,882884,24,24,331082.0,3158308.0,1226595.0,9.5394,9.5394,9.5394,12.0,24,1397422.0,1397423.0,4.2208,0.4425
DIGG,1726173,123159090,209,123151202,5314041,23.1747,56321720,3940933120,69.9718,42,4057650,0.500,882884,31,31,441443.0,4112939.0,1556495.8,9.3170,9.3170,9.3170,12.0,31,1673122.0,1673123.0,3.7901,0.4068
DIGG,1726173,123159090,209,123151202,5314041,23.1747,56321720,3940933120,69.9718,42,5739732,0.625,882884,42,42,551840.0,5011080.0,1849005.0,9.0807,9.0807,9.0807,12.0,42,1894453.0,1894454.0,3.4330,0.3781
DIGG,1726173,123159090,209,123151202,5314041,23.1747,56321720,3940933120,69.9718,42,9406607,0.750,882884,48,48,662178.0,5781424.0,2050643.0,8.7309,8.7309,8.7309,12.0,48,2048878.0,2048879.0,3.0941,0.3544
DIGG,1726173,123159090,209,123151202,5314041,23.1747,56321720,3940933120,69.9718,42,17733330,0.875,882884,48,48,772523.0,6506154.0,2250965.1,8.4220,8.4220,8.4220,12.0,48,2187343.0,2187344.0,2.8314,0.3362
DIGG,1726173,123159090,209,123151202,5314041,23.1747,56321720,3940933120,69.9718,84,3448080,0.125,607291,6,6,75986.0,764011.0,355611.0,10.0546,10.0546,10.0546,12.0,6,487979.0,487980.0,6.4220,0.6387
DIGG,1726173,123159090,209,123151202,5314041,23.1747,56321720,3940933120,69.9718,84,4520558,0.250,607291,20,20,151904.0,1528489.0,667845.2,10.0622,10.0622,10.0622,12.0,20,742165.0,742166.0,4.8858,0.4856
DIGG,1726173,123159090,209,123151202,5314041,23.1747,56321720,3940933120,69.9718,84,6375432,0.375,607291,32,32,227738.0,2227583.0,913555.3,9.7813,9.7813,9.7813,12.0,32,970492.0,970493.0,4.2614,0.4357
DIGG,1726173,123159090,209,123151202,5314041,23.1747,56321720,3940933120,69.9718,84,8474954,0.500,607291,29,29,304123.0,2955274.0,1206178.9,9.7174,9.7174,9.7174,12.0,29,1207245.0,1207246.0,3.9696,0.4085
DIGG,1726173,123159090,209,123151202,5314041,23.1747,56321720,3940933120,69.9718,84,10937439,0.625,607291,34,34,379633.0,3629347.0,1457247.0,9.5601,9.5601,9.5601,12.0,34,1427008.0,1427009.0,3.7589,0.3932
DIGG,1726173,123159090,209,123151202,5314041,23.1747,56321720,3940933120,69.9718,84,15627452,0.750,607291,44,44,455507.0,4246764.0,1670445.2,9.3232,9.3232,9.3232,12.0,44,1588389.0,1588390.0,3.4871,0.3740
DIGG,1726173,123159090,209,123151202,5314041,23.1747,56321720,3940933120,69.9718,84,24829163,0.875,607291,52,52,531459.0,4831022.0,1872430.1,9.0901,9.0901,9.0901,12.0,52,1747161.0,1747162.0,3.2875,0.3617
DIGG,1726173,123159090,209,123151202,5314041,23.1747,56321720,3940933120,69.9718,125,5640107,0.125,434727,6,6,56502.0,598409.0,314001.0,10.5909,10.5909,10.5909,12.0,6,402810.0,402811.0,7.1291,0.6731
DIGG,1726173,123159090,209,123151202,5314041,23.1747,56321720,3940933120,69.9718,125,7370890,0.250,434727,10,10,108797.0,1125999.0,530963.0,10.3495,10.3495,10.3495,12.0,10,578064.0,578065.0,5.3132,0.5134
DIGG,1726173,123159090,209,123151202,5314041,23.1747,56321720,3940933120,69.9718,125,9288357,0.375,434727,25,25,163194.0,1661660.0,742238.0,10.1821,10.1821,10.1821,12.0,25,758968.0,758969.0,4.6507,0.4568
DIGG,1726173,123159090,209,123151202,5314041,23.1747,56321720,3940933120,69.9718,125,12645243,0.500,434727,37,37,217432.0,2178583.0,941295.0,10.0196,10.0196,10.0196,12.0,37,916514.0,916515.0,4.2152,0.4207
DIGG,1726173,123159090,209,123151202,5314041,23.1747,56321720,3940933120,69.9718,125,16420547,0.625,434727,37,37,275445.0,2739121.0,1173348.5,9.9443,9.9443,9.9443,12.0,37,1105359.0,1105360.0,4.0130,0.4035
DIGG,1726173,123159090,209,123151202,5314041,23.1747,56321720,3940933120,69.9718,125,19637411,0.750,434727,38,38,326076.0,3212895.0,1367027.3,9.8532,9.8532,9.8532,12.0,38,1263025.0,1263026.0,3.8734,0.3931
DIGG,1726173,123159090,209,123151202,5314041,23.1747,56321720,3940933120,69.9718,125,29696709,0.875,434727,50,50,380400.0,3671416.0,1541910.0,9.6515,9.6515,9.6515,12.0,50,1395810.0,1395811.0,3.6693,0.3802
DIGG,1726173,123159090,209,123151202,5314041,23.1747,56321720,3940933120,69.9718,167,10782176,0.125,297495,9,9,62486.0,679254.0,377980.0,10.8705,10.8705,10.8705,12.0,9,412958.0,412959.0,6.6088,0.6080
DIGG,1726173,123159090,209,123151202,5314041,23.1747,56321720,3940933120,69.9718,167,11614787,0.250,297495,16,16,76499.0,821995.0,437261.0,10.7452,10.7452,10.7452,12.0,16,462294.0,462295.0,6.0431,0.5624
DIGG,1726173,123159090,209,123151202,5314041,23.1747,56321720,3940933120,69.9718,167,14009530,0.375,297495,24,24,111645.0,1188229.0,592659.0,10.6429,10.6429,10.6429,12.0,24,582867.0,582868.0,5.2207,0.4905
DIGG,1726173,123159090,209,123151202,5314041,23.1747,56321720,3940933120,69.9718,167,16478113,0.500,297495,36,36,149629.0,1571250.0,747018.0,10.5010,10.5010,10.5010,12.0,36,704945.0,704946.0,4.7113,0.4487
DIGG,1726173,123159090,209,123151202,5314041,23.1747,56321720,3940933120,69.9718,167,21743099,0.625,297495,41,41,186642.0,1928772.0,894730.0,10.3341,10.3341,10.3341,12.0,41,820987.0,820988.0,4.3987,0.4257
DIGG,1726173,123159090,209,123151202,5314041,23.1747,56321720,3940933120,69.9718,167,27779511,0.750,297495,46,46,223261.0,2293908.0,1052020.0,10.2746,10.2746,10.2746,12.0,46,944880.0,944881.0,4.2322,0.4119
DIGG,1726173,123159090,209,123151202,5314041,23.1747,56321720,3940933120,69.9718,167,35154168,0.875,297495,55,55,261418.0,2669037.0,1218233.0,10.2098,10.2098,10.2098,12.0,55,1076774.0,1076775.0,4.1190,0.4034
DIGG,1726173,123159090,209,123151202,5314041,23.1747,56321720,3940933120,69.9718,209,79341348,0.125,118370,60,60,118352.0,1306169.0,706503.0,11.0363,11.0363,11.0363,12.0,60,614023.0,614024.0,5.1881,0.4701
DIGG,1726173,123159090,209,123151202,5314041,23.1747,56321720,3940933120,69.9718,209,79341348,0.250,118370,60,60,118352.0,1306169.0,706503.0,11.0363,11.0363,11.0363,12.0,60,614023.0,614024.0,5.1881,0.4701
DIGG,1726173,123159090,209,123151202,5314041,23.1747,56321720,3940933120,69.9718,209,79341348,0.375,118370,60,60,118352.0,1306169.0,706503.0,11.0363,11.0363,11.0363,12.0,60,614023.0,614024.0,5.1881,0.4701
DIGG,1726173,123159090,209,123151202,5314041,23.1747,56321720,3940933120,69.9718,209,79341348,0.500,118370,60,60,118352.0,1306169.0,706503.0,11.0363,11.0363,11.0363,12.0,60,614023.0,614024.0,5.1881,0.4701
DIGG,1726173,123159090,209,123151202,5314041,23.1747,56321720,3940933120,69.9718,209,79341348,0.625,118370,60,60,118352.0,1306169.0,706503.0,11.0363,11.0363,11.0363,12.0,60,614023.0,614024.0,5.1881,0.4701
DIGG,1726173,123159090,209,123151202,5314041,23.1747,56321720,3940933120,69.9718,209,79341348,0.750,118370,60,60,118352.0,1306169.0,706503.0,11.0363,11.0363,11.0363,12.0,60,614023.0,614024.0,5.1881,0.4701
DIGG,1726173,123159090,209,123151202,5314041,23.1747,56321720,3940933120,69.9718,209,79341348,0.875,118370,60,60,118352.0,1306169.0,706503.0,11.0363,11.0363,11.0363,12.0,60,614023.0,614024.0,5.1881,0.4701
AB,22507155,147127892,46,146982706,47259247,3.1101,558131224,4705188824,8.4303,1,0,0.125,22507155,60,60,57.6,318.3,285.0,4.1515,8.2500,12.5000,12.0,60,13572.4,13573.4,262.8153,42.6401
AB,22507155,147127892,46,146982706,47259247,3.1101,558131224,4705188824,8.4303,1,0,0.250,22507155,60,60,66.7,375.3,339.7,3.7914,7.0000,10.0000,12.0,60,16072.3,16073.3,204.0757,42.8234
AB,22507155,147127892,46,146982706,47259247,3.1101,558131224,4705188824,8.4303,1,86400,0.375,22507155,60,60,1896432.2,10220522.6,7378737.8,4.2457,6.7500,12.0000,12.0,60,9109285.8,9109286.8,90.9254,0.8913
AB,22507155,147127892,46,146982706,47259247,3.1101,558131224,4705188824,8.4303,1,86400,0.500,22507155,60,60,1517143.4,8176406.9,5902920.9,4.5060,9.0000,11.0000,12.0,60,7286866.6,7286867.6,90.4063,0.8912
AB,22507155,147127892,46,146982706,47259247,3.1101,558131224,4705188824,8.4303,1,345600,0.625,22507155,60,60,5249470.3,27395435.9,17902469.5,4.4660,6.1818,9.0000,12.0,60,17308618.3,17308619.3,49.1819,0.6318
AB,22507155,147127892,46,146982706,47259247,3.1101,558131224,4705188824,8.4303,1,1036800,0.750,22507155,60,60,8591007.6,42736309.2,25506546.6,4.2179,5.0000,6.0000,12.0,60,22910205.3,22910206.3,18.1290,0.5361
AB,22507155,147127892,46,146982706,47259247,3.1101,558131224,4705188824,8.4303,1,4492800,0.875,22507155,60,60,15653254.3,72706645.2,39039392.4,4.3727,4.6448,4.6448,12.0,60,35314299.1,35314300.1,3.0191,0.4857
AB,22507155,147127892,46,146982706,47259247,3.1101,558131224,4705188824,8.4303,10,7603200,0.125,4701968,10,10,592279.0,5251566.0,2691876.5,8.8667,8.8667,8.8667,12.0,10,4532189.0,4532190.0,7.6521,0.8630
AB,22507155,147127892,46,146982706,47259247,3.1101,558131224,4705188824,8.4303,10,12096000,0.250,4701968,17,17,1183445.0,10380277.0,5205992.9,8.7712,8.7712,8.7712,12.0,17,8151115.0,8151116.0,6.8876,0.7853
AB,22507155,147127892,46,146982706,47259247,3.1101,558131224,4705188824,8.4303,10,18144000,0.375,4701968,19,19,1765583.0,15039803.0,7366584.5,8.5183,8.5183,8.5183,12.0,19,10391230.0,10391231.0,5.8854,0.6909
AB,22507155,147127892,46,146982706,47259247,3.1101,558131224,4705188824,8.4303,10,27129600,0.500,4701968,24,24,2353639.0,19481179.0,9401544.9,8.2770,8.2770,8.2770,12.0,24,12327609.0,12327610.0,5.2377,0.6328
AB,22507155,147127892,46,146982706,47259247,3.1101,558131224,4705188824,8.4303,10,39484800,0.625,4701968,34,34,2940869.0,23875536.0,11479630.1,8.1185,8.1185,8.1185,12.0,34,14152896.0,14152897.0,4.8125,0.5928
AB,22507155,147127892,46,146982706,47259247,3.1101,558131224,4705188824,8.4303,10,64108800,0.750,4701968,46,46,3526880.0,28080171.0,13439493.5,7.9618,7.9618,7.9618,12.0,46,15729018.0,15729019.0,4.4598,0.5601
AB,22507155,147127892,46,146982706,47259247,3.1101,558131224,4705188824,8.4303,10,133660800,0.875,4701968,47,47,4114734.0,32128342.0,15340048.4,7.8081,7.8081,7.8081,12.0,47,17256331.0,17256332.0,4.1938,0.5371
AB,22507155,147127892,46,146982706,47259247,3.1101,558131224,4705188824,8.4303,19,15984000,0.125,2132212,7,7,267459.0,2401224.0,1250081.6,8.9779,8.9779,8.9779,12.0,7,1781053.0,1781054.0,6.6592,0.7417
AB,22507155,147127892,46,146982706,47259247,3.1101,558131224,4705188824,8.4303,19,24796800,0.250,2132212,10,10,533860.0,4837812.0,2494429.8,9.0619,9.0619,9.0619,12.0,10,3791410.0,3791411.0,7.1019,0.7837
AB,22507155,147127892,46,146982706,47259247,3.1101,558131224,4705188824,8.4303,19,33350400,0.375,2132212,26,26,801462.0,7286835.0,3750643.3,9.0919,9.0919,9.0919,12.0,26,5696205.0,5696206.0,7.1073,0.7817
AB,22507155,147127892,46,146982706,47259247,3.1101,558131224,4705188824,8.4303,19,44150400,0.500,2132212,36,36,1068455.0,9702024.0,4996197.4,9.0804,9.0804,9.0804,12.0,36,7200514.0,7200515.0,6.7392,0.7422
AB,22507155,147127892,46,146982706,47259247,3.1101,558131224,4705188824,8.4303,19,60825600,0.625,2132212,35,35,1332680.0,11977174.0,6093721.0,8.9873,8.9873,8.9873,12.0,35,8424318.0,8424319.0,6.3213,0.7034
AB,22507155,147127892,46,146982706,47259247,3.1101,558131224,4705188824,8.4303,19,95126400,0.750,2132212,48,48,1599725.0,14321128.0,7285647.8,8.9522,8.9522,8.9522,12.0,48,9733224.0,9733225.0,6.0843,0.6796
AB,22507155,147127892,46,146982706,47259247,3.1101,558131224,4705188824,8.4303,19,169344000,0.875,2132212,56,56,1865899.0,16649745.0,8510830.8,8.9232,8.9232,8.9232,12.0,56,10896656.0,10896657.0,5.8399,0.6545
AB,22507155,147127892,46,146982706,47259247,3.1101,558131224,4705188824,8.4303,28,19612800,0.125,960123,10,10,120171.0,1139469.0,645259.0,9.4821,9.4821,9.4821,12.0,10,831344.0,831345.0,6.9180,0.7296
AB,22507155,147127892,46,146982706,47259247,3.1101,558131224,4705188824,8.4303,28,34560000,0.250,960123,13,13,241073.0,2196403.0,1184801.0,9.1109,9.1109,9.1109,12.0,13,1596745.0,1596746.0,6.6235,0.7270
AB,22507155,147127892,46,146982706,47259247,3.1101,558131224,4705188824,8.4303,28,53222400,0.375,960123,18,18,360216.0,3324327.0,1789699.0,9.2287,9.2287,9.2287,12.0,18,2444644.0,2444645.0,6.7866,0.7354
AB,22507155,147127892,46,146982706,47259247,3.1101,558131224,4705188824,8.4303,28,75513600,0.500,960123,27,27,480197.0,4556746.0,2492672.0,9.4893,9.4893,9.4893,12.0,27,3778726.0,3778727.0,7.8691,0.8293
AB,22507155,147127892,46,146982706,47259247,3.1101,558131224,4705188824,8.4303,28,103766400,0.625,960123,36,36,601138.0,5782425.0,3169367.0,9.6191,9.6191,9.6191,12.0,36,4785385.0,4785386.0,7.9605,0.8276
AB,22507155,147127892,46,146982706,47259247,3.1101,558131224,4705188824,8.4303,28,147052800,0.750,960123,46,46,720130.0,6978334.0,3830202.4,9.6904,9.6904,9.6904,12.0,46,5761578.0,5761579.0,8.0007,0.8256
AB,22507155,147127892,46,146982706,47259247,3.1101,558131224,4705188824,8.4303,28,218160000,0.875,960123,54,54,840149.0,8184065.0,4506419.3,9.7412,9.7412,9.7412,12.0,54,6635328.0,6635329.0,7.8978,0.8108
AB,22507155,147127892,46,146982706,47259247,3.1101,558131224,4705188824,8.4303,37,24796800,0.125,180151,10,10,39150.0,404452.0,283496.0,10.3308,10.3308,10.3308,12.0,10,444930.0,444931.0,11.3648,1.1001
AB,22507155,147127892,46,146982706,47259247,3.1101,558131224,4705188824,8.4303,37,25228800,0.250,180151,16,16,50039.0,512709.0,343337.0,10.2462,10.2462,10.2462,12.0,16,507324.0,507325.0,10.1386,0.9895
AB,22507155,147127892,46,146982706,47259247,3.1101,558131224,4705188824,8.4303,37,26784000,0.375,180151,22,22,67767.0,680270.0,430494.0,10.0384,10.0384,10.0384,12.0,22,591531.0,591532.0,8.7289,0.8696
AB,22507155,147127892,46,146982706,47259247,3.1101,558131224,4705188824,8.4303,37,31017600,0.500,180151,34,34,90141.0,880395.0,530871.0,9.7669,9.7669,9.7669,12.0,34,685024.0,685025.0,7.5995,0.7781
AB,22507155,147127892,46,146982706,47259247,3.1101,558131224,4705188824,8.4303,37,39139200,0.625,180151,38,38,112773.0,1076189.0,629501.0,9.5430,9.5430,9.5430,12.0,38,793451.0,793452.0,7.0358,0.7373
AB,22507155,147127892,46,146982706,47259247,3.1101,558131224,4705188824,8.4303,37,69465600,0.750,180151,45,45,135126.0,1264237.0,727043.0,9.3560,9.3560,9.3560,12.0,45,941312.0,941313.0,6.9662,0.7446
AB,22507155,147127892,46,146982706,47259247,3.1101,558131224,4705188824,8.4303,37,90201600,0.875,180151,57,57,162636.0,1551762.0,905642.0,9.5413,9.5413,9.5413,12.0,57,1290917.0,1290918.0,7.9375,0.8319
AB,22507155,147127892,46,146982706,47259247,3.1101,558131224,4705188824,8.4303,46,59961600,0.125,37603,59,59,37027.0,384520.0,279730.0,10.3849,10.3849,10.3849,12.0,59,428702.0,428703.0,11.5781,1.1149
AB,22507155,147127892,46,146982706,47259247,3.1101,558131224,4705188824,8.4303,46,59961600,0.250,37603,59,59,37027.0,384520.0,279730.0,10.3849,10.3849,10.3849,12.0,59,428702.0,428703.0,11.5781,1.1149
AB,22507155,147127892,46,146982706,47259247,3.1101,558131224,4705188824,8.4303,46,59961600,0.375,37603,58,58,37027.0,384520.0,279730.0,10.3849,10.3849,10.3849,12.0,58,428702.0,428703.0,11.5781,1.1149
AB,22507155,147127892,46,146982706,47259247,3.1101,558131224,4705188824,8.4303,46,59961600,0.500,37603,57,57,37027.0,384520.0,279730.0,10.3849,10.3849,10.3849,12.0,57,428702.0,428703.0,11.5781,1.1149
AB,22507155,147127892,46,146982706,47259247,3.1101,558131224,4705188824,8.4303,46,59961600,0.625,37603,60,60,37027.0,384520.0,279730.0,10.3849,10.3849,10.3849,12.0,60,428702.0,428703.0,11.5781,1.1149
AB,22507155,147127892,46,146982706,47259247,3.1101,558131224,4705188824,8.4303,46,59961600,0.750,37603,59,59,37027.0,384520.0,279730.0,10.3849,10.3849,10.3849,12.0,59,428702.0,428703.0,11.5781,1.1149
AB,22507155,147127892,46,146982706,47259247,3.1101,558131224,4705188824,8.4303,46,59961600,0.875,37603,59,59,37027.0,384520.0,279730.0,10.3849,10.3849,10.3849,12.0,59,428702.0,428703.0,11.5781,1.1149
PROSPER,3343278,211904046,113,211903884,9992160,21.2070,106683512,6780926232,63.5611,1,0,0.125,3343278,60,60,3857.6,22465.4,16301.9,5.9446,6.5179,6.8556,12.0,60,548502.1,548503.1,168.9203,24.4154
PROSPER,3343278,211904046,113,211903884,9992160,21.2070,106683512,6780926232,63.5611,1,0,0.250,3343278,60,60,3656.3,21402.1,15547.9,6.0329,6.6281,6.8490,12.0,60,516331.3,516332.3,164.3370,24.1253
PROSPER,3343278,211904046,113,211903884,9992160,21.2070,106683512,6780926232,63.5611,1,0,0.375,3343278,60,60,3808.8,22139.7,16207.1,5.9494,6.5463,7.3146,12.0,60,512430.5,512431.5,149.8897,23.1453
PROSPER,3343278,211904046,113,211903884,9992160,21.2070,106683512,6780926232,63.5611,1,0,0.500,3343278,60,60,3816.4,22256.4,16052.1,5.9920,6.6305,7.0754,12.0,60,530442.3,530443.3,158.7318,23.8333
PROSPER,3343278,211904046,113,211903884,9992160,21.2070,106683512,6780926232,63.5611,1,0,0.625,3343278,60,60,3647.0,21327.7,15378.2,5.9705,6.4862,7.0839,12.0,60,520183.7,520184.7,155.7470,24.3900
PROSPER,3343278,211904046,113,211903884,9992160,21.2070,106683512,6780926232,63.5611,1,0,0.750,3343278,60,60,3714.8,21504.8,15637.7,5.9468,6.7129,7.3684,12.0,60,515052.9,515053.9,157.2810,23.9506
PROSPER,3343278,211904046,113,211903884,9992160,21.2070,106683512,6780926232,63.5611,1,0,0.875,3343278,60,60,3881.9,22678.0,16501.0,5.9737,6.7846,7.6135,12.0,60,541585.2,541586.2,161.0714,23.8816
PROSPER,3343278,211904046,113,211903884,9992160,21.2070,106683512,6780926232,63.5611,23,604800,0.125,3011155,5,5,195506.2,1382934.0,755260.2,7.0422,7.0918,7.0918,12.0,5,1347967.4,1347968.4,7.0346,0.9747
PROSPER,3343278,211904046,113,211903884,9992160,21.2070,106683512,6780926232,63.5611,23,1209600,0.250,3011155,16,16,449118.4,3083617.4,1501081.0,6.8672,6.8729,6.8729,12.0,16,2109198.3,2109199.3,4.9840,0.6840
PROSPER,3343278,211904046,113,211903884,9992160,21.2070,106683512,6780926232,63.5611,23,1814400,0.375,3011155,22,22,507761.6,3484247.9,1606695.6,7.0045,7.7835,7.7835,12.0,22,2187815.6,2187816.6,4.8795,0.6279
PROSPER,3343278,211904046,113,211903884,9992160,21.2070,106683512,6780926232,63.5611,23,2592000,0.500,3011155,29,29,748190.2,5214974.9,2337362.3,6.9830,7.1836,7.1836,12.0,29,3055244.1,3055245.1,4.1096,0.5859
PROSPER,3343278,211904046,113,211903884,9992160,21.2070,106683512,6780926232,63.5611,23,4233600,0.625,3011155,39,39,943278.0,6409196.0,2661271.9,6.7890,7.0189,7.0189,12.0,39,3273625.6,3273626.6,3.4630,0.5108
PROSPER,3343278,211904046,113,211903884,9992160,21.2070,106683512,6780926232,63.5611,23,7603200,0.750,3011155,46,46,1104556.4,7275719.3,2822890.5,6.5753,6.7928,6.7928,12.0,46,3375275.0,3375276.0,3.0448,0.4639
PROSPER,3343278,211904046,113,211903884,9992160,21.2070,106683512,6780926232,63.5611,23,16416000,0.875,3011155,53,53,1315651.4,8454571.3,3105377.6,6.4122,6.5433,6.5433,12.0,53,3692613.0,3692614.0,2.7981,0.4368
PROSPER,3343278,211904046,113,211903884,9992160,21.2070,106683512,6780926232,63.5611,45,3024000,0.125,2412806,11,11,322318.0,2418819.0,1278577.5,7.5044,7.5044,7.5044,12.0,11,1762485.0,1762486.0,5.4682,0.7287
PROSPER,3343278,211904046,113,211903884,9992160,21.2070,106683512,6780926232,63.5611,45,5616000,0.250,2412806,15,15,516915.1,3698185.4,1712945.7,7.1504,7.1549,7.1549,12.0,15,2096364.9,2096365.9,4.2785,0.5669
PROSPER,3343278,211904046,113,211903884,9992160,21.2070,106683512,6780926232,63.5611,45,8467200,0.375,2412806,25,25,601234.6,4216961.0,1860817.6,7.0484,7.3494,7.3494,12.0,25,2226871.3,2226872.3,3.8870,0.5281
PROSPER,3343278,211904046,113,211903884,9992160,21.2070,106683512,6780926232,63.5611,45,11664000,0.500,2412806,31,31,669609.1,4700178.7,2053891.4,7.0768,7.5113,7.5113,12.0,31,2440512.8,2440513.8,3.7675,0.5192
PROSPER,3343278,211904046,113,211903884,9992160,21.2070,106683512,6780926232,63.5611,45,15811200,0.625,2412806,38,38,794729.9,5479377.4,2293032.6,6.9189,7.3566,7.3566,12.0,38,2662768.7,2662769.7,3.3877,0.4860
PROSPER,3343278,211904046,113,211903884,9992160,21.2070,106683512,6780926232,63.5611,45,24364800,0.750,2412806,46,46,1810377.0,12478339.0,5090201.3,6.8927,6.8927,6.8927,12.0,46,5063919.0,5063920.0,2.7972,0.4058
PROSPER,3343278,211904046,113,211903884,9992160,21.2070,106683512,6780926232,63.5611,45,42508800,0.875,2412806,49,49,2111793.0,14261620.0,5528177.9,6.7533,6.7533,6.7533,12.0,49,5391958.0,5391959.0,2.5533,0.3781
PROSPER,3343278,211904046,113,211903884,9992160,21.2070,106683512,6780926232,63.5611,68,11404800,0.125,1586902,13,13,281825.0,2159476.0,1166820.5,7.6625,7.6625,7.6625,12.0,13,1485137.0,1485138.0,5.2697,0.6877
PROSPER,3343278,211904046,113,211903884,9992160,21.2070,106683512,6780926232,63.5611,68,13564800,0.250,1586902,16,16,397951.0,2992534.0,1483794.4,7.5199,7.5199,7.5199,12.0,16,1766795.0,1766796.0,4.4397,0.5904
PROSPER,3343278,211904046,113,211903884,9992160,21.2070,106683512,6780926232,63.5611,68,22636800,0.375,1586902,23,23,595759.0,4282520.0,1906505.7,7.1883,7.1883,7.1883,12.0,23,2151286.0,2151287.0,3.6110,0.5023
PROSPER,3343278,211904046,113,211903884,9992160,21.2070,106683512,6780926232,63.5611,68,45100800,0.500,1586902,31,31,793631.0,5472437.0,2245772.6,6.8954,6.8954,6.8954,12.0,31,2464876.0,2464877.0,3.1058,0.4504
PROSPER,3343278,211904046,113,211903884,9992160,21.2070,106683512,6780926232,63.5611,68,61603200,0.625,1586902,39,39,993403.0,7023008.0,3039841.2,7.0696,7.0696,7.0696,12.0,39,3195387.0,3195388.0,3.2166,0.4550
PROSPER,3343278,211904046,113,211903884,9992160,21.2070,106683512,6780926232,63.5611,68,74822400,0.750,1586902,48,48,1190454.0,8560392.0,3684917.0,7.1909,7.1909,7.1909,12.0,48,3714581.0,3714582.0,3.1203,0.4339
PROSPER,3343278,211904046,113,211903884,9992160,21.2070,106683512,6780926232,63.5611,68,90374400,0.875,1586902,52,52,1388705.0,10021509.0,4240452.7,7.2164,7.2164,7.2164,12.0,52,4156830.0,4156831.0,2.9933,0.4148
PROSPER,3343278,211904046,113,211903884,9992160,21.2070,106683512,6780926232,63.5611,90,26697600,0.125,630867,15,15,153883.0,1217861.0,741207.0,7.9142,7.9142,7.9142,12.0,15,997671.0,997672.0,6.4833,0.8192
PROSPER,3343278,211904046,113,211903884,9992160,21.2070,106683512,6780926232,63.5611,90,26784000,0.250,630867,13,13,158378.0,1252720.0,756682.8,7.9097,7.9097,7.9097,12.0,13,1013552.0,1013553.0,6.3996,0.8091
PROSPER,3343278,211904046,113,211903884,9992160,21.2070,106683512,6780926232,63.5611,90,29203200,0.375,630867,24,24,239222.0,1874222.0,1040087.3,7.8347,7.8347,7.8347,12.0,24,1269620.0,1269621.0,5.3073,0.6774
PROSPER,3343278,211904046,113,211903884,9992160,21.2070,106683512,6780926232,63.5611,90,31708800,0.500,630867,20,20,319137.0,2461873.0,1282482.9,7.7142,7.7142,7.7142,12.0,20,1483933.0,1483934.0,4.6498,0.6028
PROSPER,3343278,211904046,113,211903884,9992160,21.2070,106683512,6780926232,63.5611,90,36288000,0.625,630867,41,41,395620.0,3005860.0,1484328.6,7.5978,7.5978,7.5978,12.0,41,1674363.0,1674364.0,4.2323,0.5570
PROSPER,3343278,211904046,113,211903884,9992160,21.2070,106683512,6780926232,63.5611,90,43027200,0.750,630867,43,43,473491.0,3526349.0,1665069.8,7.4476,7.4476,7.4476,12.0,43,1836465.0,1836466.0,3.8786,0.5208
PROSPER,3343278,211904046,113,211903884,9992160,21.2070,106683512,6780926232,63.5611,90,58060800,0.875,630867,56,56,552715.0,4045082.0,1844652.0,7.3186,7.3186,7.3186,12.0,56,1994611.0,1994612.0,3.6088,0.4931
PROSPER,3343278,211904046,113,211903884,9992160,21.2070,106683512,6780926232,63.5611,113,137980800,0.125,156534,58,58,154690.0,1283924.0,821322.0,8.3000,8.3000,8.3000,12.0,58,1002879.0,1002880.0,6.4832,0.7811
PROSPER,3343278,211904046,113,211903884,9992160,21.2070,106683512,6780926232,63.5611,113,137980800,0.250,156534,59,59,154690.0,1283924.0,821322.0,8.3000,8.3000,8.3000,12.0,59,1002879.0,1002880.0,6.4832,0.7811
PROSPER,3343278,211904046,113,211903884,9992160,21.2070,106683512,6780926232,63.5611,113,137980800,0.375,156534,60,60,154690.0,1283924.0,821322.0,8.3000,8.3000,8.3000,12.0,60,1002879.0,1002880.0,6.4832,0.7811
PROSPER,3343278,211904046,113,211903884,9992160,21.2070,106683512,6780926232,63.5611,113,137980800,0.500,156534,60,60,154690.0,1283924.0,821322.0,8.3000,8.3000,8.3000,12.0,60,1002879.0,1002880.0,6.4832,0.7811
PROSPER,3343278,211904046,113,211903884,9992160,21.2070,106683512,6780926232,63.5611,113,137980800,0.625,156534,59,59,154690.0,1283924.0,821322.0,8.3000,8.3000,8.3000,12.0,59,1002879.0,1002880.0,6.4832,0.7811
PROSPER,3343278,211904046,113,211903884,9992160,21.2070,106683512,6780926232,63.5611,113,137980800,0.750,156534,60,60,154690.0,1283924.0,821322.0,8.3000,8.3000,8.3000,12.0,60,1002879.0,1002880.0,6.4832,0.7811
PROSPER,3343278,211904046,113,211903884,9992160,21.2070,106683512,6780926232,63.5611,113,137980800,0.875,156534,59,59,154690.0,1283924.0,821322.0,8.3000,8.3000,8.3000,12.0,59,1002879.0,1002880.0,6.4832,0.7811
YT,12223774,216638111,123,216635069,24317812,8.9085,292332696,6932358712,23.7139,1,0,0.125,12223774,60,60,669731.0,2207279.4,1712202.4,3.8694,5.1568,5.3005,12.0,60,5801315.5,5801316.5,63.3769,2.6283
YT,12223774,216638111,123,216635069,24317812,8.9085,292332696,6932358712,23.7139,1,0,0.250,12223774,60,60,520198.9,1745960.9,1363792.7,4.0860,5.3325,5.8936,12.0,60,5183614.6,5183615.6,76.3918,2.9689
YT,12223774,216638111,123,216635069,24317812,8.9085,292332696,6932358712,23.7139,1,0,0.375,12223774,60,60,667636.2,2230890.2,1740237.1,4.0996,5.5594,5.7713,12.0,60,5869678.5,5869679.5,65.4371,2.6311
YT,12223774,216638111,123,216635069,24317812,8.9085,292332696,6932358712,23.7139,1,0,0.500,12223774,60,60,661219.4,2235269.3,1754330.6,4.0020,5.0231,5.5341,12.0,60,6316295.6,6316296.6,59.0676,2.8257
YT,12223774,216638111,123,216635069,24317812,8.9085,292332696,6932358712,23.7139,1,0,0.625,12223774,60,60,651930.4,2165105.2,1685989.2,3.8514,5.2109,5.7273,12.0,60,5556507.7,5556508.7,132.3817,2.5664
YT,12223774,216638111,123,216635069,24317812,8.9085,292332696,6932358712,23.7139,1,0,0.750,12223774,60,60,569652.1,1905437.1,1488770.6,4.0617,5.3112,5.8581,12.0,60,5553857.7,5553858.7,76.8653,2.9147
YT,12223774,216638111,123,216635069,24317812,8.9085,292332696,6932358712,23.7139,1,0,0.875,12223774,60,60,1042161.6,3446196.6,2679966.5,3.8495,5.2349,6.0000,12.0,60,6857084.0,6857085.0,47.1248,1.9898
YT,12223774,216638111,123,216635069,24317812,8.9085,292332696,6932358712,23.7139,25,0,0.125,2902347,7,7,379190.0,1277183.0,957311.0,3.3682,3.3682,3.3682,12.0,7,3121730.0,3121731.0,8.2326,2.4442
YT,12223774,216638111,123,216635069,24317812,8.9085,292332696,6932358712,23.7139,25,1036800,0.250,2902347,24,24,380960.8,2002542.2,1253257.3,5.3372,6.8650,6.8650,12.0,24,4186408.0,4186409.0,11.1241,2.0905
YT,12223774,216638111,123,216635069,24317812,8.9085,292332696,6932358712,23.7139,25,1900800,0.375,2902347,26,26,597934.7,3525161.1,2018113.3,5.6082,6.6070,6.6070,12.0,26,5079146.8,5079147.8,8.4365,1.4408
YT,12223774,216638111,123,216635069,24317812,8.9085,292332696,6932358712,23.7139,25,3024000,0.500,2902347,31,31,1467102.0,8353866.0,4737848.1,5.6941,5.6941,5.6941,12.0,31,9063284.0,9063285.0,6.1777,1.0849
YT,12223774,216638111,123,216635069,24317812,8.9085,292332696,6932358712,23.7139,25,4752000,0.625,2902347,32,32,1815120.0,10534385.0,5805241.8,5.8037,5.8037,5.8037,12.0,32,9746722.0,9746723.0,5.3697,0.9252
YT,12223774,216638111,123,216635069,24317812,8.9085,292332696,6932358712,23.7139,25,6912000,0.750,2902347,45,45,2178347.0,12623853.0,6811039.4,5.7952,5.7952,5.7952,12.0,45,10420149.0,10420150.0,4.7835,0.8254
YT,12223774,216638111,123,216635069,24317812,8.9085,292332696,6932358712,23.7139,25,11833200,0.875,2902347,56,56,2542263.0,14632351.0,7740748.3,5.7556,5.7556,5.7556,12.0,56,10997625.0,10997626.0,4.3259,0.7516
YT,12223774,216638111,123,216635069,24317812,8.9085,292332696,6932358712,23.7139,49,1814400,0.125,1248033,12,12,99721.3,743872.8,482481.8,7.2281,7.8386,7.8386,12.0,12,2919904.8,2919905.8,28.6432,3.9253
YT,12223774,216638111,123,216635069,24317812,8.9085,292332696,6932358712,23.7139,49,2592000,0.250,1248033,12,12,200379.2,1451021.5,870976.7,6.7285,7.5281,7.5281,12.0,12,3535998.0,3535999.0,18.1315,2.4369
YT,12223774,216638111,123,216635069,24317812,8.9085,292332696,6932358712,23.7139,49,3801600,0.375,1248033,22,22,468583.0,3203845.0,1885045.4,6.8373,6.8373,6.8373,12.0,22,5662189.0,5662190.0,12.0836,1.7673
YT,12223774,216638111,123,216635069,24317812,8.9085,292332696,6932358712,23.7139,49,5184000,0.500,1248033,36,36,628833.0,4262474.0,2453799.1,6.7784,6.7784,6.7784,12.0,36,6237049.0,6237050.0,9.9185,1.4632
YT,12223774,216638111,123,216635069,24317812,8.9085,292332696,6932358712,23.7139,49,6908400,0.625,1248033,37,37,780561.0,5280557.0,2987812.4,6.7651,6.7651,6.7651,12.0,37,6728726.0,6728727.0,8.6204,1.2742
YT,12223774,216638111,123,216635069,24317812,8.9085,292332696,6932358712,23.7139,49,9846000,0.750,1248033,43,43,936313.0,6282196.0,3497655.7,6.7095,6.7095,6.7095,12.0,43,7154965.0,7154966.0,7.6416,1.1389
YT,12223774,216638111,123,216635069,24317812,8.9085,292332696,6932358712,23.7139,49,14166000,0.875,1248033,53,53,1093634.0,7223217.0,3981377.4,6.6048,6.6048,6.6048,12.0,53,7549405.0,7549406.0,6.9030,1.0452
YT,12223774,216638111,123,216635069,24317812,8.9085,292332696,6932358712,23.7139,74,3801600,0.125,504707,10,10,68384.0,594902.0,389392.0,8.6994,8.6994,8.6994,12.0,10,3050494.0,3050495.0,44.6083,5.1277
YT,12223774,216638111,123,216635069,24317812,8.9085,292332696,6932358712,23.7139,74,4406400,0.250,504707,18,18,130543.0,1077606.0,673868.0,8.2548,8.2548,8.2548,12.0,18,3498620.0,3498621.0,26.8005,3.2467
YT,12223774,216638111,123,216635069,24317812,8.9085,292332696,6932358712,23.7139,74,5702400,0.375,504707,24,24,196936.0,1598089.0,968563.0,8.1148,8.1148,8.1148,12.0,24,3960497.0,3960498.0,20.1106,2.4783
YT,12223774,216638111,123,216635069,24317812,8.9085,292332696,6932358712,23.7139,74,6825600,0.500,504707,28,28,252965.0,2030103.0,1214589.0,8.0252,8.0252,8.0252,12.0,28,4235936.0,4235937.0,16.7451,2.0866
YT,12223774,216638111,123,216635069,24317812,8.9085,292332696,6932358712,23.7139,74,9500400,0.625,504707,40,40,316841.0,2523649.0,1474001.0,7.9650,7.9650,7.9650,12.0,40,4490755.0,4490756.0,14.1735,1.7795
YT,12223774,216638111,123,216635069,24317812,8.9085,292332696,6932358712,23.7139,74,12524400,0.750,504707,45,45,378535.0,2970296.0,1712328.0,7.8468,7.8468,7.8468,12.0,45,4737147.0,4737148.0,12.5144,1.5948
YT,12223774,216638111,123,216635069,24317812,8.9085,292332696,6932358712,23.7139,74,16671600,0.875,504707,51,51,442423.0,3390056.0,1934796.5,7.6625,7.6625,7.6625,12.0,51,4982248.0,4982249.0,11.2613,1.4697
YT,12223774,216638111,123,216635069,24317812,8.9085,292332696,6932358712,23.7139,98,6307200,0.125,187549,14,14,38855.0,371750.0,263816.0,9.5676,9.5676,9.5676,12.0,14,2676638.0,2676639.0,68.8879,7.2001
YT,12223774,216638111,123,216635069,24317812,8.9085,292332696,6932358712,23.7139,98,6739200,0.250,187549,11,11,48308.0,457113.0,313199.0,9.4625,9.4625,9.4625,12.0,11,2808275.0,2808276.0,58.1327,6.1435
YT,12223774,216638111,123,216635069,24317812,8.9085,292332696,6932358712,23.7139,98,8204400,0.375,187549,27,27,70840.0,656815.0,426289.0,9.2718,9.2718,9.2718,12.0,27,3035585.0,3035586.0,42.8513,4.6217
YT,12223774,216638111,123,216635069,24317812,8.9085,292332696,6932358712,23.7139,98,9846000,0.500,187549,32,32,94482.0,857634.0,538850.0,9.0772,9.0772,9.0772,12.0,32,3214922.0,3214923.0,34.0268,3.7486
YT,12223774,216638111,123,216635069,24317812,8.9085,292332696,6932358712,23.7139,98,12351600,0.625,187549,35,35,117416.0,1047052.0,645734.0,8.9175,8.9175,8.9175,12.0,35,3371272.0,3371273.0,28.7122,3.2198
YT,12223774,216638111,123,216635069,24317812,8.9085,292332696,6932358712,23.7139,98,15721200,0.750,187549,38,38,140703.0,1223590.0,743314.0,8.6963,8.6963,8.6963,12.0,38,3524883.0,3524884.0,25.0519,2.8808
YT,12223774,216638111,123,216635069,24317812,8.9085,292332696,6932358712,23.7139,98,17967600,0.875,187549,55,55,165899.0,1395212.0,835426.0,8.4100,8.4100,8.4100,12.0,55,3665167.0,3665168.0,22.0928,2.6270
YT,12223774,216638111,123,216635069,24317812,8.9085,292332696,6932358712,23.7139,123,19263600,0.125,54467,60,60,53939.0,537800.0,366770.0,9.9705,9.9705,9.9705,12.0,60,2792785.0,2792786.0,51.7767,5.1930
YT,12223774,216638111,123,216635069,24317812,8.9085,292332696,6932358712,23.7139,123,19263600,0.250,54467,58,58,53939.0,537800.0,366770.0,9.9705,9.9705,9.9705,12.0,58,2792785.0,2792786.0,51.7767,5.1930
YT,12223774,216638111,123,216635069,24317812,8.9085,292332696,6932358712,23.7139,123,19263600,0.375,54467,59,59,53939.0,537800.0,366770.0,9.9705,9.9705,9.9705,12.0,59,2792785.0,2792786.0,51.7767,5.1930
YT,12223774,216638111,123,216635069,24317812,8.9085,292332696,6932358712,23.7139,123,19263600,0.500,54467,59,59,53939.0,537800.0,366770.0,9.9705,9.9705,9.9705,12.0,59,2792785.0,2792786.0,51.7767,5.1930
YT,12223774,216638111,123,216635069,24317812,8.9085,292332696,6932358712,23.7139,123,19263600,0.625,54467,59,59,53939.0,537800.0,366770.0,9.9705,9.9705,9.9705,12.0,59,2792785.0,2792786.0,51.7767,5.1930
YT,12223774,216638111,123,216635069,24317812,8.9085,292332696,6932358712,23.7139,123,19263600,0.750,54467,57,57,53939.0,537800.0,366770.0,9.9705,9.9705,9.9705,12.0,57,2792785.0,2792786.0,51.7767,5.1930
YT,12223774,216638111,123,216635069,24317812,8.9085,292332696,6932358712,23.7139,123,19263600,0.875,54467,60,60,53939.0,537800.0,366770.0,9.9705,9.9705,9.9705,12.0,60,2792785.0,2792786.0,51.7767,5.1930
DBLPCA,11859561,264757513,562,264653525,20433668,12.9518,258345840,8470160656,32.7861,1,0,0.125,11859561,60,60,435229.7,1526012.7,1261536.0,3.4599,4.4664,5.5000,12.0,60,6462394.9,6462395.9,22.0101,4.2348
DBLPCA,11859561,264757513,562,264653525,20433668,12.9518,258345840,8470160656,32.7861,1,0,0.250,11859561,60,60,440945.7,1545970.2,1273858.4,3.2308,4.0132,4.2655,12.0,60,6536723.3,6536724.3,15.6420,4.2282
DBLPCA,11859561,264757513,562,264653525,20433668,12.9518,258345840,8470160656,32.7861,1,0,0.375,11859561,60,60,493992.7,1725251.1,1424847.7,3.3712,4.0909,4.4291,12.0,60,7063257.7,7063258.7,20.1019,4.0940
DBLPCA,11859561,264757513,562,264653525,20433668,12.9518,258345840,8470160656,32.7861,1,0,0.500,11859561,60,60,479974.6,1679545.7,1385201.7,3.5925,4.7778,5.6667,12.0,60,6868558.9,6868559.9,17.8509,4.0895
DBLPCA,11859561,264757513,562,264653525,20433668,12.9518,258345840,8470160656,32.7861,1,0,0.625,11859561,60,60,521031.2,1804607.9,1488575.3,3.4605,4.4266,5.1765,12.0,60,7370241.6,7370242.6,16.5033,4.0841
DBLPCA,11859561,264757513,562,264653525,20433668,12.9518,258345840,8470160656,32.7861,1,0,0.750,11859561,60,60,484351.6,1704554.1,1407229.2,3.3773,3.9625,4.5185,12.0,60,7103484.7,7103485.7,18.1187,4.1674
DBLPCA,11859561,264757513,562,264653525,20433668,12.9518,258345840,8470160656,32.7861,1,0,0.875,11859561,60,60,490734.1,1701078.1,1400280.8,3.2957,4.1208,4.2336,12.0,60,6962845.6,6962846.6,16.2566,4.0932
DBLPCA,11859561,264757513,562,264653525,20433668,12.9518,258345840,8470160656,32.7861,113,0,0.125,147613,47,47,34347.2,69327.0,69307.8,2.0290,2.1580,2.1580,12.0,47,115706.3,115707.3,3.3562,1.6690
DBLPCA,11859561,264757513,562,264653525,20433668,12.9518,258345840,8470160656,32.7861,113,0,0.250,147613,56,56,36141.4,72857.3,72848.6,2.0198,2.0689,2.0689,12.0,56,133553.0,133554.0,3.6567,1.8331
DBLPCA,11859561,264757513,562,264653525,20433668,12.9518,258345840,8470160656,32.7861,113,0,0.375,147613,57,57,35167.9,70974.7,70962.8,2.0274,2.0689,2.1580,12.0,57,132322.8,132323.8,3.7347,1.8644
DBLPCA,11859561,264757513,562,264653525,20433668,12.9518,258345840,8470160656,32.7861,113,0,0.500,147613,52,52,35641.8,71938.7,71924.0,2.0280,2.1580,2.1580,12.0,52,130069.6,130070.6,3.6249,1.8081
DBLPCA,11859561,264757513,562,264653525,20433668,12.9518,258345840,8470160656,32.7861,113,0,0.625,147613,55,55,35978.6,72613.7,72600.1,2.0274,2.1580,2.1580,12.0,55,133314.2,133315.2,3.6804,1.8359
DBLPCA,11859561,264757513,562,264653525,20433668,12.9518,258345840,8470160656,32.7861,113,0,0.750,147613,51,51,34249.5,69130.0,69111.7,2.0290,2.1580,2.1580,12.0,51,116684.8,116685.8,3.3934,1.6879
DBLPCA,11859561,264757513,562,264653525,20433668,12.9518,258345840,8470160656,32.7861,113,0,0.875,147613,49,49,32847.4,66327.0,66309.1,2.0319,2.1580,2.1580,12.0,49,114386.9,114387.9,3.4766,1.7246
DBLPCA,11859561,264757513,562,264653525,20433668,12.9518,258345840,8470160656,32.7861,225,0,0.125,115569,60,60,38535.4,77641.4,77631.5,2.0147,2.0157,2.0157,12.0,60,136801.5,136802.5,3.4957,1.7620
DBLPCA,11859561,264757513,562,264653525,20433668,12.9518,258345840,8470160656,32.7861,225,0,0.250,115569,60,60,38505.1,77578.7,77567.7,2.0147,2.0157,2.0157,12.0,60,134098.2,134099.2,3.4228,1.7285
DBLPCA,11859561,264757513,562,264653525,20433668,12.9518,258345840,8470160656,32.7861,225,0,0.375,115569,60,60,38332.9,77228.4,77216.6,2.0146,2.0157,2.0157,12.0,60,131251.8,131252.8,3.3605,1.6995
DBLPCA,11859561,264757513,562,264653525,20433668,12.9518,258345840,8470160656,32.7861,225,0,0.500,115569,60,60,37745.1,76033.7,76019.4,2.0143,2.0157,2.0157,12.0,60,122641.3,122642.3,3.1787,1.6130
DBLPCA,11859561,264757513,562,264653525,20433668,12.9518,258345840,8470160656,32.7861,225,0,0.625,115569,60,60,38849.7,78279.3,78270.1,2.0148,2.0157,2.0157,12.0,60,139790.8,139791.8,3.5475,1.7858
DBLPCA,11859561,264757513,562,264653525,20433668,12.9518,258345840,8470160656,32.7861,225,0,0.750,115569,58,58,38961.1,78505.4,78496.3,2.0149,2.0157,2.0157,12.0,58,140594.3,140595.3,3.5587,1.7909
DBLPCA,11859561,264757513,562,264653525,20433668,12.9518,258345840,8470160656,32.7861,225,0,0.875,115569,60,60,38403.9,77372.2,77360.2,2.0146,2.0157,2.0157,12.0,60,131323.3,131324.3,3.3552,1.6973
DBLPCA,11859561,264757513,562,264653525,20433668,12.9518,258345840,8470160656,32.7861,337,63072000,0.125,79243,60,60,79243.0,159441.0,158873.0,2.0121,2.0121,2.0121,12.0,60,160614.0,160615.0,2.0269,1.0074
DBLPCA,11859561,264757513,562,264653525,20433668,12.9518,258345840,8470160656,32.7861,337,63072000,0.250,79243,60,60,79243.0,159441.0,158873.0,2.0121,2.0121,2.0121,12.0,60,160614.0,160615.0,2.0269,1.0074
DBLPCA,11859561,264757513,562,264653525,20433668,12.9518,258345840,8470160656,32.7861,337,63072000,0.375,79243,60,60,79243.0,159441.0,158873.0,2.0121,2.0121,2.0121,12.0,60,160614.0,160615.0,2.0269,1.0074
DBLPCA,11859561,264757513,562,264653525,20433668,12.9518,258345840,8470160656,32.7861,337,63072000,0.500,79243,60,60,79243.0,159441.0,158873.0,2.0121,2.0121,2.0121,12.0,60,160614.0,160615.0,2.0269,1.0074
DBLPCA,11859561,264757513,562,264653525,20433668,12.9518,258345840,8470160656,32.7861,337,63072000,0.625,79243,60,60,79243.0,159441.0,158873.0,2.0121,2.0121,2.0121,12.0,60,160614.0,160615.0,2.0269,1.0074
DBLPCA,11859561,264757513,562,264653525,20433668,12.9518,258345840,8470160656,32.7861,337,63072000,0.750,79243,60,60,79243.0,159441.0,158873.0,2.0121,2.0121,2.0121,12.0,60,160614.0,160615.0,2.0269,1.0074
DBLPCA,11859561,264757513,562,264653525,20433668,12.9518,258345840,8470160656,32.7861,337,63072000,0.875,79243,60,60,79243.0,159441.0,158873.0,2.0121,2.0121,2.0121,12.0,60,160614.0,160615.0,2.0269,1.0074
DBLPCA,11859561,264757513,562,264653525,20433668,12.9518,258345840,8470160656,32.7861,449,63072000,0.125,79243,60,60,79243.0,159441.0,158873.0,2.0121,2.0121,2.0121,12.0,60,160614.0,160615.0,2.0269,1.0074
DBLPCA,11859561,264757513,562,264653525,20433668,12.9518,258345840,8470160656,32.7861,449,63072000,0.250,79243,60,60,79243.0,159441.0,158873.0,2.0121,2.0121,2.0121,12.0,60,160614.0,160615.0,2.0269,1.0074
DBLPCA,11859561,264757513,562,264653525,20433668,12.9518,258345840,8470160656,32.7861,449,63072000,0.375,79243,60,60,79243.0,159441.0,158873.0,2.0121,2.0121,2.0121,12.0,60,160614.0,160615.0,2.0269,1.0074
DBLPCA,11859561,264757513,562,264653525,20433668,12.9518,258345840,8470160656,32.7861,449,63072000,0.500,79243,60,60,79243.0,159441.0,158873.0,2.0121,2.0121,2.0121,12.0,60,160614.0,160615.0,2.0269,1.0074
DBLPCA,11859561,264757513,562,264653525,20433668,12.9518,258345840,8470160656,32.7861,449,63072000,0.625,79243,60,60,79243.0,159441.0,158873.0,2.0121,2.0121,2.0121,12.0,60,160614.0,160615.0,2.0269,1.0074
DBLPCA,11859561,264757513,562,264653525,20433668,12.9518,258345840,8470160656,32.7861,449,63072000,0.750,79243,60,60,79243.0,159441.0,158873.0,2.0121,2.0121,2.0121,12.0,60,160614.0,160615.0,2.0269,1.0074
DBLPCA,11859561,264757513,562,264653525,20433668,12.9518,258345840,8470160656,32.7861,449,63072000,0.875,79243,60,60,79243.0,159441.0,158873.0,2.0121,2.0121,2.0121,12.0,60,160614.0,160615.0,2.0269,1.0074
DBLPCA,11859561,264757513,562,264653525,20433668,12.9518,258345840,8470160656,32.7861,562,63072000,0.125,79243,60,60,79243.0,159441.0,158873.0,2.0121,2.0121,2.0121,12.0,60,160614.0,160615.0,2.0269,1.0074
DBLPCA,11859561,264757513,562,264653525,20433668,12.9518,258345840,8470160656,32.7861,562,63072000,0.250,79243,60,60,79243.0,159441.0,158873.0,2.0121,2.0121,2.0121,12.0,60,160614.0,160615.0,2.0269,1.0074
DBLPCA,11859561,264757513,562,264653525,20433668,12.9518,258345840,8470160656,32.7861,562,63072000,0.375,79243,60,60,79243.0,159441.0,158873.0,2.0121,2.0121,2.0121,12.0,60,160614.0,160615.0,2.0269,1.0074
DBLPCA,11859561,264757513,562,264653525,20433668,12.9518,258345840,8470160656,32.7861,562,63072000,0.500,79243,60,60,79243.0,159441.0,158873.0,2.0121,2.0121,2.0121,12.0,60,160614.0,160615.0,2.0269,1.0074
DBLPCA,11859561,264757513,562,264653525,20433668,12.9518,258345840,8470160656,32.7861,562,63072000,0.625,79243,60,60,79243.0,159441.0,158873.0,2.0121,2.0121,2.0121,12.0,60,160614.0,160615.0,2.0269,1.0074
DBLPCA,11859561,264757513,562,264653525,20433668,12.9518,258345840,8470160656,32.7861,562,63072000,0.750,79243,60,60,79243.0,159441.0,158873.0,2.0121,2.0121,2.0121,12.0,60,160614.0,160615.0,2.0269,1.0074
DBLPCA,11859561,264757513,562,264653525,20433668,12.9518,258345840,8470160656,32.7861,562,63072000,0.875,79243,60,60,79243.0,159441.0,158873.0,2.0121,2.0121,2.0121,12.0,60,160614.0,160615.0,2.0269,1.0074
ENR,1133968,266064075,1500,266059485,3301251,80.5935,35481760,8513958600,239.9531,1,0,0.125,1133968,60,60,56.6,337.3,268.5,5.4862,7.9756,9.0000,12.0,60,39060.7,39061.7,1818.2159,115.8041
ENR,1133968,266064075,1500,266059485,3301251,80.5935,35481760,8513958600,239.9531,1,0,0.250,1133968,60,60,52.2,300.1,245.4,5.7395,9.5556,11.8182,12.0,60,38061.9,38062.9,2462.3876,126.8308
ENR,1133968,266064075,1500,266059485,3301251,80.5935,35481760,8513958600,239.9531,1,0,0.375,1133968,60,60,63.5,387.0,299.2,5.7590,8.0000,11.0000,12.0,60,43390.6,43391.6,2098.1023,112.1302
ENR,1133968,266064075,1500,266059485,3301251,80.5935,35481760,8513958600,239.9531,1,0,0.500,1133968,60,60,91.2,547.0,417.2,5.7294,8.3333,9.4286,12.0,60,44999.5,45000.5,2765.4023,82.2735
ENR,1133968,266064075,1500,266059485,3301251,80.5935,35481760,8513958600,239.9531,1,0,0.625,1133968,60,60,54.0,293.9,242.5,5.5365,8.0317,13.0000,12.0,60,38006.5,38007.5,1704.8270,129.3179
ENR,1133968,266064075,1500,266059485,3301251,80.5935,35481760,8513958600,239.9531,1,0,0.750,1133968,60,60,75.8,440.1,357.6,5.7406,8.7500,9.0000,12.0,60,60858.1,60859.1,1901.9680,138.2720
ENR,1133968,266064075,1500,266059485,3301251,80.5935,35481760,8513958600,239.9531,1,1020,0.875,1133968,60,60,131.8,716.3,523.0,5.5385,7.9375,9.9000,12.0,60,67635.7,67636.7,1252.9121,94.4193
ENR,1133968,266064075,1500,266059485,3301251,80.5935,35481760,8513958600,239.9531,300,9660720,0.125,352532,7,7,37098.4,307091.0,165065.6,7.4820,8.2985,8.2985,12.0,7,274580.1,274581.1,6.7926,0.8941
ENR,1133968,266064075,1500,266059485,3301251,80.5935,35481760,8513958600,239.9531,300,13061135,0.250,352532,19,19,88979.0,744317.0,387589.0,8.3651,8.3651,8.3651,12.0,19,500048.0,500049.0,5.6198,0.6718
ENR,1133968,266064075,1500,266059485,3301251,80.5935,35481760,8513958600,239.9531,300,16670286,0.375,352532,17,17,123583.5,1025125.9,504597.4,8.1219,8.2991,8.2991,12.0,17,593467.2,593468.2,4.6862,0.5789
ENR,1133968,266064075,1500,266059485,3301251,80.5935,35481760,8513958600,239.9531,300,19375560,0.500,352532,26,26,177422.0,1457750.0,694030.0,8.2163,8.2163,8.2163,12.0,26,760528.0,760529.0,4.2865,0.5217
ENR,1133968,266064075,1500,266059485,3301251,80.5935,35481760,8513958600,239.9531,300,23516496,0.625,352532,32,32,220426.0,1794950.0,820918.0,8.1431,8.1431,8.1431,12.0,32,853145.0,853146.0,3.8704,0.4753
ENR,1133968,266064075,1500,266059485,3301251,80.5935,35481760,8513958600,239.9531,300,29657242,0.750,352532,45,45,264399.0,2113615.0,926941.0,7.9940,7.9940,7.9940,12.0,45,927856.0,927857.0,3.5093,0.4390
ENR,1133968,266064075,1500,266059485,3301251,80.5935,35481760,8513958600,239.9531,300,38241614,0.875,352532,50,50,308766.0,2440085.0,1044937.0,7.9027,7.9027,7.9027,12.0,50,1020767.0,1020768.0,3.3060,0.4183
ENR,1133968,266064075,1500,266059485,3301251,80.5935,35481760,8513958600,239.9531,600,11097300,0.125,93033,12,12,12253.0,107974.1,65078.2,8.3299,8.8523,8.8523,12.0,12,116084.4,116085.4,8.9763,1.0751
ENR,1133968,266064075,1500,266059485,3301251,80.5935,35481760,8513958600,239.9531,600,15669000,0.250,93033,15,15,19323.5,167092.9,92587.2,7.8731,8.6869,8.6869,12.0,15,123938.2,123939.2,5.9838,0.7417
ENR,1133968,266064075,1500,266059485,3301251,80.5935,35481760,8513958600,239.9531,600,23768159,0.375,93033,23,23,36954.0,326087.0,184025.0,8.8241,8.8241,8.8241,12.0,23,239651.0,239652.0,6.4851,0.7349
ENR,1133968,266064075,1500,266059485,3301251,80.5935,35481760,8513958600,239.9531,600,28642920,0.500,93033,34,34,45706.0,401966.0,222996.0,8.7946,8.7946,8.7946,12.0,34,271208.0,271209.0,5.9338,0.6747
ENR,1133968,266064075,1500,266059485,3301251,80.5935,35481760,8513958600,239.9531,600,34756440,0.625,93033,39,39,59767.0,526444.0,286286.0,8.8083,8.8083,8.8083,12.0,39,352809.0,352810.0,5.9031,0.6702
ENR,1133968,266064075,1500,266059485,3301251,80.5935,35481760,8513958600,239.9531,600,40388373,0.750,93033,45,45,70204.0,615023.0,331867.0,8.7605,8.7605,8.7605,12.0,45,383536.0,383537.0,5.4632,0.6236
ENR,1133968,266064075,1500,266059485,3301251,80.5935,35481760,8513958600,239.9531,600,42818944,0.875,93033,53,53,84181.0,740518.0,398658.0,8.7967,8.7967,8.7967,12.0,53,449975.0,449976.0,5.3453,0.6076
ENR,1133968,266064075,1500,266059485,3301251,80.5935,35481760,8513958600,239.9531,900,16593900,0.125,34060,8,8,4206.0,39407.0,30879.0,9.3692,9.3692,9.3692,12.0,8,72044.0,72045.0,17.1289,1.8282
ENR,1133968,266064075,1500,266059485,3301251,80.5935,35481760,8513958600,239.9531,900,17246460,0.250,34060,17,17,7031.5,62640.4,42589.2,8.2541,9.0102,9.0102,12.0,17,88586.1,88587.1,11.6099,1.4142
ENR,1133968,266064075,1500,266059485,3301251,80.5935,35481760,8513958600,239.9531,900,20173532,0.375,34060,23,23,11951.7,109428.9,67667.4,8.8918,9.1786,9.1786,12.0,23,107338.7,107339.7,8.7425,0.9809
ENR,1133968,266064075,1500,266059485,3301251,80.5935,35481760,8513958600,239.9531,900,23071560,0.500,34060,27,27,16241.7,143207.9,83933.1,8.5994,8.8308,8.8308,12.0,27,121802.0,121803.0,7.3436,0.8505
ENR,1133968,266064075,1500,266059485,3301251,80.5935,35481760,8513958600,239.9531,900,25023364,0.625,34060,42,42,21041.2,182643.9,101538.6,8.4024,8.6934,8.6934,12.0,42,133156.0,133157.0,6.1787,0.7290
ENR,1133968,266064075,1500,266059485,3301251,80.5935,35481760,8513958600,239.9531,900,38829398,0.750,34060,47,47,23663.3,201829.3,113313.8,8.2859,8.5393,8.5393,12.0,47,145182.3,145183.3,6.0088,0.7193
ENR,1133968,266064075,1500,266059485,3301251,80.5935,35481760,8513958600,239.9531,900,53492848,0.875,34060,58,58,31812.0,281638.0,168292.0,8.8532,8.8532,8.8532,12.0,58,219073.0,219074.0,6.8865,0.7779
ENR,1133968,266064075,1500,266059485,3301251,80.5935,35481760,8513958600,239.9531,1200,25309860,0.125,13306,10,10,2438.0,25456.0,21798.0,10.4413,10.4413,10.4413,12.0,10,60184.0,60185.0,24.6858,2.3642
ENR,1133968,266064075,1500,266059485,3301251,80.5935,35481760,8513958600,239.9531,1200,26304094,0.250,13306,46,46,9208.0,83364.0,55920.0,9.0534,9.0534,9.0534,12.0,46,100014.0,100015.0,10.8616,1.1997
ENR,1133968,266064075,1500,266059485,3301251,80.5935,35481760,8513958600,239.9531,1200,26304094,0.375,13306,51,51,9208.0,83364.0,55920.0,9.0534,9.0534,9.0534,12.0,51,100014.0,100015.0,10.8616,1.1997
ENR,1133968,266064075,1500,266059485,3301251,80.5935,35481760,8513958600,239.9531,1200,26304094,0.500,13306,37,37,9208.0,83364.0,55920.0,9.0534,9.0534,9.0534,12.0,37,100014.0,100015.0,10.8616,1.1997
ENR,1133968,266064075,1500,266059485,3301251,80.5935,35481760,8513958600,239.9531,1200,26304094,0.625,13306,44,44,9208.0,83364.0,55920.0,9.0534,9.0534,9.0534,12.0,44,100014.0,100015.0,10.8616,1.1997
ENR,1133968,266064075,1500,266059485,3301251,80.5935,35481760,8513958600,239.9531,1200,53226802,0.750,13306,60,60,13287.0,119787.0,75773.0,9.0154,9.0154,9.0154,12.0,60,110815.0,110816.0,8.3401,0.9251
ENR,1133968,266064075,1500,266059485,3301251,80.5935,35481760,8513958600,239.9531,1200,53226802,0.875,13306,60,60,13287.0,119787.0,75773.0,9.0154,9.0154,9.0154,12.0,60,110815.0,110816.0,8.3401,0.9251
ENR,1133968,266064075,1500,266059485,3301251,80.5935,35481760,8513958600,239.9531,1500,42466825,0.125,9906,60,60,9849.0,89910.0,59670.0,9.1288,9.1288,9.1288,12.0,60,100014.0,100015.0,10.1547,1.1124
ENR,1133968,266064075,1500,266059485,3301251,80.5935,35481760,8513958600,239.9531,1500,42466825,0.250,9906,59,59,9849.0,89910.0,59670.0,9.1288,9.1288,9.1288,12.0,59,100014.0,100015.0,10.1547,1.1124
ENR,1133968,266064075,1500,266059485,3301251,80.5935,35481760,8513958600,239.9531,1500,42466825,0.375,9906,59,59,9849.0,89910.0,59670.0,9.1288,9.1288,9.1288,12.0,59,100014.0,100015.0,10.1547,1.1124
ENR,1133968,266064075,1500,266059485,3301251,80.5935,35481760,8513958600,239.9531,1500,42466825,0.500,9906,60,60,9849.0,89910.0,59670.0,9.1288,9.1288,9.1288,12.0,60,100014.0,100015.0,10.1547,1.1124
ENR,1133968,266064075,1500,266059485,3301251,80.5935,35481760,8513958600,239.9531,1500,42466825,0.625,9906,60,60,9849.0,89910.0,59670.0,9.1288,9.1288,9.1288,12.0,60,100014.0,100015.0,10.1547,1.1124
ENR,1133968,266064075,1500,266059485,3301251,80.5935,35481760,8513958600,239.9531,1500,42466825,0.750,9906,60,60,9849.0,89910.0,59670.0,9.1288,9.1288,9.1288,12.0,60,100014.0,100015.0,10.1547,1.1124
ENR,1133968,266064075,1500,266059485,3301251,80.5935,35481760,8513958600,239.9531,1500,42466825,0.875,9906,60,60,9849.0,89910.0,59670.0,9.1288,9.1288,9.1288,12.0,60,100014.0,100015.0,10.1547,1.1124
ACL,65179586,280520976,15,279961056,138194464,2.0258,1626992408,8965472832,5.5105,1,203,0.125,65179586,60,60,1.4,7.6,9.6,4.7333,10.5000,18.0000,12.0,60,1532.0,1533.0,1142.9097,202.0220
ACL,65179586,280520976,15,279961056,138194464,2.0258,1626992408,8965472832,5.5105,1,5118,0.250,65179586,60,60,8.1,49.7,46.5,4.5804,8.4545,11.0000,12.0,60,10280.8,10281.8,1266.2929,206.9259
ACL,65179586,280520976,15,279961056,138194464,2.0258,1626992408,8965472832,5.5105,1,36465,0.375,65179586,60,60,204808.9,1148364.2,978649.7,4.0618,8.0000,10.0000,12.0,60,3477131.4,3477132.4,404.9251,3.0279
AHO,66623880,341164076,18,340940393,150209700,2.2698,1734668648,10912776772,6.2910,1,238,0.125,66623880,60,60,1.6,9.0,10.7,4.8896,9.6667,14.0000,12.0,60,3273.0,3274.0,1476.3211,365.0149
AHO,66623880,341164076,18,340940393,150209700,2.2698,1734668648,10912776772,6.2910,1,4473,0.250,66623880,60,60,2.3,11.3,12.9,4.4051,8.5000,13.0000,12.0,60,1734.2,1735.2,597.3353,153.6913
AHO,66623880,341164076,18,340940393,150209700,2.2698,1734668648,10912776772,6.2910,1,27162,0.375,66623880,60,60,18238.0,110178.5,94423.4,4.1981,7.5000,11.6000,12.0,60,650833.9,650834.9,550.4744,5.9071
AHO,66623880,341164076,18,340940393,150209700,2.2698,1734668648,10912776772,6.2910,1,79778,0.500,66623880,60,60,3070551.1,17229692.4,13624256.2,4.1559,6.3333,8.0000,12.0,60,18814135.6,18814136.6,162.3484,1.0920
ACL,65179586,280520976,15,279961056,138194464,2.0258,1626992408,8965472832,5.5105,1,100008,0.500,65179586,60,60,2851932.3,15222569.9,11997427.8,4.2749,8.0000,11.0000,12.0,60,16140378.0,16140379.0,194.1532,1.0603
AHO,66623880,341164076,18,340940393,150209700,2.2698,1734668648,10912776772,6.2910,1,187187,0.625,66623880,60,60,14364819.0,76317689.4,55481860.1,4.3046,6.0000,7.0000,12.0,60,55201693.7,55201694.7,86.6768,0.7233
AHO,66623880,341164076,18,340940393,150209700,2.2698,1734668648,10912776772,6.2910,1,494603,0.750,66623880,60,60,28631198.1,144970724.3,96002328.2,4.5924,5.0634,6.5000,12.0,60,82109314.8,82109315.8,43.7074,0.5664
EPI,13668320,662349794,151,662349303,20200946,32.7880,270954136,21195183588,78.2242,1,0,0.125,13668320,60,60,5372691.3,11923026.0,10932659.6,3.1081,4.8153,5.3333,12.0,60,14926411.3,14926412.3,208.7430,1.2519
EPI,13668320,662349794,151,662349303,20200946,32.7880,270954136,21195183588,78.2242,1,0,0.250,13668320,60,60,5968287.8,13241593.4,12142146.5,2.9856,4.5696,6.7143,12.0,60,15954633.6,15954634.6,119.6915,1.2049
EPI,13668320,662349794,151,662349303,20200946,32.7880,270954136,21195183588,78.2242,1,0,0.375,13668320,60,60,5670923.8,12584147.7,11538935.9,3.0093,4.6312,5.0575,12.0,60,15615807.5,15615808.5,166.8791,1.2409
EPI,13668320,662349794,151,662349303,20200946,32.7880,270954136,21195183588,78.2242,1,0,0.500,13668320,60,60,4330479.6,9615307.2,8815614.2,3.3067,4.7479,4.9108,12.0,60,12893300.6,12893301.6,203.5114,1.3409
EPI,13668320,662349794,151,662349303,20200946,32.7880,270954136,21195183588,78.2242,1,0,0.625,13668320,60,60,6117394.1,13572150.9,12445364.1,2.8839,4.5704,4.8734,12.0,60,16333651.9,16333652.9,135.3814,1.2035
EPI,13668320,662349794,151,662349303,20200946,32.7880,270954136,21195183588,78.2242,1,0,0.750,13668320,60,60,5820125.1,12914843.3,11842122.7,2.9382,4.5380,4.8855,12.0,60,15930541.3,15930542.3,149.0572,1.2335
EPI,13668320,662349794,151,662349303,20200946,32.7880,270954136,21195183588,78.2242,1,0,0.875,13668320,60,60,6117276.5,13571358.4,12444676.6,2.8139,4.3219,4.4187,12.0,60,16288982.1,16288983.1,131.8062,1.2002
EPI,13668320,662349794,151,662349303,20200946,32.7880,270954136,21195183588,78.2242,31,0,0.125,7474152,39,39,4328032.0,10062181.0,9133865.0,2.3249,2.3249,2.3249,12.0,39,15990649.0,15990650.0,3.6947,1.5892
EPI,13668320,662349794,151,662349303,20200946,32.7880,270954136,21195183588,78.2242,31,0,0.250,7474152,31,31,4328032.0,10062181.0,9133865.0,2.3249,2.3249,2.3249,12.0,31,15990649.0,15990650.0,3.6947,1.5892
EPI,13668320,662349794,151,662349303,20200946,32.7880,270954136,21195183588,78.2242,31,0,0.375,7474152,29,29,4328032.0,10062181.0,9133865.0,2.3249,2.3249,2.3249,12.0,29,15990649.0,15990650.0,3.6947,1.5892
EPI,13668320,662349794,151,662349303,20200946,32.7880,270954136,21195183588,78.2242,31,0,0.500,7474152,26,26,4328032.0,10062181.0,9133865.0,2.3249,2.3249,2.3249,12.0,26,15990649.0,15990650.0,3.6947,1.5892
EPI,13668320,662349794,151,662349303,20200946,32.7880,270954136,21195183588,78.2242,31,172800,0.625,7474152,39,39,4024940.5,9435497.2,8532777.0,2.5259,4.9383,4.9383,12.0,39,15188451.5,15188452.5,4.5136,1.6097
EPI,13668320,662349794,151,662349303,20200946,32.7880,270954136,21195183588,78.2242,31,432000,0.750,7474152,48,48,3486444.5,8772862.5,7554569.7,3.0210,5.0967,5.1720,12.0,48,13957959.3,13957960.3,4.9829,1.5910
EPI,13668320,662349794,151,662349303,20200946,32.7880,270954136,21195183588,78.2242,31,1641600,0.875,7474152,51,51,6551770.0,21373562.0,14792729.5,3.2623,3.2623,3.2623,12.0,51,19826550.0,19826551.0,3.0261,0.9276
EPI,13668320,662349794,151,662349303,20200946,32.7880,270954136,21195183588,78.2242,61,0,0.125,4642407,29,29,2344912.0,5677325.0,5045039.0,2.4211,2.4211,2.4211,12.0,29,12834774.0,12834775.0,5.4735,2.2607
EPI,13668320,662349794,151,662349303,20200946,32.7880,270954136,21195183588,78.2242,61,0,0.250,4642407,33,33,2344912.0,5677325.0,5045039.0,2.4211,2.4211,2.4211,12.0,33,12834774.0,12834775.0,5.4735,2.2607
EPI,13668320,662349794,151,662349303,20200946,32.7880,270954136,21195183588,78.2242,61,0,0.375,4642407,33,33,2344912.0,5677325.0,5045039.0,2.4211,2.4211,2.4211,12.0,33,12834774.0,12834775.0,5.4735,2.2607
EPI,13668320,662349794,151,662349303,20200946,32.7880,270954136,21195183588,78.2242,61,0,0.500,4642407,28,28,2344912.0,5677325.0,5045039.0,2.4211,2.4211,2.4211,12.0,28,12834774.0,12834775.0,5.4735,2.2607
EPI,13668320,662349794,151,662349303,20200946,32.7880,270954136,21195183588,78.2242,61,1209600,0.625,4642407,33,33,1887036.8,5125706.7,4237259.4,3.2967,5.5611,5.5611,12.0,33,11192874.0,11192875.0,6.9746,2.1837
EPI,13668320,662349794,151,662349303,20200946,32.7880,270954136,21195183588,78.2242,61,1900800,0.750,4642407,43,43,3495687.0,12166606.0,8486195.0,3.4805,3.4805,3.4805,12.0,43,15557788.0,15557789.0,4.4506,1.2787
EPI,13668320,662349794,151,662349303,20200946,32.7880,270954136,21195183588,78.2242,61,5097600,0.875,4642407,54,54,4067739.0,15102873.0,9673130.1,3.7128,3.7128,3.7128,12.0,54,16196784.0,16196785.0,3.9818,1.0724
EPI,13668320,662349794,151,662349303,20200946,32.7880,270954136,21195183588,78.2242,91,0,0.125,2691178,31,31,1154114.0,2932867.0,2572795.0,2.5412,2.5412,2.5412,12.0,31,10206383.0,10206384.0,8.8435,3.4800
EPI,13668320,662349794,151,662349303,20200946,32.7880,270954136,21195183588,78.2242,91,0,0.250,2691178,21,21,1154114.0,2932867.0,2572795.0,2.5412,2.5412,2.5412,12.0,21,10206383.0,10206384.0,8.8435,3.4800
EPI,13668320,662349794,151,662349303,20200946,32.7880,270954136,21195183588,78.2242,91,0,0.375,2691178,25,25,1154114.0,2932867.0,2572795.0,2.5412,2.5412,2.5412,12.0,25,10206383.0,10206384.0,8.8435,3.4800
EPI,13668320,662349794,151,662349303,20200946,32.7880,270954136,21195183588,78.2242,91,3456000,0.500,2691178,38,38,1503909.0,5076055.0,3807433.8,3.3752,3.3752,3.3752,12.0,38,11679258.0,11679259.0,7.7659,2.3009
EPI,13668320,662349794,151,662349303,20200946,32.7880,270954136,21195183588,78.2242,91,4233600,0.625,2691178,43,43,1688208.0,6130680.0,4315271.4,3.6315,3.6315,3.6315,12.0,43,12107062.0,12107063.0,7.1715,1.9748
EPI,13668320,662349794,151,662349303,20200946,32.7880,270954136,21195183588,78.2242,91,7171200,0.750,2691178,40,40,2019246.0,7894738.0,5140791.7,3.9097,3.9097,3.9097,12.0,40,12738964.0,12738965.0,6.3088,1.6136
EPI,13668320,662349794,151,662349303,20200946,32.7880,270954136,21195183588,78.2242,91,11574000,0.875,2691178,52,52,2356142.0,9733454.0,6030614.2,4.1311,4.1311,4.1311,12.0,52,13367848.0,13367849.0,5.6736,1.3734
EPI,13668320,662349794,151,662349303,20200946,32.7880,270954136,21195183588,78.2242,121,0,0.125,963205,11,11,160176.0,364046.0,338330.0,2.2728,2.2728,2.2728,12.0,11,723226.0,723227.0,4.5152,1.9866
EPI,13668320,662349794,151,662349303,20200946,32.7880,270954136,21195183588,78.2242,121,12178800,0.250,963205,27,27,492212.0,2126894.0,1504602.8,4.3211,4.3211,4.3211,12.0,27,7343850.0,7343851.0,14.9201,3.4529
EPI,13668320,662349794,151,662349303,20200946,32.7880,270954136,21195183588,78.2242,121,12178800,0.375,963205,30,30,492212.0,2126894.0,1504602.8,4.3211,4.3211,4.3211,12.0,30,7343850.0,7343851.0,14.9201,3.4529
EPI,13668320,662349794,151,662349303,20200946,32.7880,270954136,21195183588,78.2242,121,12178800,0.500,963205,24,24,492212.0,2126894.0,1504602.8,4.3211,4.3211,4.3211,12.0,24,7343850.0,7343851.0,14.9201,3.4529
EPI,13668320,662349794,151,662349303,20200946,32.7880,270954136,21195183588,78.2242,121,13647600,0.625,963205,48,48,607555.0,2721395.0,1831573.7,4.4793,4.4793,4.4793,12.0,48,8092964.0,8092965.0,13.3205,2.9738
EPI,13668320,662349794,151,662349303,20200946,32.7880,270954136,21195183588,78.2242,121,16070400,0.750,963205,47,47,724987.0,3371810.0,2165434.0,4.6509,4.6509,4.6509,12.0,47,8662186.0,8662187.0,11.9481,2.5690
EPI,13668320,662349794,151,662349303,20200946,32.7880,270954136,21195183588,78.2242,121,20473200,0.875,963205,54,54,852098.0,3988967.0,2501735.0,4.6813,4.6813,4.6813,12.0,54,9318650.0,9318651.0,10.9361,2.3361
EPI,13668320,662349794,151,662349303,20200946,32.7880,270954136,21195183588,78.2242,151,20732400,0.125,36190,59,59,35394.0,170122.0,88120.0,4.8065,4.8065,4.8065,12.0,59,100320.0,100321.0,2.8344,0.5897
EPI,13668320,662349794,151,662349303,20200946,32.7880,270954136,21195183588,78.2242,151,20732400,0.250,36190,60,60,35394.0,170122.0,88120.0,4.8065,4.8065,4.8065,12.0,60,100320.0,100321.0,2.8344,0.5897
EPI,13668320,662349794,151,662349303,20200946,32.7880,270954136,21195183588,78.2242,151,20732400,0.375,36190,58,58,35394.0,170122.0,88120.0,4.8065,4.8065,4.8065,12.0,58,100320.0,100321.0,2.8344,0.5897
EPI,13668320,662349794,151,662349303,20200946,32.7880,270954136,21195183588,78.2242,151,20732400,0.500,36190,58,58,35394.0,170122.0,88120.0,4.8065,4.8065,4.8065,12.0,58,100320.0,100321.0,2.8344,0.5897
EPI,13668320,662349794,151,662349303,20200946,32.7880,270954136,21195183588,78.2242,151,20732400,0.625,36190,59,59,35394.0,170122.0,88120.0,4.8065,4.8065,4.8065,12.0,59,100320.0,100321.0,2.8344,0.5897
EPI,13668320,662349794,151,662349303,20200946,32.7880,270954136,21195183588,78.2242,151,20732400,0.750,36190,60,60,35394.0,170122.0,88120.0,4.8065,4.8065,4.8065,12.0,60,100320.0,100321.0,2.8344,0.5897
EPI,13668320,662349794,151,662349303,20200946,32.7880,270954136,21195183588,78.2242,151,20732400,0.875,36190,59,59,35394.0,170122.0,88120.0,4.8065,4.8065,4.8065,12.0,59,100320.0,100321.0,2.8344,0.5897
